Target,Open,Return,Volatility_20,RSI_14,MACD_Signal
0,3163.209961,0.0008887585000000001,0.010631608,51.96724936,0.0
1,3135.379883,0.012292162,0.010631608,51.96724936,0.614724114
0,3174.530029,-0.003394217,0.010631608,51.96724936,1.409290088
0,3171.909912,-0.001853127,0.010631608,51.96724936,2.178218345
0,3155.909912,-0.003839753,0.010631608,51.96724936,2.692438793
1,3152.929932,0.008593334,0.010631608,51.96724936,3.445009052
0,3171.909912,-0.000911336,0.010631608,51.96724936,4.253559064
0,3170.840088,-0.000921567,0.010631608,51.96724936,4.998530202
1,3172.090088,0.007335302,0.010631608,51.96724936,6.023667126
1,3192.060059,0.004763634,0.010631608,51.96724936,7.399284652
1,3207.120117,0.005602573,0.010631608,51.96724936,9.191984903
1,3224.399902,0.000732451,0.010631608,51.96724936,11.16882806
1,3224.959961,0.007195501,0.010631608,51.96724936,13.5021447
0,3246.169922,-0.002263283,0.010631608,77.86992394,15.78853895
1,3244.590088,0.00371597,0.010631608,79.19276717,18.08177311
0,3251.830078,-0.001319151,0.010631608,72.36513335,20.14942219
0,3245.080078,-0.009745013,0.010631608,64.33050238,21.41640511
1,3216.939941,0.002630438,0.010631608,67.89048625,22.20129008
1,3226.97998,0.007653622,0.010631608,75.83896971,22.98601698
1,3249.600098,0.000864739,0.010631608,72.57131167,23.72194729
1,3253.169922,0.00199869,0.005251677,74.69609404,24.43835075
1,3259.060059,0.006152908,0.004780218,78.32789033,25.36914698
0,3276.199951,-0.004184602,0.004827282,70.03416044,26.10881103
1,3265.679932,0.00090965,0.004762365,67.97730698,26.67777961
0,3264.179932,-0.008304919,0.005131218,55.05286548,26.6161281
1,3245.790039,0.007124758,0.005035369,59.53353167,26.47016946
1,3265.72998,0.003771603,0.005029061,57.29727922,26.41508905
1,3281.469971,0.003024903,0.004999199,61.52689924,26.51776218
1,3289.179932,0.005094181,0.004895387,62.41189158,26.92056731
0,3305.459961,-0.00028769,0.00486275,63.44903822,27.41385642
0,3305.26001,-0.004606441,0.004946622,69.10154576,27.63285233
1,3288.629883,0.003042584,0.004966983,69.35726806,27.76500976
0,3297.919922,-0.004434726,0.004899845,59.30008863,27.53927699
0,3282.810059,-8.53e-05,0.004858436,58.5452038,27.03382357
1,3285.290039,0.003482845,0.004850984,59.69064378,26.50028571
1,3295.439941,0.003643861,0.004872819,57.78600959,26.10816747
0,3303.590088,-0.006011683,0.004497395,55.77276028,25.44872579
0,3287.679932,-0.00994118,0.005109884,46.30231248,24.07722346
0,3245.52002,-0.010677343,0.005391279,44.65854007,21.72233831
1,3227.51001,0.008862792,0.005776164,46.02930843,19.2800455
1,3253.23999,0.007672922,0.006016402,48.96258962,17.26447624
0,3270.090088,-0.002008273,0.005867051,45.34113906,15.47786157
1,3269.330078,0.006557782,0.00597343,46.43589362,14.23471397
0,3282.889893,-0.00283306,0.006012739,44.82857963,13.2163885
0,3258.870117,-0.010030753,0.00615296,41.7740597,11.83781705
0,3223.23999,-0.003495668,0.005967555,37.72069408,10.09781212
0,3251.129883,-0.005193813,0.005968913,37.40907101,7.931591414
1,3235.169922,0.010665737,0.006454612,44.67997397,6.140943319
1,3253.439941,0.001295289,0.006335195,43.30027409,4.732736612
0,3265.98999,-0.009055368,0.006602772,36.92662174,3.157094245
1,3244.429932,0.002350448,0.006595554,41.0391162,1.67284429
1,3226.060059,0.001339532,0.006553909,47.03014314,0.388955281
1,3248.48999,0.001788707,0.006525375,55.2021876,-0.610561498
0,3234.370117,-0.012437308,0.007044648,41.1420096,-2.021490304
1,3218.419922,0.0064703,0.007179158,40.13551216,-3.281138562
1,3221.570068,0.004374706,0.00720611,44.52183446,-4.147500954
1,3246.649902,0.013357467,0.007772689,48.93576507,-4.022621453
0,3283.25,-0.001295582,0.007424268,49.85518519,-3.341635026
0,3277.060059,-0.001761156,0.006976191,55.43310309,-2.432227119
0,3258.100098,-0.003039477,0.006759853,55.75533989,-1.580368038
0,3272.439941,-0.005284589,0.006629443,55.65366895,-1.080527602
0,3235.360107,-0.006959144,0.006783214,43.55423378,-1.185153718
0,3213.580078,-0.003800583,0.006595678,40.30979072,-1.855747669
0,3205.75,-0.011560303,0.006991623,39.05701241,-3.433442823
0,3169.73999,-0.008892265,0.006922957,33.17528754,-5.939074291
1,3141.97998,0.005039577,0.007059714,35.9488598,-8.628717113
0,3140.01001,-0.019341946,0.008136944,28.23038326,-12.24784505
0,3111.100098,-0.012047164,0.007885609,28.48816366,-16.82734017
1,3086.810059,0.009704249,0.008334649,30.38478234,-21.25651183
1,3119.699951,0.015562078,0.009097476,36.73574097,-24.54358202
1,3148.129883,0.002711662,0.009105562,30.23235479,-26.75077945
0,3151.300049,-0.005809067,0.009135362,29.02694028,-28.39610538
1,3116.290039,0.00171642,0.009133926,30.58775642,-29.45261677
1,3160.870117,0.003283461,0.008827768,33.48206293,-29.85338652
1,3144.48999,0.01751805,0.009610017,44.36461236,-28.8753287
1,3195.669922,0.002422428,0.00956932,48.18597575,-26.89486045
0,3198.030029,-0.009719279,0.00920847,45.86964851,-24.82591925
1,3189.709961,0.00793802,0.009452167,53.89752107,-22.35118874
1,3196.300049,0.000709146,0.009460013,58.4611544,-19.6646871
0,3200.070068,-0.004966755,0.00949148,54.00084066,-17.19529973
0,3178.73999,-0.007664485,0.009561676,60.20099665,-15.34201846
0,3146.639893,-0.015267212,0.010001181,58.20189578,-14.70752443
1,3121.090088,0.003550923,0.010053537,55.70241979,-14.66022567
1,3117.350098,0.000671868,0.009760746,48.03553873,-14.91652954
1,3137.320068,0.006704255,0.009690956,50.36307755,-14.98112837
1,3147.209961,0.001451277,0.009627877,54.70183306,-14.81512992
0,3165.379883,-0.007391963,0.008674165,49.32548146,-14.85142727
1,3127.75,0.003328953,0.008162171,49.3487764,-14.81252377
0,3123.639893,-0.004117144,0.007998752,35.08880439,-14.90105399
0,3140.72998,-0.00074821,0.007196759,32.59849326,-15.06818851
1,3121.699951,0.002687762,0.007196253,40.05460124,-15.10747023
0,3133.399902,-0.011398875,0.007530533,26.84530726,-15.60001538
0,3055.5,-0.012153285,0.007949238,22.28588239,-16.91596383
1,3054.870117,0.002793887,0.00793554,26.34998622,-18.5040554
0,3056.209961,-0.016175643,0.0073357,23.94270497,-20.92927552
0,2998.169922,-0.018882614,0.008053921,23.20929463,-24.61391691
0,2986.060059,-0.01818257,0.008589851,16.79844034,-29.69798673
1,2936.870117,0.0175875,0.009521958,27.63724831,-34.50892129
0,2977.820068,-0.001067733,0.009484669,23.1634965,-38.86822458
0,2950.219971,-0.013503422,0.009723558,19.92586434,-43.26424663
1,2913.340088,0.009611241,0.010175278,26.71895835,-46.90702583
1,2968.870117,0.015021679,0.010572682,32.44640745,-49.07415241
1,3012.620117,0.008840197,0.01078275,37.3879125,-49.6693959
0,3017.47998,-0.002779423,0.010768686,36.88843362,-49.26870332
1,3022.22998,0.00743681,0.010800646,38.7787739,-47.79574647
0,3043.129883,-0.005252541,0.010794128,40.50015209,-45.87283106
0,3012.280029,-0.001924844,0.010726012,43.61277339,-43.75667179
0,3005.360107,-0.000389105,0.010660954,42.30295855,-41.54926257
1,3001.100098,0.004783554,0.010760941,50.18291806,-39.07624999
1,3039.820068,0.009448654,0.011045937,62.65765894,-36.02199946
0,3045.830078,-0.007736789,0.011097929,68.71640092,-33.05781373
0,3023.169922,-0.005268549,0.010897588,59.01449479,-30.48443342
0,3025.669922,-0.012915591,0.010939071,52.29314222,-28.84157303
1,2984.179932,0.002780512,0.010938798,61.09689724,-27.67054656
1,2995.580078,0.011598102,0.010722618,61.97639868,-26.24235097
0,3020.360107,-0.012536969,0.010206857,47.70705992,-25.2707818
1,3000.919922,0.002523771,0.009227408,43.94768961,-24.45893344
0,3003.530029,-0.004676139,0.00848388,43.03640424,-23.9565699
0,2965.360107,-0.003054646,0.008510758,36.51889045,-23.76462594
1,2958.149902,0.000763465,0.007879929,39.51673028,-23.68708745
0,2947.459961,-0.010899739,0.008011512,35.61307227,-24.14650185
0,2911.409912,-0.001791705,0.007175848,35.07936978,-24.94711057
1,2945.949951,0.015002164,0.007725225,41.4264088,-25.16266275
1,2989.679932,0.010347605,0.008090933,41.84653993,-24.45274322
0,2995.679932,-0.000770143,0.007894706,44.9971711,-23.18109401
0,3004.02002,-0.011607475,0.008220502,42.18381171,-22.12624581
0,2959.26001,-0.005076944,0.008272599,45.80421825,-21.45210602
1,2951.060059,0.008020729,0.008514108,48.64866441,-20.62586815
1,2983.379883,0.014213967,0.009062242,49.96009745,-19.0268457
0,3013.159912,-0.005283306,0.008842545,53.87651329,-17.23790728
0,3006.340088,-0.001014249,0.008692422,52.01721145,-15.43292568
0,2996.73999,-0.004682252,0.008676408,52.00393172,-13.9010151
0,2973.040039,-0.014706747,0.008822521,46.15807928,-13.28816552
0,2906.149902,-0.00923563,0.008991342,42.04683888,-13.68588746
0,2932.709961,-0.024167179,0.009871942,37.75062774,-15.78672983
1,2860.120117,0.021384201,0.010965454,47.05305298,-17.84035234
1,2874.639893,0.01570843,0.011576805,47.25904329,-18.98933788
1,2935.929932,0.007829523,0.011683259,46.30074267,-19.09989245
1,2954.820068,0.001657471,0.011666175,47.17573306,-18.43175617
1,2973.840088,0.006212048,0.01174241,53.59192384,-16.97388905
1,3017.929932,0.003369325,0.011440156,56.753555,-14.89794907
1,3007.0,0.009251122,0.011552226,57.19235003,-12.0664273
0,3008.699951,-0.006383773,0.01125562,49.60691174,-9.190812544
0,3019.669922,-0.002846981,0.011047317,50.57456816,-6.554088346
0,2983.949951,-0.00456746,0.011094645,49.18184012,-4.409113887
1,2979.830078,0.000481916,0.010758159,51.2163719,-2.651779058
1,3013.26001,0.005693476,0.010735558,60.05113296,-0.951943221
1,2985.199951,0.003765311,0.010631608,66.31351402,0.805519907
0,3001.330078,-0.018136142,0.010957817,69.57591297,1.631952768
1,2981.669922,0.004060084,0.010957116,64.04984651,2.019723459
1,2993.5,0.003176422,0.010984169,58.45369637,2.258386713
1,2998.02002,0.004587044,0.010978571,56.70437641,2.604348892
1,3009.47998,0.004756238,0.010418122,58.44831598,3.221002338
0,3013.939941,-0.004275579,0.010209568,51.73009783,3.762161511
1,3006.77002,0.006897682,0.008221974,53.89192676,4.549155081
0,3002.899902,-0.008923116,0.007462509,42.3161524,5.00863821
0,2999.75,-0.005225066,0.006832804,42.98990994,4.977812328
1,2991.969971,0.003892361,0.006668218,47.36195263,4.814853843
0,2984.050049,-0.011798992,0.007194,43.38807876,4.003933167
0,2925.399902,-0.011320339,0.007425772,38.08487808,2.286751636
1,2933.780029,0.011764941,0.007913295,41.58993595,0.634540433
0,2947.370117,-0.009533324,0.007778187,35.91828779,-1.341217883
1,2930.929932,0.000225478,0.007709327,43.38111872,-3.402611326
1,2950.780029,0.015406302,0.008550266,49.5780156,-4.682316599
0,2979.909912,-0.003495362,0.008526523,46.30639049,-5.560083329
0,2937.610107,-0.013561426,0.009018277,38.43188994,-6.768127766
0,2918.550049,-0.01089004,0.009122391,32.37980565,-8.612096966
0,2898.97998,-0.008947824,0.00914615,31.21266974,-11.15094177
0,2840.340088,-0.007666942,0.008470943,25.37771616,-14.31717381
1,2842.280029,0.007177302,0.00861615,31.59538814,-17.35256063
0,2837.48999,-0.009917243,0.008707511,30.49947994,-20.56021036
0,2823.76001,-0.014920858,0.008959466,25.23849835,-24.33553286
0,2786.409912,-0.025648319,0.010030586,23.12821803,-29.35578483
0,2729.75,-0.004098641,0.010031424,24.37850154,-35.00414699
0,2709.23999,-0.034972908,0.011719202,13.99558944,-42.18199935
1,2617.870117,0.01868437,0.013039294,23.30969447,-49.06671556
1,2706.340088,0.016700826,0.013970244,29.56518499,-54.58530644
1,2714.830078,0.015673102,0.01458002,29.21467676,-58.15682733
0,2750.699951,-0.001890713,0.014472878,29.5010974,-60.27114847
1,2767.76001,0.000513618,0.014383214,32.11918964,-61.20142436
1,2772.629883,0.008148688,0.014210963,37.4005009,-60.84424474
1,2787.439941,0.001112315,0.014161405,39.93104895,-59.51102361
0,2739.139893,-0.008737584,0.014205939,39.73514181,-57.88670605
0,2715.100098,-0.015733094,0.013776996,33.63944347,-56.72285787
0,2712.449951,-0.010330985,0.01383071,33.67077923,-56.22511641
1,2719.610107,0.01985395,0.014719749,43.69076355,-55.1950058
1,2735.110107,0.005279064,0.014728742,52.7136819,-53.5295104
1,2714.52002,0.000156675,0.014661525,54.14124011,-51.42421227
0,2706.649902,-0.00026233,0.014607239,69.47853167,-49.04789804
0,2705.080078,-0.013488596,0.014676763,56.78715448,-47.1049695
1,2727.429932,0.004706678,0.014666118,52.03051444,-45.22490937
0,2689.280029,-0.026008163,0.0153932,33.97863921,-44.50818863
1,2678.469971,0.010555708,0.014622879,39.93810878,-44.01067014
1,2663.0,0.008375768,0.014739535,43.43940476,-43.21861815
1,2698.310059,0.001607928,0.0121563,40.45913063,-42.11573139
1,2729.860107,0.016112349,0.011983928,46.75462152,-40.084869
0,2736.580078,-0.012249423,0.011818714,45.63066856,-38.02433754
0,2680.169922,-0.022893487,0.012315072,43.53431282,-36.95764769
0,2617.330078,-0.010904102,0.01248332,43.43182914,-36.94680684
1,2660.860107,0.022086702,0.013596816,44.08042134,-36.59002832
0,2665.949951,-0.007103644,0.013472714,40.17791471,-36.25550232
0,2654.929932,-0.005873161,0.013479089,38.68116695,-36.1191961
0,2630.310059,-0.009116805,0.013488986,36.71412412,-36.41677113
1,2649.850098,0.014380896,0.013583573,44.83985501,-36.28621324
1,2703.27002,0.013267009,0.013733585,47.41197398,-35.24857813
1,2695.639893,0.004642777,0.013012833,56.84682424,-33.41687059
0,2717.810059,-0.007746515,0.01303986,51.11079584,-31.44187479
1,2686.679932,0.00891642,0.013227435,51.28902276,-29.02683137
1,2727.120117,0.00924356,0.013409399,53.57961906,-25.99675826
0,2716.25,-0.001970763,0.013044182,47.83460803,-22.76678251
1,2740.830078,0.000117256,0.013005326,52.24309871,-19.52383573
0,2721.219971,-0.000153819,0.011412926,62.73556941,-16.40496041
1,2745.620117,0.0042168,0.011237181,70.47376592,-13.30632157
1,2758.310059,0.002068507,0.011113855,63.97960631,-10.26201425
1,2743.23999,0.003971949,0.011134524,71.00202715,-7.213898012
0,2745.850098,-0.006454701,0.010665551,70.33686403,-4.590725258
1,2729.860107,0.00658788,0.010361032,80.23326178,-2.072972616
1,2765.5,0.000471391,0.00869721,76.42895408,0.272186232
0,2739.070068,-0.008759757,0.008539435,61.38077919,1.999992177
0,2714.699951,-0.014321569,0.007957416,47.27380729,2.620787226
1,2706.639893,0.001680275,0.007766711,53.80894079,2.581482963
0,2687.540039,-0.002699534,0.007655633,45.07518626,2.00831349
0,2674.169922,-0.009780583,0.007703239,30.24805387,0.705756067
1,2677.530029,0.01864809,0.008133416,46.96837543,-0.193881147
1,2719.340088,8.1e-05,0.007617582,46.9439253,-0.789863913
0,2695.52002,-0.00760107,0.00775218,42.94258029,-1.491936423
0,2685.040039,-0.001057134,0.007549626,39.53552429,-2.265771348
1,2707.76001,0.009535065,0.007588138,44.40061651,-2.629147395
0,2718.48999,-7.35e-05,0.00728408,41.81441213,-2.713404744
1,2725.709961,0.003501694,0.007320525,47.46622196,-2.460228239
0,2704.719971,-0.008613707,0.007569774,38.69018202,-2.378148081
0,2676.669922,-0.017591564,0.008497247,31.86578008,-3.161302653
1,2674.0,0.004207614,0.008496932,37.57263337,-4.26013691
0,2630.580078,-0.010961994,0.008721438,39.01437061,-5.956187325
1,2656.540039,0.010772749,0.009087372,44.17535737,-7.470493181
1,2669.179932,0.010331832,0.009387575,50.32210347,-8.33477125
0,2669.209961,-0.002820021,0.00923202,53.64323423,-8.8485761
0,2690.159912,-0.002600975,0.009226685,42.53140445,-9.207130144
0,2690.449951,-0.001078133,0.009063012,41.97558795,-9.474701631
0,2650.889893,-0.012347038,0.008917587,39.94303487,-10.17707964
0,2590.129883,-0.018131885,0.009691502,33.9659812,-11.85698398
0,2586.52002,-0.001652201,0.00969011,27.3893281,-14.10294013
0,2569.5,-0.016275288,0.010077198,23.81755015,-17.22692227
1,2570.01001,0.021238514,0.010363881,33.09331918,-19.83411638
0,2624.689941,-0.002941323,0.010352296,34.58766345,-22.05772781
1,2603.580078,0.009188957,0.010571767,44.39111488,-23.49340745
1,2634.75,0.002114164,0.01060124,43.41534404,-24.21803169
0,2576.23999,-0.012810415,0.010587683,42.83039241,-24.94050123
1,2605.780029,0.018111031,0.011520466,45.9052123,-24.8178437
1,2651.629883,0.003065159,0.011510979,42.66317969,-23.98627319
0,2638.939941,-0.015679565,0.011850826,38.630909,-23.36155656
1,2621.75,0.004355495,0.011309372,41.29258977,-22.66491461
0,2616.98999,-0.001822552,0.011250508,41.07990139,-21.98415533
1,2640.75,0.009799268,0.011241079,49.09665825,-20.8904966
1,2662.310059,0.011982283,0.011304188,60.7115745,-19.0434413
1,2666.879883,0.006083168,0.011141413,63.25567891,-16.51849391
0,2670.73999,-0.010018956,0.01134813,66.11623036,-14.09270175
1,2679.570068,0.004385091,0.01138831,61.2410975,-11.63807499
0,2659.27002,-0.016591398,0.011975719,54.4814052,-9.974462538
0,2633.530029,-7.24e-05,0.011668275,50.92583209,-8.874152325
0,2618.919922,-0.000270343,0.010878225,49.91104291,-8.175690146
0,2596.370117,-0.011262807,0.011192011,50.58938143,-8.218848294
0,2550.209961,-0.035194406,0.013334229,30.4029949,-10.16344201
0,2472.959961,-0.004607703,0.012309183,27.77183039,-13.35882994
0,2490.01001,-0.01828746,0.012837072,27.4493634,-17.86759967
1,2481.659912,0.001646671,0.012571586,25.90599351,-22.85819388
0,2409.719971,-0.004275083,0.012506947,25.48311674,-28.00427467
0,2449.889893,-0.020442988,0.012922254,16.98472635,-33.71034176
1,2402.98999,0.007486272,0.012173883,13.82665518,-39.10586077
0,2417.110107,-0.027447819,0.013081222,8.187262566,-44.98966604
0,2347.840088,-0.012160606,0.012965881,8.155851793,-51.22308148
1,2327.110107,0.022589801,0.01427471,16.40108864,-56.39801477
1,2383.199951,0.014924289,0.014940836,24.69781056,-59.94618375
1,2405.199951,0.008397518,0.014875647,27.9851617,-61.83029479
0,2387.100098,-0.018207456,0.014681985,25.58942264,-63.1353059
0,2368.570068,-0.019070769,0.014698073,24.81677662,-64.58857374
0,2342.919922,-0.01166917,0.014720823,28.28850224,-66.34565163
0,2310.72998,-0.002203431,0.014522215,28.69278871,-68.13087348
1,2322.110107,0.018014702,0.015393593,38.21113482,-69.02371703
0,2330.110107,-0.021253072,0.015720125,33.8539745,-69.94716339
1,2308.969971,0.018437969,0.016645174,39.84964013,-70.00772492
1,2352.48999,0.007000085,0.016831886,45.89094678,-69.10401388
0,2357.429932,-0.004398895,0.015185089,42.9111353,-67.65075755
0,2330.879883,-0.009618552,0.015248352,47.15773261,-66.13418327
1,2324.449951,0.004681286,0.014939678,51.68900903,-64.3335837
0,2316.409912,-0.002701199,0.014907978,44.12794451,-62.40307764
1,2335.120117,0.003728992,0.014970697,39.87672437,-60.21195594
1,2350.47998,0.01899202,0.01502573,43.74598646,-57.12881011
0,2367.52002,-0.001801928,0.014915343,48.9511719,-53.58626167
1,2406.290039,0.006697734,0.013557131,58.8813808,-49.56598275
1,2387.909912,0.009346969,0.013309413,67.2738744,-44.98811032
0,2405.370117,-0.006649629,0.012535442,64.90902587,-40.45378177
1,2385.649902,0.004408455,0.012121521,61.04231458,-35.92392045
1,2397.27002,0.003856579,0.011999766,75.21573378,-31.4045463
1,2412.52002,0.00106511,0.011210482,70.30075326,-27.01607711
1,2437.570068,0.008172115,0.010267175,70.79684443,-22.56319229
1,2453.530029,0.006664551,0.009768902,76.55538536,-17.99299466
1,2444.050049,0.000305935,0.00971347,85.83147846,-13.53586944
0,2451.0,-0.005150324,0.009237423,79.29797793,-9.553917121
1,2438.560059,0.008948046,0.007499379,83.9358152,-5.70847692
1,2478.439941,0.004737109,0.006667041,84.16754018,-1.951142446
1,2481.429932,0.007152913,0.006672021,81.84777708,1.840683115
1,2481.169922,0.000923418,0.006468185,84.03281878,5.487853907
1,2493.570068,0.004155414,0.005720596,83.52598641,9.005944811
0,2493.699951,-0.009019548,0.006400901,70.58789725,11.87792847
1,2507.73999,0.017292311,0.006957191,82.48783911,14.85176509
1,2519.659912,0.001648286,0.006979497,81.91299375,17.76606652
1,2543.050049,0.002207362,0.006058421,81.56353307,20.53881438
0,2536.570068,-0.006729787,0.006367799,74.56438251,22.7586515
0,2499.300049,-0.003345926,0.006455482,68.74422313,24.32936085
0,2510.719971,-0.006124323,0.006519416,60.65606076,25.11035722
0,2467.379883,-0.012111391,0.006991703,52.30119927,24.81654121
0,2449.310059,-0.011029406,0.0074858,49.09795366,23.3745735
1,2446.179932,0.004972555,0.007514826,46.92334766,21.42848728
1,2459.790039,0.012180048,0.007936078,50.84460937,19.69520862
1,2489.139893,0.001521851,0.00777048,47.89212092,18.20143405
0,2432.060059,-0.021821637,0.009182735,38.32642467,16.03082312
1,2441.209961,0.009905698,0.009470929,41.16460075,13.89677858
1,2433.469971,0.008617185,0.009576629,48.5075175,12.20280884
0,2443.0,-0.022831229,0.010730277,32.51658514,9.945191197
0,2427.699951,-0.00256672,0.010651245,30.96761548,7.331050408
0,2410.070068,-0.002378168,0.010465652,29.16158922,4.522357962
1,2409.719971,0.002637659,0.010495865,32.30731025,1.829805635
0,2395.659912,-0.01392522,0.010747002,29.81564214,-1.188405903
1,2393.27002,0.003290638,0.010711079,32.97745672,-4.125041449
1,2418.590088,0.02737095,0.011808434,48.16691046,-5.806016311
0,2390.469971,-0.015562153,0.012195488,46.71841622,-7.206799022
0,2416.01001,-0.003976845,0.012152022,43.69787974,-8.495105981
0,2387.560059,-0.007931472,0.012176423,36.54823711,-9.929950476
0,2388.72998,-0.011381712,0.012331755,33.26304138,-11.7914782
1,2373.639893,0.00517485,0.012445137,41.12399257,-13.6014959
0,2351.540039,-0.008716826,0.012328726,34.24574936,-15.58264476
0,2319.699951,-0.006347921,0.012197998,28.36578985,-17.76940346
0,2331.330078,-0.018140838,0.012586417,29.66360494,-20.60493312
0,2260.800049,-0.030157231,0.013427461,24.64693306,-24.7533068
1,2224.389893,0.001314833,0.013421882,25.62630052,-29.40407373
0,2206.149902,-0.024538445,0.013615844,21.14316418,-34.92954587
1,2197.75,0.000755958,0.013217964,23.32100136,-40.60783688
0,2161.110107,-0.007112133,0.012760696,20.87781363,-46.23802817
1,2189.51001,0.025001226,0.013975362,18.51931028,-50.57775998
1,2248.850098,0.002643315,0.014060776,21.90403738,-53.67270874
1,2230.429932,0.010220266,0.014421673,27.36538792,-55.34166814
0,2217.840088,-0.002243223,0.014352224,28.46808326,-55.98331207
0,2193.02002,-0.018259265,0.014549514,27.39413707,-56.47028307
1,2191.350098,0.004744329,0.014591413,27.03310787,-56.54014869
0,2198.290039,-0.017979747,0.012947855,25.6807594,-56.84784437
1,2200.659912,0.022969448,0.01425183,35.52854158,-56.36629537
1,2187.169922,0.003236045,0.014351306,40.71784317,-55.17260429
1,2249.149902,0.013623397,0.014831194,54.26856561,-52.9869207
0,2249.350098,-0.005560128,0.014710058,51.94330957,-50.37287456
0,2225.530029,-0.008648211,0.014652551,57.76627018,-47.82127733
0,2210.590088,-0.002240653,0.014596421,56.64392446,-45.41287942
1,2248.26001,0.010410549,0.014866351,62.40658192,-42.74939667
0,2237.040039,-0.000487373,0.014369886,54.71709616,-39.98560914
1,2240.699951,0.006483014,0.0126673,56.11122263,-36.9815202
1,2266.070068,0.017434507,0.013204002,58.55684653,-33.27427421
0,2276.72998,-0.008904362,0.011958092,55.68231205,-29.56995719
1,2293.75,0.011113651,0.012111772,67.07477285,-25.5920524
1,2301.580078,0.018141646,0.012332873,70.20244654,-20.9290059
1,2326.050049,0.000706634,0.011341472,79.93809943,-16.0069419
0,2297.449951,-0.003295089,0.011423515,73.45344956,-11.26692252
1,2325.850098,0.008269045,0.011363301,74.6854835,-6.556523049
1,2360.219971,0.009947117,0.01142563,73.99937868,-1.723975162
1,2387.199951,0.011489213,0.010378347,80.08415568,3.370489961
1,2408.540039,0.01057501,0.010465152,87.56732535,8.759138932
0,2405.77002,-0.00914859,0.009586711,82.40290348,13.67586305
1,2466.899902,0.033689502,0.010793531,85.31596541,19.29907075
0,2485.179932,-0.003427089,0.010977306,83.54328959,24.8905521
1,2482.76001,0.002295345,0.01082773,83.12705021,30.2029266
0,2487.0,-0.001161187,0.010647006,80.2384038,34.94708954
0,2466.5,-0.013945811,0.011070987,76.75226369,38.4555343
1,2448.129883,0.000646804,0.010992436,74.9363037,40.94309764
0,2446.050049,-0.010218934,0.011419996,64.74042394,42.16853152
0,2405.959961,-0.005881372,0.011593202,61.45878835,42.21550619
1,2424.360107,0.005296699,0.011581243,64.63591704,41.62842439
1,2437.51001,0.009644323,0.011225686,65.10275313,40.95188255
0,2442.209961,-0.001421344,0.010918272,61.48364971,40.10603535
0,2425.050049,-0.01213773,0.011314852,51.59131968,38.6349092
1,2405.540039,0.010430671,0.010884843,51.54955353,37.16170531
1,2424.439941,0.016084614,0.011310925,61.4599543,36.3041859
1,2501.429932,0.00295651,0.011218844,49.28789878,35.91140131
0,2471.5,-0.018351994,0.012136454,42.53614647,35.02255894
0,2442.169922,-0.006165971,0.012104167,39.08314818,33.55009232
0,2397.699951,-0.01081302,0.012119551,36.07744806,31.29517299
0,2385.870117,-0.004324765,0.011885939,39.21227443,28.43158017
0,2386.899902,-0.004922751,0.011766545,37.28610431,25.08465055
1,2382.72998,0.007574591,0.00895455,44.592397,21.83959407
0,2373.580078,-0.00670563,0.009013742,44.31076809,18.523134
0,2385.050049,-0.00026132,0.008966247,41.59447559,15.2836623
1,2380.810059,0.011317695,0.009459927,42.34463192,12.65580694
0,2383.830078,-0.015954998,0.00961089,37.58436304,9.909476723
0,2329.75,-0.000402356,0.009600233,41.41490402,7.195114306
0,2350.780029,-0.003326284,0.009399653,34.60229329,4.501437207
0,2344.72998,-0.008026581,0.00946611,21.40630405,1.65045508
0,2346.389893,-0.001860072,0.009329742,18.63124664,-1.222674885
1,2340.0,0.011928135,0.009488329,32.58371433,-3.5130716
0,2325.860107,-0.018262609,0.010192311,28.94222729,-5.996827707
1,2312.540039,0.001491104,0.009971303,33.33625888,-8.402865197
1,2327.52002,0.006754079,0.009765733,39.2845039,-10.36522093
0,2296.449951,-0.02243669,0.009826069,33.46228929,-12.75804669
0,2265.72998,-0.019316385,0.010258236,24.56850405,-15.96896149
0,2249.949951,-0.004797881,0.009764961,25.00935784,-19.65911126
0,2230.97998,-0.003140623,0.009760691,24.48041763,-23.5229066
1,2205.97998,0.016811821,0.010688006,27.01282789,-26.64427912
1,2268.199951,0.003843085,0.010788038,32.92320078,-28.93763667
1,2253.399902,0.011180566,0.01119042,38.56849738,-30.12186724
1,2315.870117,0.026297275,0.012655904,49.72405242,-29.51941089
1,2348.040039,0.000476607,0.012581192,52.64222782,-27.74352404
1,2364.050049,0.003495911,0.012612224,54.43343268,-25.13087067
1,2376.719971,0.002360669,0.012338224,51.29700724,-21.98456233
1,2377.340088,0.008874885,0.011957084,62.04179021,-18.28371378
1,2390.060059,0.005770955,0.01201097,63.30161776,-14.16792987
0,2400.919922,-0.008529753,0.012162666,57.37898721,-10.30212744
0,2380.360107,-0.004652379,0.012059052,66.00605526,-6.948792274
1,2354.560059,0.005075336,0.01207965,79.68325988,-3.884838926
1,2380.0,0.006267979,0.011879995,84.37867163,-0.915989023
1,2426.580078,0.013906657,0.011305119,88.44561152,2.371150121
1,2436.179932,0.01650347,0.011722347,88.56208919,6.319515541
1,2474.52002,0.006226123,0.011714536,88.83341574,10.70616273
0,2484.639893,-0.013506352,0.010799854,77.60766185,14.5778882
0,2449.919922,-0.010361234,0.009932992,64.63554976,17.48560161
1,2446.030029,0.010193466,0.009792777,67.6221162,19.99120325
1,2481.939941,0.007788323,0.009629454,68.83330292,22.37226487
1,2466.540039,0.004666092,0.009252871,69.45924119,24.6832523
0,2461.820068,-0.017017401,0.010472228,58.20522502,26.0994794
1,2440.139893,0.005545105,0.01033732,58.17228771,27.03686512
1,2469.419922,0.013023535,0.009189109,65.858434,28.07278396
0,2470.659912,-0.000853535,0.009211308,67.70190272,29.01835198
0,2470.649902,-0.004751136,0.009357495,63.9886117,29.60347974
0,2461.959961,-0.006895503,0.00958083,58.92979412,29.59284067
1,2471.330078,0.005275795,0.009475816,56.15267789,29.34834535
0,2473.090088,-0.015306367,0.010151146,43.18355939,28.30108
1,2444.060059,0.019597216,0.010734897,48.71042996,27.50016179
0,2447.659912,-0.009804167,0.01096417,50.11496258,26.44574224
1,2453.25,0.001595194,0.010935913,55.00067465,25.28981643
1,2457.51001,0.001564015,0.010879932,51.63874351,24.13448587
0,2430.870117,-0.016787597,0.011188361,41.51419339,22.3264866
1,2430.01001,0.008855662,0.010716343,43.37070235,20.4948855
0,2442.48999,-0.006346621,0.010664552,47.44069838,18.45082075
0,2405.419922,-0.00865247,0.010418613,41.60593575,16.00412046
1,2417.580078,0.004249578,0.010234247,36.91842235,13.55973733
1,2414.610107,0.006216714,0.010059914,40.53275843,11.453356
1,2438.72998,0.001738151,0.00989,43.1745998,9.710470291
1,2452.459961,0.012561336,0.01026307,51.71391573,8.75205761
1,2457.040039,0.000296424,0.009470422,49.58696393,8.327277702
0,2435.580078,-0.012763182,0.009842163,50.74015226,7.738646795
0,2440.790039,-0.005271505,0.009374141,38.05959733,6.856003511
0,2389.820068,-0.010127775,0.009579587,38.02256508,5.428839175
1,2400.449951,0.006685908,0.009732046,41.04082367,3.978250838
0,2390.360107,-0.025566301,0.011141217,32.04249352,1.59668311
1,2380.090088,0.013090844,0.011540177,43.5817884,-0.756599623
0,2357.97998,-0.000760618,0.011084019,38.92147588,-2.995944883
1,2403.699951,0.007477167,0.01021109,44.98597435,-4.755987815
0,2391.870117,-0.00688319,0.010107088,45.72170829,-6.375597281
1,2396.540039,0.003845892,0.010155491,45.51085336,-7.661766648
1,2411.25,0.011978924,0.010568252,48.0993878,-8.19760272
1,2398.27002,0.003111355,0.00989295,48.69041712,-8.096393495
0,2421.27002,-0.003926623,0.009713625,41.13333249,-7.734635205
0,2423.939941,-0.002376847,0.009627349,40.11395061,-7.302483171
1,2418.689941,0.010675642,0.009709285,50.56519842,-6.421872878
1,2432.629883,0.003687968,0.009699252,54.69887868,-5.148433592
1,2452.969971,0.003780807,0.009641123,61.76336177,-3.536379526
1,2459.939941,0.009661089,0.009852136,62.90911616,-1.410411916
0,2485.810059,-0.001824899,0.009480204,80.9151376,0.857320355
1,2475.870117,0.00330453,0.009505604,78.47977616,3.223422021
1,2482.610107,0.005926181,0.009049801,80.89443598,5.754327065
0,2488.0,-0.01441962,0.009620646,65.27110823,7.668698598
1,2478.639893,0.012678738,0.009597878,74.96519793,9.576263435
1,2491.679932,0.008701445,0.009659671,76.29755164,11.70347287
1,2523.330078,0.014243188,0.007458182,76.9986092,14.40101433
1,2546.360107,0.001091027,0.007176889,76.5398747,17.32614631
1,2534.709961,0.004320492,0.00710888,80.66727843,20.37691554
1,2580.100098,0.003837386,0.007054855,83.35183264,23.45689544
1,2570.300049,0.001718817,0.006633645,81.75428871,26.41078066
0,2582.22998,-0.001871115,0.006761394,79.1929375,28.99369164
1,2570.060059,0.001551867,0.006489746,78.67902532,31.20625816
0,2566.060059,-0.004648388,0.006721816,71.47342931,32.80861429
0,2556.699951,-0.007299805,0.006939437,66.75655514,33.57121635
0,2538.360107,-0.008214079,0.007277378,59.43798821,33.35753864
0,2531.350098,-0.013663555,0.007833854,48.74965726,31.9170125
0,2489.48999,-0.00168337,0.007832628,55.9330972,29.64344289
1,2484.310059,0.004418805,0.007846472,51.38083056,27.07453782
1,2511.790039,0.002291829,0.007582932,47.06273391,24.4847389
1,2504.01001,0.009138353,0.007797235,42.95905244,22.32651576
0,2510.189941,-0.009107147,0.008098555,36.82574769,20.13425506
0,2494.820068,-0.000183881,0.00799513,32.78127401,17.98235375
1,2518.530029,0.004906163,0.007269983,33.69876222,16.12333074
0,2512.340088,-0.001253338,0.006757144,31.44964835,14.45832803
0,2505.959961,-0.005398297,0.006581132,29.97524765,12.75307912
0,2505.570068,-0.002207085,0.005639354,27.60727819,10.9950208
0,2487.350098,-0.006254548,0.005726608,27.0864247,9.022391957
1,2469.800049,0.00158768,0.005612438,31.57958049,7.060822741
1,2494.399902,0.000358922,0.005486875,36.18419103,5.207118856
1,2479.649902,0.005813922,0.005696606,52.06589841,3.736390445
1,2511.090088,0.008313755,0.006108668,59.98688769,2.905180097
1,2530.830078,0.008901223,0.006482632,62.76297897,2.868980763
1,2540.030029,0.007601117,0.006666728,65.6013143,3.634198879
1,2565.800049,0.004094502,0.006503656,63.02829046,5.020375122
0,2557.110107,-3.9e-05,0.006176444,73.13482867,6.710050789
0,2570.639893,-0.004969916,0.005337878,67.3330856,8.282506359
1,2561.939941,0.001612766,0.005291487,65.52075439,9.745916479
1,2582.409912,0.01043843,0.00562455,72.13415525,11.46819356
0,2586.030029,-0.003248825,0.005732931,74.38145297,13.10228496
0,2572.560059,-0.003084915,0.005525589,73.2994618,14.43873802
1,2586.27002,0.012529411,0.005573151,84.15593909,15.99924488
1,2617.429932,0.005400946,0.005599539,84.98037261,17.80607087
1,2623.459961,7.27e-05,0.005582915,84.92613941,19.63501878
0,2609.209961,-0.001816027,0.005601577,81.55445375,21.26142016
1,2624.149902,0.011609175,0.005707684,82.4658553,23.11072696
0,2647.48999,-0.00447145,0.005834181,75.00273341,24.76171012
1,2644.429932,0.003270715,0.005438164,73.4527911,26.2826093
0,2640.810059,-0.007153234,0.005906368,64.24978767,27.28128513
0,2629.23999,-0.004024329,0.006078704,60.74252035,27.6699495
1,2623.570068,0.006612894,0.006103764,68.16189585,27.86804434
0,2618.060059,-0.006203862,0.006248461,62.19037621,27.61289447
0,2602.830078,-0.001758991,0.00606873,55.21823402,26.95086743
0,2599.189941,-0.00855309,0.006263239,51.37971848,25.65163087
1,2575.649902,0.004286355,0.006269144,56.04814195,24.13926309
0,2599.040039,-0.009098914,0.006630752,41.95157152,22.14104945
1,2568.649902,0.004707931,0.006597148,41.36279706,20.08564888
0,2581.02002,-0.000313709,0.006594668,41.13125053,18.04344886
0,2590.52002,-0.006663058,0.00633948,38.63717437,15.80103835
0,2564.02002,-0.005526081,0.006413607,25.91178752,13.28860406
1,2558.429932,0.005592117,0.00652328,33.02191957,10.93585277
1,2580.889893,0.014893046,0.006775286,41.98082806,9.390895976
0,2604.719971,-0.003519699,0.006696475,43.90807808,8.26569352
0,2593.469971,-0.005518067,0.006791236,43.13915168,7.215422107
0,2574.75,-0.008805724,0.007029451,34.2574794,5.888403414
0,2547.409912,-0.011571487,0.006748358,32.31207216,3.972135666
0,2528.080078,-0.002378591,0.006727542,32.11720838,1.682052453
1,2538.840088,0.016578744,0.007835704,46.05037752,-0.059379179
1,2557.610107,0.004772694,0.007831197,46.29470405,-1.170380371
1,2589.889893,0.006412352,0.007954458,54.24244088,-1.561924363
1,2607.469971,0.014305974,0.008468808,58.41242658,-0.887009904
0,2617.669922,-0.003538427,0.008385187,56.65689205,0.274604746
0,2624.590088,-0.004345125,0.008436715,57.8487346,1.498194625
1,2622.23999,0.000237716,0.008188057,61.0633929,2.702961797
0,2595.379883,-0.00307104,0.008174284,56.99769707,3.698819751
1,2581.060059,0.003665072,0.007907306,51.59722193,4.655148627
1,2608.469971,0.00719224,0.007990769,57.40475161,5.825423778
1,2643.350098,0.003016869,0.007999024,62.41357922,7.181688659
0,2638.76001,-0.016726919,0.008801503,57.13326979,7.863474727
1,2599.820068,0.004416806,0.00872009,66.425265,8.251525023
1,2593.669922,0.001732081,0.008657049,68.78649813,8.488272868
1,2628.870117,0.00930101,0.008268502,66.24940711,8.98548435
1,2644.340088,0.013101212,0.008654999,69.40701445,10.14967266
0,2651.530029,-0.018972167,0.009702063,54.63936679,10.84045229
0,2624.76001,-0.004234743,0.009516068,45.34402791,10.99681296
0,2606.169922,-0.000994033,0.009061668,46.61541459,10.74363008
0,2591.580078,-0.008487048,0.009300465,44.61860989,9.870104162
0,2598.290039,-0.002607802,0.008604172,43.3122464,8.523682035
1,2580.600098,0.012098049,0.008952085,50.87552125,7.428834901
0,2592.399902,-0.001366562,0.008854877,48.49982625,6.47533332
0,2611.25,-0.003959182,0.008254039,42.96340888,5.481318665
0,2586.51001,-0.007868717,0.008389112,38.17306168,4.176217229
0,2550.129883,-0.017593353,0.009175045,38.01808122,2.013407938
0,2512.919922,-0.002292407,0.009165861,34.60920172,-0.670579743
0,2495.179932,-0.006091671,0.009214406,31.69606078,-3.783906329
1,2511.699951,0.001716929,0.009163091,26.52483491,-6.925899443
1,2528.389893,0.002766239,0.008983052,17.95081001,-9.794643473
0,2510.0,-0.004070369,0.008906406,21.65231611,-12.48278506
1,2531.780029,0.012843716,0.00886313,34.38640028,-14.3749489
0,2505.389893,-0.007305901,0.008870336,32.03023069,-15.93205103
1,2519.139893,0.009634248,0.00919611,42.06247526,-16.77399076
1,2550.76001,0.003440263,0.008934005,45.39622591,-16.94571222
1,2575.419922,0.003549957,0.008353305,39.78591983,-16.50518128
0,2564.449951,-0.001932654,0.007318091,39.53025316,-15.74535068
1,2551.929932,0.002910468,0.007334341,43.54587976,-14.67063407
1,2566.929932,0.008128879,0.007598973,53.19803711,-13.08896265
0,2578.909912,-0.000917033,0.007354906,66.53023992,-11.28043705
0,2577.409912,-0.0072961,0.007517566,61.8134335,-9.699397851
0,2554.870117,-0.00588298,0.007035522,61.90424324,-8.562310356
0,2546.070068,-0.000227637,0.007037887,60.79516491,-7.752830765
1,2549.879883,0.003611109,0.007076055,61.28108828,-7.026673601
0,2566.419922,-0.007939288,0.007079898,58.07694748,-6.698663997
0,2536.219971,-0.000741205,0.005832022,49.08082089,-6.652129093
1,2544.889893,0.015066849,0.006663143,64.78679505,-6.159996755
1,2574.97998,0.011034338,0.006791877,65.56735372,-4.94738304
0,2588.689941,-0.01021038,0.007316482,55.53810858,-3.759226907
0,2579.360107,-0.00602396,0.007486563,49.52172261,-2.887570528
1,2556.550049,0.000207107,0.007398686,50.84341239,-2.244946067
0,2544.810059,-0.017490065,0.007971786,39.97285767,-2.488724639
0,2491.449951,-0.002719749,0.007827642,33.31730887,-3.378761483
0,2504.100098,-0.004931911,0.007538515,31.92354674,-4.81685651
0,2493.639893,-0.013138298,0.007938864,30.16324278,-7.035243803
1,2447.98999,0.000852669,0.00786638,32.66950265,-9.576871068
0,2435.780029,-0.024088616,0.009334248,26.2407807,-13.1134102
0,2423.350098,-0.000868709,0.009245514,23.72648568,-17.09160372
1,2408.810059,0.00213425,0.008952717,26.88316435,-21.01727466
0,2436.580078,-0.002553172,0.0089351,26.47438567,-24.7544508
1,2436.52002,0.019770413,0.010270767,28.83393041,-27.36331793
1,2465.189941,0.012138375,0.010711752,29.16352549,-28.591371
0,2460.850098,-0.009545114,0.010863146,29.45558439,-29.20205815
0,2442.429932,-0.008106147,0.010871352,29.01321244,-29.6448727
1,2454.139893,0.009822485,0.011115583,34.26366149,-29.50990014
1,2452.050049,0.000987808,0.011128746,40.44450107,-28.91382623
0,2431.919922,-0.019004323,0.011099638,35.29732844,-28.74075709
0,2391.540039,-0.016888835,0.010990127,32.36669131,-29.42732667
0,2370.070068,-0.007570518,0.010933251,33.82987143,-30.83649929
1,2371.550049,0.011238763,0.011463598,38.4147644,-32.1317994
0,2389.22998,-0.00853367,0.011479945,43.20679562,-33.539104
0,2325.820068,-0.027120286,0.012279776,36.06250928,-35.88891124
1,2311.590088,0.00162238,0.012350847,35.82290592,-38.56497235
1,2292.340088,0.003361107,0.012465912,37.73424052,-41.09385512
0,2318.389893,-0.014091908,0.012505968,26.11254686,-43.82373665
1,2292.889893,0.010346871,0.012867903,24.8248973,-46.06056558
1,2334.959961,0.018057343,0.012716745,34.80497248,-47.10305262
1,2365.590088,0.010763414,0.012998507,41.00044267,-46.83257311
1,2399.800049,0.056592391,0.018026737,54.32964322,-43.50821884
0,2476.350098,-0.023341933,0.018895496,48.28460889,-39.27675909
0,2460.219971,-0.009140839,0.018485494,50.5608514,-34.96546278
1,2425.929932,0.002254673,0.01826094,55.38551415,-30.66332788
0,2406.399902,-0.007177417,0.018210069,55.44971325,-26.80050086
0,2431.23999,-0.002448438,0.018136239,52.18980415,-23.44856501
1,2424.929932,0.012268276,0.018217454,57.43129403,-20.06862026
1,2482.209961,0.021954144,0.018886916,70.35258804,-15.95027828
1,2483.47998,0.000607242,0.018311588,70.20908158,-11.52456827
0,2477.429932,-0.007366764,0.01792149,66.97498602,-7.404383939
1,2464.719971,0.00864419,0.017832778,73.27570032,-3.334183526
1,2504.699951,0.007715146,0.017763106,73.01944365,0.805563991
1,2493.169922,0.000509887,0.017577819,70.39043753,4.790475958
1,2515.830078,0.00129793,0.016058084,68.72924145,8.510537418
0,2517.879883,-0.007288417,0.016265025,48.9590454,11.55774102
0,2501.830078,-0.000388512,0.016294844,61.84260122,13.98165315
1,2506.139893,0.010458195,0.015781296,72.54998763,16.27237758
0,2518.800049,-0.00077325,0.015783009,71.21678297,18.29134062
1,2512.110107,0.006143312,0.015474797,79.00188356,20.23941588
0,2520.48999,-0.011943418,0.015782994,71.00886311,21.51170882
1,2522.219971,0.003968025,0.009932317,68.44911708,22.40329523
0,2507.449951,-0.00821882,0.008476356,52.01678073,22.62868555
1,2503.570068,0.00044095,0.008132936,51.91224091,22.3906739
0,2493.139893,-0.001326377,0.008154872,56.41307856,21.77084881
1,2510.23999,0.010344825,0.008130625,57.49991412,21.30588785
1,2524.790039,0.002982707,0.0080576,54.50114818,21.03362414
1,2535.110107,0.003924158,0.007737977,56.75013529,21.00657882
0,2531.22998,-0.009707095,0.006652764,48.90271117,20.69413127
1,2547.73999,0.013351079,0.007241324,61.26086539,20.70680437
1,2558.439941,0.007617436,0.007088325,64.79049559,21.18459605
1,2568.77002,0.001287291,0.006908418,60.90745696,21.9332348
1,2564.810059,0.000658369,0.006754024,61.8026086,22.78936211
1,2586.98999,0.017811605,0.007692129,66.68639731,24.34595453
0,2598.370117,-0.005462276,0.007871847,71.51984481,25.97666687
0,2617.719971,-0.000196156,0.00760079,70.00760196,27.50100852
1,2609.439941,0.001184869,0.007582683,77.95387124,28.86523107
1,2599.350098,0.004191944,0.00734799,79.01643277,30.16585084
1,2616.27002,0.015986237,0.007958879,83.71963756,31.95624687
1,2645.469971,0.005472127,0.007944793,82.92593901,34.11875303
0,2643.540039,-0.023409905,0.009374032,64.33943677,35.32621394
0,2592.439941,-0.007781982,0.009611176,58.73770559,35.46754257
0,2586.889893,-0.003455691,0.009415301,62.01956014,34.70976222
0,2584.22998,-0.003979709,0.009497008,54.5956685,33.18535884
0,2598.310059,-0.002562515,0.00951995,49.52535455,31.0797453
0,2563.969971,-0.007519799,0.009475578,45.2219779,28.342101
0,2543.030029,-0.000672689,0.009460009,44.5694724,25.25994508
0,2536.550049,-0.005991478,0.009520161,30.58517249,21.8230294
1,2525.689941,0.000372247,0.009250851,32.90378598,18.30918309
0,2516.27002,-0.011243078,0.009069041,29.14894382,14.4364856
0,2501.22998,-0.024699884,0.010303898,22.49427739,9.524745781
1,2439.959961,0.001699633,0.010312383,20.72309214,4.263580527
1,2468.429932,0.013401399,0.010890502,18.21633589,-0.428807786
0,2489.570068,-0.003392954,0.009870526,13.44389249,-4.651593479
1,2478.320068,0.005786519,0.010038135,22.35588646,-8.120563893
0,2476.219971,-0.003598858,0.010027843,23.50390784,-11.05901596
1,2467.72998,0.00026325,0.010011839,24.72320581,-13.47533246
1,2458.050049,0.003327465,0.009982904,28.85638775,-15.27585935
1,2490.929932,0.00891237,0.009406671,36.63002242,-16.20878732
0,2523.679932,-0.000735746,0.00921357,39.68065736,-16.541426
0,2487.899902,-0.000688316,0.00787414,39.67875854,-16.47011739
1,2491.929932,0.018169097,0.008942536,53.63722145,-15.38797199
1,2559.399902,0.02865339,0.011027086,64.34906682,-12.53162847
0,2612.77002,-0.009176732,0.011205165,65.27179375,-9.067330055
0,2584.199951,-0.005831069,0.011275559,76.95382378,-5.623988195
1,2592.590088,0.012957118,0.011451594,79.28152661,-1.828908533
1,2620.26001,0.004115601,0.011457861,77.58093305,2.163207948
1,2644.169922,0.011189406,0.01150336,82.11595898,6.53240023
0,2609.600098,-0.011027903,0.011889143,73.36780252,10.42781981
0,2643.810059,-0.002526264,0.011535237,73.92825031,13.69270019
1,2635.629883,0.013375147,0.009818621,76.59495182,16.91777772
1,2653.120117,0.011892357,0.009943638,78.113883,20.41284875
0,2671.550049,-0.008383504,0.010137845,71.87974208,23.48890883
0,2656.919922,-0.001685604,0.010082652,71.35513192,26.01607735
1,2671.689941,0.004130675,0.010071523,72.53221878,28.1822968
1,2681.030029,0.001287381,0.009945644,69.03113121,29.99921296
0,2657.350098,-0.007729457,0.010255159,55.73860569,31.10459454
0,2654.76001,-0.008322389,0.010590188,56.13812389,31.28368418
1,2629.110107,0.010376941,0.010638313,63.25752259,31.23610009
0,2643.47998,-0.003743909,0.010714288,56.21966416,30.8193161
1,2664.52002,0.012076292,0.010871962,59.47523641,30.63183381
0,2660.800049,-0.009299778,0.010659697,49.95718123,30.13129718
0,2638.840088,-0.002985549,0.008735034,54.06868915,29.26590976
1,2653.97998,0.002320708,0.008435358,56.54312567,28.24830565
1,2676.790039,0.012362038,0.008624549,56.16488873,27.64644366
0,2665.580078,-0.007651989,0.008481807,45.8364031,26.94647432
1,2673.469971,0.008259884,0.008611412,54.90765903,26.51080833
1,2694.709961,0.004385102,0.008327768,57.98810491,26.39084149
1,2698.370117,0.009351879,0.008036154,60.23364087,26.81677834
0,2701.909912,-0.019096912,0.009290866,49.86339222,26.67307585
1,2678.52002,0.007124537,0.008957408,56.1897202,26.42220816
0,2673.570068,-0.011046885,0.008925677,54.85126177,25.58373055
1,2680.699951,0.01278908,0.009179669,55.77913349,24.90456536
1,2731.179932,0.024058308,0.010513593,64.71510559,25.33666777
0,2751.149902,-0.002286885,0.010539282,60.41496673,26.28437865
0,2756.590088,-0.003998454,0.010612641,62.86140826,27.27033608
1,2756.419922,0.007130418,0.010464801,66.31017222,28.47785608
0,2745.0,-0.000718141,0.0102016,65.34561878,29.6644508
0,2753.219971,-0.00337193,0.010102328,60.01712322,30.55989826
1,2757.27002,0.000294926,0.010026967,64.13099907,31.16918735
1,2766.23999,0.000447903,0.009745213,61.53308364,31.51576461
1,2744.149902,0.001928703,0.009414114,60.64522038,31.69223553
0,2730.679932,-0.016777064,0.010272654,48.04080666,30.94366962
1,2738.23999,0.012940679,0.010596933,63.23236752,30.1429064
0,2713.959961,-0.010134952,0.010612515,54.84474292,28.83932862
1,2718.76001,0.001267382,0.010430844,61.53210665,27.2780837
0,2733.22998,-0.004595879,0.010362278,53.06430854,25.37573829
1,2665.399902,0.000665413,0.010321119,36.85217128,23.33020407
0,2710.889893,-0.009287131,0.010301427,33.39799221,20.84788561
0,2661.360107,-0.004247167,0.009380468,33.33163623,17.99268696
0,2644.169922,-0.022767888,0.010539556,19.61837675,14.04241021
0,2619.149902,-0.009752322,0.010480284,17.88836399,9.174795165
1,2595.459961,0.01954973,0.01104135,31.92462757,4.77248486
0,2600.689941,-0.016259857,0.009882396,27.85269249,0.198232789
1,2615.719971,0.014499175,0.010626163,34.65103783,-3.644886708
0,2632.149902,-0.002441555,0.010618043,33.18082944,-6.922402468
1,2662.840088,0.020102775,0.011549188,46.03223066,-8.816542373
0,2646.800049,-0.017613709,0.012104736,36.02041652,-10.47615022
1,2650.939941,0.010541638,0.012435251,42.86208059,-11.43578502
1,2675.459961,0.011711595,0.012783053,46.51243281,-11.38398047
1,2693.219971,0.001719152,0.012794239,48.45970877,-10.60128335
0,2679.040039,-0.00312406,0.012782771,47.30113701,-9.511523854
0,2704.310059,-0.002615848,0.012250721,49.37275653,-8.376752234
1,2718.169922,0.021568251,0.012870851,56.94787752,-6.33311016
1,2732.110107,0.003909486,0.012676087,66.51627714,-3.641950576
0,2743.290039,-0.011988909,0.012983855,65.32748609,-1.202776174
1,2737.949951,0.005711354,0.013000058,62.15120136,1.200468362
0,2735.199951,-0.000153951,0.013000514,69.90614836,3.445774987
1,2732.97998,0.00114774,0.012798464,66.51284031,5.516472233
1,2770.27002,0.0082993,0.012839328,70.19826546,7.718130841
0,2751.469971,-0.010308712,0.011837628,58.21594625,9.416083274
1,2741.23999,0.006430172,0.011526772,71.19487578,10.96736959
0,2733.030029,-0.006549615,0.0110335,63.14664613,12.03386989
0,2723.459961,-0.000264289,0.010201836,57.91091865,12.70169366
0,2719.030029,-0.000605811,0.009823884,56.62023405,13.02935333
0,2693.649902,-0.012568827,0.010305078,50.78849441,12.55113178
1,2697.159912,0.013167842,0.00975207,58.31244545,12.12888717
0,2715.52002,-5.14e-05,0.00871916,47.39909458,11.73398648
0,2719.560059,-0.016728813,0.009397716,36.77426304,10.62345723
0,2666.629883,-0.015635195,0.009664891,35.53264288,8.430535059
1,2657.870117,0.000409828,0.009650112,31.82669064,5.672163705
1,2657.810059,0.017447241,0.010464169,42.45738142,3.424953265
0,2668.72998,-0.007612216,0.010589306,39.1177934,1.28233698
1,2681.110107,0.010292589,0.009645944,40.02448469,-0.248175496
1,2718.25,0.012333118,0.010034672,49.69817697,-0.785028796
0,2698.709961,-0.00789666,0.009822382,43.7364278,-1.012163742
1,2716.719971,0.001536426,0.009734572,46.98954818,-0.964746345
1,2709.649902,0.008446266,0.009932828,50.70220445,-0.380975638
1,2764.179932,0.009794101,0.010167641,54.58881669,0.935538556
1,2759.219971,0.001281369,0.010003629,60.73809355,2.696495597
0,2754.830078,-0.005191314,0.009783848,53.41930871,4.409098234
1,2765.699951,0.007222705,0.009811026,56.25359665,6.307780301
1,2786.159912,0.012087961,0.009994953,68.97829576,8.742224121
1,2802.100098,0.003682013,0.010000802,80.24384094,11.52925753
0,2794.870117,-0.008323701,0.010235117,74.06508365,13.99205619
0,2772.850098,-0.007014442,0.009909226,64.65474321,15.77904586
1,2765.76001,0.00349398,0.00954004,70.81527972,17.16692923
1,2767.429932,0.00636542,0.009612182,69.72195955,18.47453593
0,2767.620117,-0.002861693,0.008687978,63.07232423,19.49369704
1,2792.790039,0.004942426,0.007635823,71.28205514,20.45374277
1,2792.959961,0.00231966,0.007613787,71.57496161,21.38333472
0,2798.649902,-0.008362111,0.007248513,61.453914,21.82224088
1,2797.139893,0.004728718,0.006920639,59.03719646,22.0906482
1,2817.060059,0.011070086,0.006968373,63.64013192,22.68123975
1,2836.209961,0.013200294,0.007034078,72.1374898,23.986056
0,2862.580078,-0.001561709,0.006672145,68.65906975,25.54414899
1,2872.629883,0.003366228,0.006666162,65.38410396,27.27457229
1,2863.050049,0.000212775,0.006561269,63.8453483,28.96986689
1,2888.76001,0.008145115,0.006475878,74.56533062,30.86094204
0,2867.75,-0.011880297,0.007230116,69.81829203,32.15722129
1,2869.149902,0.001372041,0.007044048,69.05527652,33.00198813
1,2861.709961,0.001807169,0.006940511,67.25391938,33.52674045
0,2865.899902,-0.007955105,0.0068336,62.91144226,33.3832298
0,2805.639893,-0.006661277,0.006996022,55.65551562,32.45012509
0,2800.209961,-0.01022895,0.007133117,48.27785738,30.53614735
0,2790.98999,-0.011429229,0.007434373,46.7319486,27.52837041
1,2788.830078,0.003900847,0.007444991,46.25210078,24.10194031
0,2755.5,-0.005615879,0.007389069,36.63265346,20.2892214
0,2721.290039,-0.017421207,0.008301997,20.68089133,15.62123977
1,2724.98999,0.007839448,0.008440158,27.13966311,10.96532672
1,2748.320068,0.012310161,0.008934102,32.98479886,7.072605507
0,2744.399902,-0.009886021,0.009010169,30.09328424,3.409986006
1,2745.580078,0.011869155,0.009369295,31.99965327,0.594336834
1,2787.27002,0.002522834,0.00900969,37.11502113,-1.432680164
0,2719.389893,-0.036537684,0.011571753,27.21467985,-4.475086365
0,2611.300049,-0.087676846,0.022882845,16.56324294,-11.7277737
1,2533.340088,0.033011756,0.024503888,26.81767777,-19.92653228
1,2515.27002,0.018341499,0.02508194,32.22539359,-27.50500948
0,2530.209961,-0.004547534,0.024878791,33.01458695,-34.42108703
1,2603.080078,0.012398631,0.025171234,37.53878448,-39.97522627
1,2602.159912,0.011539859,0.025404753,39.19123247,-43.81689992
1,2624.5,0.001222148,0.025397541,40.32656276,-46.23292549
1,2649.110107,0.008773603,0.025550122,45.16554032,-47.15640465
1,2695.48999,0.01993949,0.026061786,47.57766391,-46.14721932
0,2697.969971,-0.008479022,0.026036303,43.53285217,-44.2392771
1,2699.73999,0.008327142,0.02604104,47.03057308,-41.41189745
1,2687.199951,0.00166875,0.026022764,44.82285432,-37.99026716
1,2710.949951,0.002421223,0.026015083,44.78587354,-34.18460961
0,2690.800049,-0.002208534,0.025723031,52.21415919,-30.35524351
0,2716.879883,-0.001362085,0.025655048,87.18110809,-26.70128448
0,2696.23999,-0.003246841,0.025479615,80.59998033,-23.42771698
1,2690.590088,0.000215703,0.025401598,76.70222762,-20.50152603
0,2657.179932,-0.010242301,0.025300896,71.69760376,-18.33927754
1,2676.719971,0.004518694,0.025323475,69.20741596,-16.53547102
1,2683.800049,0.002501558,0.023926218,65.64529001,-14.9064657
0,2683.120117,-0.006105974,0.010543606,60.09831942,-13.69961835
0,2589.939941,-0.031460217,0.011320524,38.39200469,-14.12686821
0,2598.360107,-0.002053646,0.010600042,23.18128715,-15.60830259
0,2576.659912,-0.012121907,0.010911155,22.35865149,-18.13534209
0,2498.669922,-0.00328191,0.01051609,13.70497357,-21.27716185
0,2542.689941,-0.004929158,0.010122499,11.26518162,-24.79054982
0,2524.860107,-0.003986564,0.010106509,8.286842817,-28.45664775
1,2572.090088,0.023363042,0.01135064,27.31411878,-31.0245771
1,2571.810059,0.001290711,0.010237985,28.51230546,-32.64590342
1,2594.669922,0.002092924,0.010174184,30.76514047,-33.4285216
1,2603.830078,0.004870609,0.010023099,33.58965754,-33.36768916
1,2596.469971,0.003331531,0.010061413,39.04140602,-32.567491
1,2612.449951,0.011402693,0.010451603,42.71602713,-30.79822627
0,2652.709961,-0.013436232,0.010797095,36.82227708,-29.00826773
1,2630.909912,0.028983329,0.012780967,50.91275129,-26.03248581
0,2674.580078,-0.008156267,0.01288435,60.84114803,-22.7577622
0,2665.23999,-0.021326302,0.013693805,52.40558255,-20.31704882
0,2566.550049,-0.012177705,0.013764316,52.35453808,-18.98455816
1,2563.699951,0.003130753,0.013733737,54.57253538,-18.24530701
1,2579.199951,0.015826658,0.014268097,60.9357373,-17.22619008
0,2592.649902,-0.006136952,0.01426865,60.03569754,-16.30140667
1,2611.649902,0.001850092,0.012318368,53.87166025,-15.37049607
0,2612.02002,-0.000865664,0.012308986,53.08447563,-14.48540991
1,2602.629883,0.010158276,0.012115207,55.74951223,-13.22154861
1,2632.370117,0.003872966,0.012071039,55.45898982,-11.59430203
0,2606.699951,-0.008767907,0.012216182,51.0942357,-10.16655477
0,2620.73999,-0.000406097,0.012154441,46.82950112,-8.932435662
0,2616.040039,-0.005932618,0.011181638,49.62469176,-8.110988718
1,2600.77002,0.004279346,0.011213646,37.60732414,-7.395680032
0,2600.870117,-0.013136669,0.011619829,35.94578459,-7.313497808
1,2575.25,0.011249919,0.011848631,51.25125318,-7.154381815
0,2591.689941,-0.007151079,0.011931531,54.01647415,-7.23567406
1,2597.439941,0.000867867,0.011614662,52.88537065,-7.411158756
1,2588.449951,0.011287985,0.01151986,50.45868653,-7.154361362
1,2606.939941,0.002055602,0.00943281,55.506992,-6.538096352
0,2606.98999,-0.009171827,0.009476491,48.84284955,-6.096993673
0,2575.23999,-0.014511636,0.008788948,42.37903215,-6.375432797
0,2542.959961,-0.005394752,0.008442778,34.12078947,-7.295747768
1,2549.040039,0.018333305,0.009388372,42.36473268,-7.809872021
0,2570.23999,-0.004669845,0.008719215,44.02736173,-8.217542572
0,2591.899902,-0.005188396,0.008690046,42.17504639,-8.731698314
1,2557.22998,0.000436851,0.008674849,44.75430162,-9.247875791
0,2586.699951,-0.001356913,0.008676135,41.91270802,-9.772704852
0,2562.050049,-0.011514355,0.008610308,42.65833153,-10.72366575
0,2527.939941,-0.019390378,0.009364632,29.54025019,-12.65062527
0,2468.27002,-0.026379916,0.010715321,25.37915368,-16.10432863
1,2430.26001,0.000736438,0.010737646,25.27592433,-20.26881226
0,2413.050049,-0.000826836,0.010744485,17.97398111,-24.64620219
1,2440.310059,0.021602393,0.012004829,28.88374653,-28.03841454
1,2469.129883,0.001166384,0.011768406,31.59733822,-30.52545921
1,2475.76001,0.004182968,0.011456453,37.84156783,-32.08024359
0,2474.620117,-0.0006688,0.011403221,39.41560556,-32.92257035
1,2493.419922,0.008308417,0.011618921,33.48518022,-32.8703269
1,2524.110107,0.013233475,0.011738027,42.57905698,-31.65711202
0,2521.389893,-0.005516221,0.011739115,42.48861448,-29.93071091
0,2518.820068,-0.006864118,0.011674139,39.85369755,-28.18094946
1,2499.689941,0.000643158,0.011283073,40.63474611,-26.41835707
0,2496.929932,-0.019467639,0.012002063,38.19394873,-25.4578452
0,2479.02002,-0.000582241,0.011061519,44.85812322,-25.01520362
1,2472.060059,0.018586469,0.012005607,66.38896279,-24.13550008
0,2450.76001,-0.014439461,0.012333996,57.84767714,-23.54891637
0,2471.449951,-0.008989408,0.012417753,54.06010892,-23.47652019
0,2451.600098,-0.005606481,0.012434561,42.40239107,-23.89511309
0,2392.370117,-0.027831706,0.013568038,33.32438939,-25.62324009
1,2384.51001,0.024256754,0.014324501,41.53867752,-27.10961587
1,2412.149902,0.010203289,0.013211639,45.28055974,-27.91116589
1,2456.629883,0.016216968,0.013662854,47.73922005,-27.54589049
1,2473.75,0.004971493,0.013676901,45.04101698,-26.20876222
0,2511.080078,-0.002200873,0.012873651,46.01253174,-24.36044437
0,2487.310059,-0.012920972,0.013214819,44.33862573,-22.74618492
1,2463.060059,0.011242169,0.01343092,47.67077857,-20.87074878
0,2426.550049,-0.019521581,0.014140511,47.69932372,-19.65614614
0,2429.629883,-0.013046364,0.014218751,44.58315247,-19.38164407
1,2423.360107,0.015747815,0.014367541,43.64176447,-19.0625581
0,2450.550049,-0.000610149,0.014343394,47.21932772,-18.71257931
0,2449.52002,-0.004445814,0.014306552,48.51786582,-18.49204118
0,2419.459961,-0.010248265,0.014429528,47.22940541,-18.71931123
0,2397.48999,-0.002195648,0.013822508,55.40701095,-19.25691958
0,2400.870117,-0.000229236,0.013823513,46.88219142,-19.92574493
1,2402.580078,0.017916239,0.013775192,49.90820322,-19.91061835
1,2453.300049,0.019132475,0.014096945,50.99229573,-18.67682673
1,2513.48999,0.0013904,0.013917701,49.63085623,-16.64610305
1,2481.25,0.011616689,0.014015798,54.67503191,-13.72251229
1,2526.100098,0.000337103,0.012113001,60.43808903,-10.3477139
0,2528.419922,-0.002426691,0.011142387,55.39978874,-6.941074289
0,2508.149902,-0.010422203,0.011300324,60.00524701,-4.095563095
1,2501.48999,0.003149088,0.01074505,69.10313991,-1.616507978
0,2511.070068,-0.000236183,0.010689314,63.2495564,0.497177139
1,2528.27002,0.012287651,0.011010798,68.42666093,2.759399775
0,2520.850098,-0.001558836,0.010544862,70.49074452,4.926984709
0,2533.679932,-0.001386935,0.010299263,77.75431873,6.854554129
0,2533.22998,-0.000801579,0.009126565,78.99431746,8.482788953
1,2535.800049,0.011528865,0.008674701,81.79916055,10.28187506
0,2541.23999,-0.012394709,0.008777782,66.60802605,11.56661991
1,2529.290039,0.008471534,0.008896542,62.28076729,12.77526403
0,2534.330078,-0.007659229,0.009046866,55.95852417,13.53373996
0,2468.73999,-0.025193024,0.010618724,36.39051086,12.92762078
1,2481.439941,0.01130422,0.010828024,42.64657295,11.91108427
1,2503.939941,0.011113426,0.011015324,48.89612158,11.10347093
1,2521.820068,0.010951384,0.010605916,57.96777768,10.88226298
0,2532.090088,-0.005846094,0.009937135,54.04460446,10.77879055
0,2510.639893,-0.000257701,0.009937634,54.03389847,10.7196008
1,2532.870117,0.007052013,0.009724091,51.99118915,10.95050724
1,2534.709961,0.00367848,0.009752302,54.20045809,11.4751892
1,2558.949951,0.013647845,0.01014477,59.65253142,12.68524003
1,2588.199951,0.003050565,0.009760374,60.96988627,14.35824453
1,2595.98999,0.007475685,0.009834139,59.80316757,16.51002742
1,2613.25,0.006278736,0.009856224,68.07260003,19.07296469
1,2633.909912,0.01702063,0.010148085,70.3271047,22.42910233
0,2661.719971,-0.006535591,0.010320382,70.7476817,25.77678436
1,2653.76001,0.000195934,0.010294852,87.64026108,28.89322165
0,2636.120117,-0.003507168,0.010359664,82.96920885,31.4869604
0,2617.639893,-0.005662931,0.010284874,75.69645608,33.30635176
1,2629.860107,0.00410603,0.009744156,73.84370763,34.64141823
0,2637.629883,-0.007322767,0.009871096,72.35234695,35.21541825
0,2585.610107,-0.033935337,0.012641916,51.84674214,33.78257956
0,2522.199951,-0.001524059,0.011108069,48.29865977,31.02842191
1,2548.449951,0.01155037,0.011119423,51.53346879,27.98577245
1,2573.550049,0.007048129,0.010973123,48.83488976,25.14567599
0,2553.439941,-0.004922028,0.010815692,45.48963503,22.32180537
1,2555.399902,0.00269552,0.010718519,43.17290196,19.71550447
0,2516.689941,-0.01275674,0.011153596,35.59130219,16.814121
1,2552.600098,0.01466739,0.011513347,33.99430543,14.43538093
0,2598.060059,-0.000458353,0.011494254,35.93069414,12.45719092
0,2565.179932,-0.002828595,0.011091105,34.92274633,10.68922075
1,2588.320068,0.017273427,0.011744069,44.72188146,9.828585926
1,2627.27002,0.000632073,0.011626404,47.14399919,9.585693012
1,2613.47998,0.006231972,0.0116251,48.04992009,9.980612232
1,2648.159912,0.00322602,0.010966117,52.48488298,10.86714272
1,2633.899902,0.002286521,0.010893351,74.42130868,12.08676553
0,2636.429932,-0.004184363,0.010928972,72.12296195,13.24722844
0,2653.040039,-0.006177651,0.010985201,63.09846161,14.02016561
1,2628.090088,0.010753794,0.011191893,64.71693332,14.92653157
0,2620.280029,-0.013914854,0.011590485,58.58329063,15.24803075
0,2592.629883,-0.018859645,0.012223766,47.90831842,14.3668625
0,2513.439941,-0.030047093,0.011668344,41.71165374,11.51907868
1,2511.23999,0.016230482,0.012278635,42.22876858,8.204170309
0,2525.620117,-0.006159216,0.012030558,40.536686,4.503782665
0,2437.429932,-0.00764614,0.011961318,39.23508561,0.439810384
0,2450.48999,-0.008557538,0.012040066,29.06465677,-3.979522416
0,2359.25,-0.055657849,0.017187696,20.5565883,-10.57011393
1,2381.199951,0.002589996,0.017161053,18.83236991,-18.05582162
0,2329.98999,-0.01736334,0.016813083,15.95408026,-26.3156377
1,2395.129883,0.065989498,0.022931645,34.75563743,-32.15281594
0,2400.73999,-0.005046947,0.022938432,34.68727871,-36.28913331
1,2454.280029,0.009524286,0.022652991,37.84504869,-38.6901786
1,2464.51001,0.008762616,0.022794171,37.21418725,-39.44620012
0,2472.780029,-0.01210134,0.022788648,37.60745705,-39.51992792
1,2451.699951,0.009389433,0.022925465,42.91767581,-38.70543623
1,2473.300049,0.005266336,0.022972842,50.20742137,-37.08113814
1,2486.379883,0.002013353,0.022999412,46.82437596,-34.87012999
0,2481.179932,-0.000715325,0.022989538,48.09836538,-32.35621128
1,2520.560059,0.01565171,0.023160713,53.70011432,-29.08952302
0,2525.340088,-0.001278917,0.022995948,55.6116632,-25.50749011
1,2544.590088,0.009503106,0.022743482,77.6903058,-21.47501777
1,2551.22998,0.001005403,0.021598135,77.49198655,-17.28181743
1,2550.25,0.006496949,0.021358006,87.08170159,-12.90409946
0,2561.040039,-0.003434063,0.021319217,74.9184943,-8.75136101
1,2556.52002,0.001243808,0.021221196,79.59665047,-4.886648709
1,2577.040039,0.005473109,0.021103492,78.68723924,-1.170401037
1,2581.27002,0.002206827,0.01581884,76.90732372,2.351267612
0,2587.929932,-0.000856747,0.01586659,90.09893823,5.525748557
1,2593.939941,0.011663527,0.015009056,90.5137826,8.783203819
1,2601.76001,0.000417992,0.00652444,89.79381828,11.91927371
1,2625.360107,0.012325526,0.006514481,91.29807839,15.30063401
0,2634.5,-0.007274929,0.006856746,83.40618174,18.31712415
1,2630.639893,0.002101966,0.006737869,80.11067123,20.99295189
0,2613.699951,-0.008927048,0.006388504,71.5149827,22.89300638
0,2622.679932,-0.00062221,0.006262315,66.70684242,24.12919531
1,2615.899902,0.009139837,0.006405744,70.47836395,25.20888426
0,2614.659912,-0.012153564,0.007233847,56.96946043,25.56731893
0,2603.570068,-0.000609111,0.007231731,59.07695229,25.37141722
1,2598.449951,0.020180554,0.007719361,67.29769066,25.61508365
0,2630.290039,-0.002715146,0.007761071,63.33809826,25.94855591
1,2648.860107,0.012486608,0.007931955,67.10819441,26.78707137
1,2691.060059,0.018909047,0.008721997,72.88281288,28.64266691
0,2713.23999,-0.008442856,0.009066118,64.75274936,30.60672026
1,2692.909912,0.000481915,0.008972507,64.77693146,32.48677655
1,2737.919922,0.026628721,0.010391565,68.81917179,35.28823127
1,2790.330078,0.014872732,0.010666771,75.90122684,39.09739562
1,2841.560059,0.015547366,0.010928394,78.16745439,43.94690589
1,2872.620117,0.005630733,0.01083855,83.64210714,49.35064985
1,2887.320068,0.012253405,0.010856825,85.28624673,55.2674584
1,2909.98999,0.004468459,0.010795867,84.90979243,61.27695902
0,2930.570068,-0.008701935,0.011134651,86.23901974,66.48446638
1,2903.5,0.017978109,0.011139102,88.06934233,71.59504675
1,2959.929932,0.001235343,0.011156096,86.67693531,76.27186676
1,2933.629883,0.007419548,0.010601912,88.79394243,80.60704897
1,2989.560059,0.001867326,0.010526744,88.03514274,84.40566985
1,2986.52002,0.014809922,0.010666217,87.84302755,88.18006819
0,2992.199951,-0.00243895,0.009935816,91.42692225,91.42285799
1,3061.139893,0.02958063,0.010841903,93.02893676,95.37673629
1,3127.790039,0.001485387,0.010643569,91.86539155,99.42521096
0,3108.340088,-0.009230255,0.011085324,84.2566325,102.6364076
0,3077.870117,-0.007669965,0.011543255,77.02441867,104.5437041
1,3072.75,0.005157173,0.011195372,77.00454527,105.5469231
1,3089.639893,0.005843654,0.010661303,75.88081338,105.9767117
0,3083.820068,-0.004722167,0.010884974,71.87280627,105.5502401
1,3100.330078,0.013401352,0.009996045,79.93732103,105.0263481
0,3122.280029,-0.019892368,0.01131611,64.15532152,103.2404678
1,3044.780029,0.001699236,0.011006995,64.3008644,100.6047131
1,3071.73999,0.018133854,0.011472159,67.18840297,98.23029628
1,3123.219971,0.006032212,0.011324482,68.20218343,96.2200493
1,3144.139893,0.015792628,0.011634371,68.59716592,95.11371631
0,3186.350098,-0.002343519,0.011340905,68.58296539,94.29613217
1,3175.590088,0.008268864,0.010950288,63.25691586,93.90643249
1,3194.820068,0.004138,0.010928756,64.09292176,93.80271546
0,3207.47998,-0.008988376,0.011294962,64.0574618,93.20880352
1,3201.419922,0.001854818,0.011295056,68.82092938,92.22063211
0,3200.439941,-0.001321926,0.011022121,66.59159609,90.75963145
1,3191.110107,0.007132839,0.010995485,67.04176928,89.23480234
0,3210.120117,-0.012728912,0.009701189,62.42663188,86.89445785
1,3189.649902,0.004362883,0.009729016,59.52366518,84.18824961
1,3209.429932,0.00209812,0.009411829,72.76553643,81.30928133
1,3184.370117,0.001755269,0.00914489,72.80283564,78.37697667
1,3228.610107,0.004214568,0.009131615,68.36522697,75.60122657
1,3192.169922,0.006558628,0.009147858,68.6404927,73.23264201
1,3233.310059,0.007398045,0.009062926,65.21309352,71.457823
0,3275.780029,-0.002774654,0.008794121,64.77870882,69.84126802
0,3210.320068,-0.038832957,0.011908876,37.68629997,66.23873445
1,3114.27002,0.00908508,0.012042291,40.36855377,61.88145682
1,3187.149902,0.015963784,0.011896533,51.56217794,57.94020497
1,3182.060059,4.37e-05,0.011847234,50.79883261,54.33649141
1,3214.810059,0.009236631,0.011509417,55.05911584,51.48070315
0,3220.580078,-0.005474496,0.011574386,49.89647405,48.84415689
0,3220.719971,-0.00100934,0.011434503,55.27999485,46.32022153
0,3209.75,-0.00525766,0.011452229,50.87263953,43.62461102
1,3225.399902,0.010802877,0.011521061,54.46811439,41.41306936
1,3226.52002,0.000400015,0.011517275,53.94514106,39.5470545
0,3202.629883,-0.014998445,0.012034516,46.07001858,37.13342022
0,3185.040039,-0.008094965,0.012031837,40.47727641,34.0080937
0,3121.52002,-0.00681249,0.011793166,34.92072325,30.18047489
1,3140.709961,0.003721906,0.011779817,37.50722793,26.23040296
1,3165.409912,0.008590778,0.011946799,57.80381431,22.78147422
1,3195.139893,0.012980004,0.012304132,59.44526083,20.43173444
0,3199.919922,-0.009501972,0.012452814,46.98422454,18.36094449
1,3185.870117,0.002453262,0.012364963,48.26649974,16.65614216
1,3175.330078,0.002874081,0.012251229,44.70844326,15.37828454
0,3208.800049,-0.003225603,0.012255293,45.84717552,14.23547384
0,3164.580078,-0.013521639,0.00883929,40.29195888,12.51745293
1,3155.72998,0.009360745,0.008853588,47.4279633,10.96981466
1,3177.75,0.003804695,0.008127429,43.73761959,9.777663265
1,3188.840088,0.005153264,0.00821531,46.28396129,9.110347878
1,3208.830078,0.00134029,0.00793782,54.80001111,8.854652052
1,3209.810059,0.004514642,0.007911822,62.20268515,9.08103378
1,3231.310059,0.012566805,0.008370222,71.82438682,10.22252261
1,3272.199951,0.016711394,0.008938917,75.36774826,12.72364118
1,3336.600098,0.008951472,0.008852599,75.56006495,16.39020309
1,3374.649902,0.015351979,0.009335327,76.26603066,21.3767796
1,3407.780029,0.003466317,0.00835668,84.04980107,27.06837289
1,3421.129883,0.012417437,0.008108032,85.54055153,33.51683229
0,3433.830078,-0.010499769,0.008418867,77.3882841,39.4473778
1,3432.77002,0.014032972,0.00868539,81.72343711,45.41672622
0,3461.22998,-0.004639892,0.008887998,87.15063887,50.73772969
1,3463.840088,0.006794857,0.00867494,86.95798344,55.63127724
1,3489.459961,0.005056734,0.008079675,87.13356125,60.15342199
0,3492.030029,-0.004030202,0.00829813,83.58040278,63.84445822
0,3458.97998,-0.000296585,0.008356495,83.18981983,66.65913746
0,3440.389893,-0.024505146,0.010479551,67.65964964,67.26796977
1,3414.429932,0.013337048,0.009939642,67.97897314,67.02948667
0,3436.0,-0.001926394,0.009964161,62.85474455,66.0141941
1,3444.060059,0.009119307,0.010033098,62.98960631,64.91303211
1,3525.47998,0.027020971,0.011234022,66.28791133,65.15764513
1,3598.110107,0.017296846,0.011503595,69.49649957,67.06387715
0,3550.080078,-0.007214881,0.011875413,63.35701639,69.34318649
0,3604.120117,-0.00634389,0.012027794,65.09430214,71.21599789
1,3580.639893,0.026803779,0.012734829,68.17390241,74.09670034
1,3675.820068,0.024906512,0.013456462,74.67643532,78.74252598
1,3732.76001,0.000138667,0.013316399,73.69615346,84.07997736
1,3775.399902,0.017551876,0.01359618,75.68093207,90.42929439
1,3851.01001,0.002398661,0.013520118,77.70690493,97.01986611
1,3827.22998,0.015649149,0.013179192,79.74592101,104.1497448
0,3835.790039,-0.0098154,0.013537664,85.53555967,110.398332
1,3893.22998,0.024971663,0.013987287,86.59060271,117.0474643
1,3999.790039,0.025685063,0.014594668,89.02721627,124.9475422
0,4010.469971,-0.008019176,0.01500612,84.95662352,132.4155279
1,4061.540039,0.017639092,0.01494418,84.51465572,140.0480158
1,4105.950195,0.001406464,0.01489874,83.30931026,147.1558833
1,4083.25,0.005042981,0.012763793,86.85289453,153.555747
1,4123.359863,0.027844216,0.013356311,91.19504368,160.65108
0,4219.240234,-0.02371695,0.015209461,78.81981738,165.8467005
0,4055.469971,-0.028463781,0.017438493,65.38704858,167.3294797
1,4092.459961,0.005501428,0.016837797,66.25933683,166.3774907
0,3963.719971,-0.018053109,0.017484093,58.08142443,162.4104076
1,3991.870117,0.030219331,0.018118836,62.84559712,158.2975499
1,4124.299805,0.00813852,0.017869927,61.79520977,154.4770256
1,4097.439941,0.010715007,0.017310659,66.04452123,151.3899182
1,4127.569824,0.004876589,0.016767943,63.10055882,148.9021987
0,4061.909912,-0.03813808,0.01945914,48.32292526,144.0434896
1,4078.570068,0.019363972,0.019530515,54.03381404,138.8644254
0,4044.469971,-0.033167423,0.021232022,43.88129123,131.2756683
0,3966.639893,-0.006098236,0.021039178,42.57992066,121.890511
1,4030.969971,0.019172896,0.021272897,45.39781461,112.7955844
0,3908.699951,-0.037851626,0.022402341,34.0075438,101.6837245
0,3915.159912,-0.001868535,0.021517397,36.99032719,89.5435631
1,3942.360107,0.003047267,0.021509607,42.3138239,77.37818705
1,3891.879883,0.026722645,0.02201778,46.83183005,67.30311762
1,3989.449951,0.006574261,0.022083462,51.67706718,59.32841599
0,3995.300049,-0.015129468,0.022245334,42.10854893,51.99064221
0,3967.919922,-0.001584064,0.021123034,39.69120342,45.2190075
1,3939.090088,0.019018565,0.021128601,41.66700473,40.2436931
1,4010.26001,0.010355655,0.020261312,42.95913157,37.22340422
0,4018.909912,-0.001929995,0.020231109,51.05523811,35.3776908
1,4023.5,0.017758376,0.020116269,50.67793722,35.4256766
1,4109.25,0.013365763,0.019228371,64.05846085,37.45164527
0,4129.77002,-0.002719784,0.019169893,65.22591027,40.34552122
0,4159.049805,-0.002063401,0.019023879,60.23046537,43.40332013
0,4163.319824,-0.005895981,0.019025941,75.28693308,45.91567616
1,4123.830078,0.013754625,0.016999183,78.76108478,48.75186951
0,4053.73999,-0.01837464,0.0170741,68.68250151,50.30961376
0,4093.320068,-0.022358683,0.016069,53.12866097,49.41053143
1,4019.429932,0.014323123,0.016265749,55.40704402,47.81994199
0,3989.600098,-0.015259775,0.016145528,55.27115568,44.78274251
1,4055.780029,0.006518957,0.01340896,57.54275712,41.31143558
1,4096.259766,0.021235932,0.014012849,58.22345086,39.0180431
1,4127.399902,0.002773951,0.014013213,56.28138021,37.67595317
0,4136.240234,-0.002112954,0.012947136,56.20210644,36.77580597
1,4130.370117,0.005125823,0.012923479,52.48848293,36.45202854
1,4146.47998,0.022006518,0.013010148,55.20326825,37.87333536
0,4193.75,-0.001514049,0.013008684,55.63590708,40.12564806
1,4224.529785,0.022652139,0.013250071,62.23875918,44.21230263
1,4385.919922,0.034316204,0.014801881,70.72430082,51.49318994
1,4446.080078,0.015246137,0.014875102,71.11838618,61.3613824
1,4566.339844,0.005652456,0.014614455,78.87430202,72.60220085
1,4531.459961,0.000287858,0.01452581,89.11374454,83.96951852
1,4530.029785,0.007457589,0.014434685,88.74236893,95.1704941
1,4639.890137,0.008388036,0.014351137,97.71525146,106.076893
1,4662.439941,0.014670957,0.014216552,97.85127535,117.0676636
1,4685.109863,0.006491007,0.014119742,97.66898079,127.7543122
1,4710.279785,0.01576289,0.012981984,97.8758955,138.5867551
1,4820.660156,0.009002602,0.010804256,99.14214883,149.3159352
1,4829.399902,0.013204576,0.010781939,99.18882215,160.0974347
0,4900.279785,-0.003855549,0.00962983,96.46540545,169.679948
1,4808.939941,0.004949123,0.00966656,97.42221139,178.0076744
1,4987.060059,0.008676215,0.00931356,97.22203692,185.386308
1,4984.080078,0.007579972,0.009195765,96.68458152,191.9596649
0,4997.540039,-0.008112107,0.009686281,89.06037655,196.6003544
1,4932.890137,0.027327568,0.010394044,90.89904404,201.4963191
1,5145.390137,0.016905112,0.010163757,91.94404392,207.207821
1,5243.419922,0.009754747,0.009788526,92.12029808,213.4635507
1,5210.350098,0.000595617,0.009631541,91.73242449,219.2955455
0,5122.620117,-0.052578679,0.015969382,63.89064957,219.6738923
1,5114.810059,0.068370247,0.020933466,72.90818228,221.5126197
1,5260.709961,0.015699463,0.02099765,73.09517059,224.9899602
0,5251.029785,-0.038638318,0.023517723,61.48001574,225.4882416
0,5013.149902,-0.014414386,0.023969955,56.51154815,222.3917704
1,5299.100098,0.041048173,0.025217726,62.83153619,220.0305001
1,5350.209961,0.000688916,0.025183585,62.35040798,217.8105592
1,5293.75,0.009959144,0.025197976,62.59100861,216.1415373
1,5425.390137,0.031334409,0.025719842,65.41304772,217.0895118
0,5513.709961,-0.002763402,0.025807146,66.38275155,218.8898153
1,5642.089844,0.030913371,0.026328431,67.06004507,223.3471565
1,5696.890137,0.023123834,0.026409326,67.89799029,230.8216553
1,5903.109863,0.006466362,0.026400315,67.66421439,239.8685839
1,5853.47998,0.021133834,0.026540496,69.72579647,250.8512899
1,6022.700195,0.019133436,0.026622388,82.80602841,263.7221402
1,6121.029785,0.036721779,0.026878505,81.58065068,280.0650341
0,6197.490234,-0.010010692,0.027076734,77.38916134,296.0817272
0,6165.149902,-0.072423177,0.033060087,67.08895455,303.1646107
0,5592.589844,-0.120576822,0.044600159,50.08934246,292.4435982
1,5250.919922,0.096270935,0.049231669,55.20911986,278.2823288
1,5491.02002,0.000173752,0.047365742,55.16533346,262.0883477
0,5265.370117,-0.059625379,0.047439141,48.30175641,239.5590447
1,5523.209961,0.053451384,0.048767044,50.16462724,218.1726237
1,5658.720215,0.013982665,0.04786302,51.61025555,199.3606302
0,5567.649902,-0.004759435,0.047712338,48.4604602,182.2680246
0,5412.390137,-0.017196036,0.047185637,44.67638885,165.2019152
1,5510.819824,0.011410082,0.047233116,45.13186357,149.6694219
1,5711.799805,0.01633015,0.0473074,44.53171414,137.0172285
1,5767.100098,0.0504478,0.048056837,47.50271084,131.061136
0,5761.399902,-0.027309495,0.048549032,41.27691736,126.7339661
1,5813.350098,0.00311978,0.048096882,42.46849746,123.6526184
0,5580.149902,-0.064943296,0.050103783,43.55652195,115.2417394
1,5638.200195,0.027409688,0.050530787,59.40964403,106.032631
1,5680.330078,0.015896887,0.050418009,51.4261972,97.97291056
0,5594.060059,-0.032212555,0.050567924,47.20430296,87.93309305
0,5300.609863,-0.003953851,0.049623581,54.88602972,76.63362219
0,5181.799805,-0.029706595,0.049882931,42.88675548,62.38453845
0,5143.75,-0.042605092,0.048124696,35.64611708,43.30427965
1,5330.040039,0.084362912,0.042748484,47.76745069,28.89786738
0,5551.689941,-0.044654824,0.038672876,44.91612001,14.20702134
1,5375.5,0.027368865,0.039258157,46.64399593,2.361105552
1,5423.350098,0.013581217,0.036769802,46.27620034,-5.920906668
1,5552.189941,0.008155416,0.034875182,40.69959098,-10.81231235
1,5804.700195,0.0687125,0.037857467,52.15752,-7.273742303
0,5826.450195,-0.016063457,0.038055182,49.93876736,-0.125327448
1,5876.120117,0.013994499,0.037872415,59.80532832,10.20130181
0,5737.279785,-0.008576739,0.037911553,55.75551745,21.15367508
1,5960.0,0.027395471,0.038197059,57.12809065,34.41472191
1,6141.600098,0.020718049,0.036878354,64.17571437,50.32180267
1,6149.490234,0.022106558,0.036484786,66.83114896,69.08721356
0,6227.330078,-0.005481788,0.036544838,70.68321198,87.95847047
1,6213.919922,0.004387964,0.032556482,78.97234816,106.1398122
1,6302.540039,0.027235556,0.032551014,75.89737617,125.3960834
1,6387.569824,0.004611427,0.032488348,88.40524707,144.5008673
1,6488.830078,0.009018466,0.031151918,87.72537558,163.1032906
0,6496.100098,-2.78e-05,0.031081253,87.06581495,180.0410543
1,6533.600098,0.021526848,0.029796582,87.89672039,196.8612301
1,6646.799805,0.003928967,0.026953851,84.11927051,212.6919351
1,6619.0,0.007510877,0.021811851,92.18491153,227.3836237
0,6739.390137,-0.01375447,0.01843533,83.84621981,238.6047015
1,6782.930176,0.051239093,0.020087544,90.85189808,251.912921
1,7093.009766,0.06451931,0.022970077,92.43242769,272.3982361
1,7499.069824,0.014285177,0.022911889,92.34925012,297.3703183
1,7353.939941,0.001061434,0.019696345,91.71340893,323.2946151
1,7775.310059,0.043243563,0.019600401,94.91883416,352.8929566
0,7953.410156,-0.022895018,0.021394197,86.20502761,379.5809283
1,7513.649902,0.026279723,0.020922032,86.42235907,405.385169
1,7873.910156,0.017516601,0.020740969,87.11823767,430.5509915
