Date,Top1_Feature,Top1_Importance,Top2_Feature,Top2_Importance,Top3_Feature,Top3_Importance,Top4_Feature,Top4_Importance,Top5_Feature,Top5_Importance,Top6_Feature,Top6_Importance,Top7_Feature,Top7_Importance,Top8_Feature,Top8_Importance,Top9_Feature,Top9_Importance,Top10_Feature,Top10_Importance
2023-08-23,US_Interest_Rate_3Y__diff1,0.0674,KR_Spread_10Y_3Y__diff1,0.0634,US_Interest_Rate_10Y__diff1,0.0599,Nikkei225__logdiff1,0.0526,Volume_ROC,0.0524,ATR_14__logdiff1,0.0517,Volume,0.0494,Net_Purchase_Foreigner,0.0465,Volatility_20__logdiff1,0.0437,Dollar_Index__logdiff1,0.0432
2023-09-27,US_Interest_Rate_10Y__diff1,0,US_Interest_Rate_3Y__diff1,0,KR_Interest_Rate_10Y__diff1,0,KR_Interest_Rate_3Y__diff1,0,US_Spread_10Y_3Y__diff1,0,KR_Spread_10Y_3Y__diff1,0,VIX,0,S&P500__logdiff1,0,Nikkei225__logdiff1,0,TaiwanWeighted__logdiff1,0
2023-11-08,KR_Spread_10Y_3Y__diff1,0.0822,US_Interest_Rate_10Y__diff1,0.0806,Nikkei225__logdiff1,0.0585,Net_Purchase_Pension_Fund,0.0531,Dollar_Index__logdiff1,0.0501,S&P500__logdiff1,0.0478,US_Interest_Rate_3Y__diff1,0.0469,Net_Purchase_Financial_Investment,0.044,MACD__diff1,0.0422,Transaction_Value__logdiff1,0.0412
2023-12-13,US_Interest_Rate_10Y__diff1,0.0828,US_Interest_Rate_3Y__diff1,0.0575,Net_Purchase_Pension_Fund,0.0555,Volatility_20__logdiff1,0.0534,ATR_14__logdiff1,0.0518,Net_Purchase_Financial_Investment,0.0494,KR_Spread_10Y_3Y__diff1,0.0463,S&P500__logdiff1,0.0436,US_Spread_10Y_3Y__diff1,0.0432,Transaction_Value__logdiff1,0.0405
2024-01-22,Net_Purchase_Pension_Fund,0.0771,US_Interest_Rate_10Y__diff1,0.0593,KR_Spread_10Y_3Y__diff1,0.0544,Dollar_Index__logdiff1,0.0461,ATR_14__logdiff1,0.0449,RSI_14,0.0423,Volatility_20__logdiff1,0.0416,US_Interest_Rate_3Y__diff1,0.0412,KR_Interest_Rate_3Y__diff1,0.041,Net_Purchase_Foreigner,0.0409
2024-02-28,Net_Purchase_Pension_Fund,0.0722,Volatility_20__logdiff1,0.0721,KR_Interest_Rate_3Y__diff1,0.0559,ATR_14__logdiff1,0.0526,Net_Purchase_Investment_Trust,0.0505,US_Interest_Rate_3Y__diff1,0.0481,KR_Spread_10Y_3Y__diff1,0.0475,USD_KRW__logdiff1,0.047,US_Interest_Rate_10Y__diff1,0.0463,S&P500__logdiff1,0.0463
2024-04-04,Net_Purchase_Foreigner,0.0763,Net_Purchase_Pension_Fund,0.0626,KR_Interest_Rate_3Y__diff1,0.0582,KR_Spread_10Y_3Y__diff1,0.0535,Nikkei225__logdiff1,0.0509,MACD__diff1,0.0488,Transaction_Value__logdiff1,0.0459,USD_KRW__logdiff1,0.0446,Dollar_Index__logdiff1,0.0434,TaiwanWeighted__logdiff1,0.0425
2024-05-14,Dollar_Index__logdiff1,0.0643,KR_Interest_Rate_10Y__diff1,0.0534,KR_Interest_Rate_3Y__diff1,0.0528,Net_Purchase_Foreigner,0.0515,Nikkei225__logdiff1,0.0501,TaiwanWeighted__logdiff1,0.0486,ATR_14__logdiff1,0.045,S&P500__logdiff1,0.0434,US_Interest_Rate_10Y__diff1,0.0432,Transaction_Value__logdiff1,0.0427
2024-06-20,Dollar_Index__logdiff1,0.0526,US_Interest_Rate_10Y__diff1,0.0491,US_Interest_Rate_3Y__diff1,0.0486,Nikkei225__logdiff1,0.0479,TaiwanWeighted__logdiff1,0.0444,Net_Purchase_Foreigner,0.0436,Transaction_Value__logdiff1,0.0429,Net_Purchase_Pension_Fund,0.0427,RSI_14,0.0426,ATR_14__logdiff1,0.0424
2024-07-25,Dollar_Index__logdiff1,0.0816,US_Interest_Rate_3Y__diff1,0.0582,US_Interest_Rate_10Y__diff1,0.0564,Net_Purchase_Pension_Fund,0.0546,US_Spread_10Y_3Y__diff1,0.0536,KR_Interest_Rate_3Y__diff1,0.0503,Net_Purchase_Investment_Trust,0.0439,Nikkei225__logdiff1,0.042,KR_Interest_Rate_10Y__diff1,0.0418,KR_Spread_10Y_3Y__diff1,0.0415
2024-08-30,Dollar_Index__logdiff1,0.0924,US_Interest_Rate_10Y__diff1,0.0699,Net_Purchase_Foreigner,0.0549,Net_Purchase_Investment_Trust,0.0513,US_Spread_10Y_3Y__diff1,0.0461,US_Interest_Rate_3Y__diff1,0.043,Net_Purchase_Pension_Fund,0.0407,Volume_ROC,0.0392,ATR_14__logdiff1,0.0391,Transaction_Value__logdiff1,0.0388
2024-10-14,Dollar_Index__logdiff1,0.0882,US_Interest_Rate_10Y__diff1,0.058,Net_Purchase_Pension_Fund,0.0527,Net_Purchase_Foreigner,0.0511,US_Interest_Rate_3Y__diff1,0.0476,KR_Interest_Rate_3Y__diff1,0.0464,KR_Interest_Rate_10Y__diff1,0.0445,Volatility_20__logdiff1,0.0436,TaiwanWeighted__logdiff1,0.0406,Volume_ROC,0.0394
2024-11-18,Transaction_Value__logdiff1,0.0853,Dollar_Index__logdiff1,0.0718,KR_Spread_10Y_3Y__diff1,0.0692,Net_Purchase_Investment_Trust,0.0551,Net_Purchase_Pension_Fund,0.0466,Volatility_20__logdiff1,0.0455,KR_Interest_Rate_10Y__diff1,0.0438,Volume_ROC,0.0432,Net_Purchase_Foreigner,0.0421,US_Interest_Rate_3Y__diff1,0.0415
2024-12-23,KR_Spread_10Y_3Y__diff1,0.0621,Net_Purchase_Pension_Fund,0.0589,RSI_14,0.0512,US_Interest_Rate_3Y__diff1,0.048,Transaction_Value__logdiff1,0.0478,Net_Purchase_Financial_Investment,0.047,TaiwanWeighted__logdiff1,0.0466,Dollar_Index__logdiff1,0.0464,Net_Purchase_Foreigner,0.0463,Volume_ROC,0.0462
2025-02-05,US_Interest_Rate_3Y__diff1,0.0638,Volume_ROC,0.0542,Transaction_Value__logdiff1,0.0476,Volatility_20__logdiff1,0.0473,RSI_14,0.0472,VIX,0.047,Net_Purchase_Financial_Investment,0.0455,KR_Interest_Rate_3Y__diff1,0.0429,Net_Purchase_Foreigner,0.0426,Dollar_Index__logdiff1,0.0425
2025-03-13,Dollar_Index__logdiff1,0.0733,Net_Purchase_Foreigner,0.0695,Volatility_20__logdiff1,0.0542,KR_Spread_10Y_3Y__diff1,0.0533,S&P500__logdiff1,0.0511,RSI_14,0.0488,KR_Interest_Rate_3Y__diff1,0.0482,ATR_14__logdiff1,0.0465,Net_Purchase_Investment_Trust,0.0455,KR_Interest_Rate_10Y__diff1,0.043
2025-04-17,Dollar_Index__logdiff1,0.0724,Net_Purchase_Foreigner,0.0656,Net_Purchase_Investment_Trust,0.0543,KR_Interest_Rate_10Y__diff1,0.0541,MACD__diff1,0.052,RSI_14,0.0486,KR_Spread_10Y_3Y__diff1,0.048,US_Interest_Rate_3Y__diff1,0.048,Volume,0.047,Nikkei225__logdiff1,0.0463
2025-05-27,Dollar_Index__logdiff1,0.0755,Net_Purchase_Foreigner,0.0652,US_Interest_Rate_3Y__diff1,0.0518,KR_Spread_10Y_3Y__diff1,0.0488,US_Interest_Rate_10Y__diff1,0.0487,Net_Purchase_Investment_Trust,0.0475,Volume,0.045,S&P500__logdiff1,0.0445,Volatility_20__logdiff1,0.044,Net_Purchase_Pension_Fund,0.0434
2025-07-03,Dollar_Index__logdiff1,0.0661,Net_Purchase_Foreigner,0.0498,Net_Purchase_Investment_Trust,0.0489,US_Interest_Rate_10Y__diff1,0.0476,VIX,0.0466,USD_KRW__logdiff1,0.0461,Volatility_20__logdiff1,0.0441,Volume_ROC,0.0437,MACD__diff1,0.0429,Nikkei225__logdiff1,0.0428
2025-08-07,Net_Purchase_Investment_Trust,0.0513,Dollar_Index__logdiff1,0.0486,RSI_14,0.0454,US_Spread_10Y_3Y__diff1,0.0451,Net_Purchase_Pension_Fund,0.0445,USD_KRW__logdiff1,0.0445,Transaction_Value__logdiff1,0.0445,Net_Purchase_Foreigner,0.0444,KR_Interest_Rate_10Y__diff1,0.0443,TaiwanWeighted__logdiff1,0.043
2025-09-12,US_Spread_10Y_3Y__diff1,0.0534,KR_Interest_Rate_10Y__diff1,0.0501,Dollar_Index__logdiff1,0.0498,Net_Purchase_Investment_Trust,0.0465,US_Interest_Rate_10Y__diff1,0.0454,Transaction_Value__logdiff1,0.0453,VIX,0.0448,Net_Purchase_Pension_Fund,0.0431,KR_Spread_10Y_3Y__diff1,0.043,USD_KRW__logdiff1,0.0419
2025-10-24,Dollar_Index__logdiff1,0.0492,KR_Interest_Rate_10Y__diff1,0.0486,VIX,0.0455,Net_Purchase_Investment_Trust,0.0453,Nikkei225__logdiff1,0.0445,US_Interest_Rate_10Y__diff1,0.0438,Transaction_Value__logdiff1,0.0437,US_Spread_10Y_3Y__diff1,0.0435,Net_Purchase_Pension_Fund,0.043,Net_Purchase_Foreigner,0.0424
2025-11-28,KR_Interest_Rate_10Y__diff1,0.0533,Dollar_Index__logdiff1,0.0488,US_Interest_Rate_3Y__diff1,0.0479,Net_Purchase_Investment_Trust,0.0461,Volume_ROC,0.0442,Net_Purchase_Pension_Fund,0.0437,VIX,0.0435,USD_KRW__logdiff1,0.0434,Transaction_Value__logdiff1,0.0427,MACD__diff1,0.0425
2026-01-07,KR_Interest_Rate_10Y__diff1,0.0533,Dollar_Index__logdiff1,0.0477,Net_Purchase_Pension_Fund,0.045,Net_Purchase_Investment_Trust,0.0447,MACD__diff1,0.0446,Volume_ROC,0.0443,US_Interest_Rate_3Y__diff1,0.0435,S&P500__logdiff1,0.0435,VIX,0.0433,TaiwanWeighted__logdiff1,0.0423
2026-02-11,US_Interest_Rate_3Y__diff1,0.0483,Dollar_Index__logdiff1,0.0472,KR_Interest_Rate_10Y__diff1,0.0469,TaiwanWeighted__logdiff1,0.0456,Transaction_Value__logdiff1,0.0444,Net_Purchase_Pension_Fund,0.0436,USD_KRW__logdiff1,0.0432,KR_Interest_Rate_3Y__diff1,0.0428,MACD__diff1,0.0427,US_Spread_10Y_3Y__diff1,0.0424
2026-03-24,Dollar_Index__logdiff1,0.0661,Volume_ROC,0.0559,S&P500__logdiff1,0.051,Net_Purchase_Pension_Fund,0.0502,KR_Interest_Rate_10Y__diff1,0.048,Nikkei225__logdiff1,0.048,US_Interest_Rate_3Y__diff1,0.0455,Volume,0.0445,US_Interest_Rate_10Y__diff1,0.0439,TaiwanWeighted__logdiff1,0.0434
2026-04-28,Dollar_Index__logdiff1,0.0624,Volume_ROC,0.0503,RSI_14,0.0501,US_Interest_Rate_10Y__diff1,0.0481,Nikkei225__logdiff1,0.0459,Net_Purchase_Pension_Fund,0.0444,Volume,0.0441,S&P500__logdiff1,0.0434,Net_Purchase_Foreigner,0.042,ATR_14__logdiff1,0.0417
