Target,VIX,S&P500__logdiff1,Nikkei225__logdiff1,TaiwanWeighted__logdiff1,USD_KRW__logdiff1,Dollar_Index__logdiff1
1.0,16.14999962,0.0008217017906577,0.00020111712733680002,0.0010672282813146499,0.0005705025132365,0.0
0.0,15.77999973,0.0008217017906577,0.00020111712733680002,0.0010672282813146499,0.0005705025132365,0.0
0.0,17.78000069,-0.0120400876470014,0.0,-0.0053267584300034,-0.0003649709986479,-0.0060994071439166
1.0,18.34000015,-0.0070229080245507,0.0,0.0035696927644348,-0.0052810503375404,0.0005919424129752
0.0,20.09000015,-0.007244913381962,-0.0071614874958463,0.0057837329497179,-0.0137775260498784,-0.0002958899205749
0.0,16.97999954,0.0187581927483506,0.0100679954213678,0.0017901584869282,0.0041298345866476,0.0026599365193682
0.0,17.70999908,-0.0045899388734031,-0.0041340115416019,-0.0054792556258504,0.0027487801800738,-0.0015753843135559
0.0,16.94000053,0.0044739422795423,0.0001559174500727,-0.0081601743307899,-0.0060512265913068,0.0056990838850268
1.0,16.93000031,-0.0016980650030724,0.0089406725263199,-0.0007917787433679,0.0089353075549638,0.0060565068043914
1.0,17.03000069,-0.0015845615743561,0.0080671626039006,-0.001763256317659,0.008714598006259,-0.0024377175473651
1.0,17.12000084,0.0029537976728502,0.0072861539958903,0.0127678968409234,-0.0045724239514042,0.0012683283941505
1.0,17.98999977,-0.0063981077277812,0.0083622078537732,0.0159114806651103,0.0052505543262499,0.0031152644737177
1.0,16.87000084,0.0118206888184246,0.015835487960885,0.0110276137418825,-0.0061870418008274,0.0067810441284761
1.0,16.04999924,0.009400723025454,0.0076380695648907,0.0045258616175338,0.0004421058990926,-0.0036754553649149
1.0,16.80999947,-0.0014469140669355,0.0089982006441893,0.0003690051429448,-0.0079204830803716,0.0
0.0,17.20999908,0.0001550228363438,-0.0041599425972851,0.0004412022479254,-0.0078695235064571,0.0028061463795632
0.0,18.53000069,-0.0112854688431589,-0.0089256866164131,-0.0017751047318537,0.0045639891181252,0.0038576719188352
1.0,20.03000069,-0.0073455127392758,0.0038530896340738,0.0081771976025173,-0.0010005807525335,0.003075444060828
1.0,19.13999939,0.0087194561324963,0.0037324886154426,0.0129922521576979,0.0093379920232203,0.0
0.0,17.95000076,0.0129646808949726,0.0132334845398691,0.0071052093442371,-0.0047449507172387,-0.0003839226510189
0.0,17.45999908,1.6603316433716486e-05,-0.014153476901443,-0.0026371730260699,-0.0036302893399913,0.0014389325856658
1.0,17.94000053,-0.0061273583275802,0.00838644958535,-0.004007700809339,0.0014763802287198,-0.0073119635942102
1.0,15.64999962,0.0098062152268116,0.0120058101035063,0.0116956384217665,-0.0067487144915299,0.0044320239505388
1.0,14.60000038,0.0144298122352708,0.0217514393417221,0.0004499837625075,-0.0058900021131247,-0.0001922565175318
0.0,14.72999954,-0.0020055914614971,-0.0094709555565213,0.0123705436781946,-0.0045616734973492,0.0009610620703286
1.0,13.93999958,-0.0014681635681057,-0.0085743789628374,-0.0112189236395323,0.0070104793977936,-0.0073274741568045
0.0,13.64999962,0.0061695715486269,0.0195260514573032,0.0090845676490918,-0.0092219709024368,0.0021266446534689
1.0,13.82999992,0.0011474009066816,0.0052189375355204,0.0040759597646271,-0.0074641776999833,0.0006757054335286
0.0,15.01000023,0.0092779750975946,0.0178652508004475,0.0152894649312926,-0.0016412010859481,-0.0028023500869975
0.0,14.60999966,0.0069085707613254,0.0145452250456106,0.0012503953102847,-0.0132906598055226,-0.0031983957729249
1.0,13.88000011,0.0008190899514683,-0.0005055718358804,0.0056020451829859,0.005012577362585,-0.0086774724692055
0.0,14.5,0.0121045804929025,0.0065660217287089,-0.0026611877724054,-0.0030973916208303,0.0017610844478443
0.0,13.53999996,-0.0036783764675423,-0.0100082458594457,-0.0008303339062702,0.0049168399958858,0.0
0.0,13.53999996,0.0,0.000553878533763,-0.0052032483620578,0.0054149735700228,0.0023432718720064
1.0,13.88000011,-0.0047463538776906,0.0055621172232775,0.0010172491671198,0.0033453294033156,-0.0045941256563697
0.0,13.19999981,-0.0052590864742203,-0.0092837779087719,0.0,0.000652167781161,0.003130196250531
1.0,12.90999985,0.0037039305445745,-0.0146366296216307,0.0,0.0076007434137439,0.0049686116904847
0.0,13.43999958,-0.0076882881494348,-0.002526820779364,-0.0083569257384734,0.0072605987537333,-0.0020428928357478
0.0,14.25,-0.0044969343849174,-0.0049199211418802,-0.0100945936441601,-0.003838607380775,-0.0019495522278472
0.0,13.73999977,0.0113907335176151,0.0199500021405896,0.0028223251635299,-0.004662918643695,0.0040896434480774
1.0,13.43000031,-0.0003541393955508,0.0012088961573617,0.000393761942556,0.009525698708539,0.0041696312531511
1.0,13.53999996,0.0044635680863454,-0.0013580071638177,-0.0015808288833341,0.0106836190145251,-0.0041696312531511
0.0,13.59000015,0.0121943503964203,0.0168593510998764,0.0099213436342786,-0.0058899392254199,0.0007770199456356
0.0,13.56999969,0.001169993106652,-0.0098491135041598,0.0033057947798997,-0.0070192345204302,0.0
0.0,13.56999969,0.0,-0.0025110492472286,-0.0049325683344996,-0.0081488582059954,0.003682934952776
0.0,14.18000031,-0.0019702582029133,-0.0171132593801264,-0.0174026837196326,0.0057495308095338,-0.0019367150348053
0.0,15.43999958,-0.0079540610700341,-0.0118046525489052,-0.0058611945365605,0.0047852660527842,-0.0087617540927622
1.0,14.82999992,-0.0028692129234428,-0.0061534768571807,-0.0006849450089934,-0.009092383376239,-0.0029376774282878
1.0,15.06999969,0.0024021386462322,0.0004298534178399,0.0146707149807419,0.0016712511998351,-0.0023563859168422
1.0,14.84000015,0.0067195841181622,-0.0080951568770881,0.0037281430530047,-0.0061983015047131,-0.0119655993761833
1.0,13.53999996,0.0073839050950148,0.0147726835870667,0.0058413495324654,-0.0131012658349076,-0.007489175603319
0.0,13.60999966,0.0084344830316709,-0.0008662260849696,0.0129458689307853,-0.0061931359790303,0.0014023141299395
0.0,13.34000015,-0.001024932155305,0.0,0.0029220726782881,0.0011912496795298,-0.0007009494154335
1.0,13.47999954,0.0038479695328579,0.0031634648284608,-0.0061558140585855,-0.0022811806407956,0.0010011623682446
0.0,13.30000019,0.007092066852337,0.0122999287460334,-0.0064913793794314,-0.0004031078439874,0.0033962309928909
1.0,13.76000023,0.0023551349643646,-0.0124036797840041,0.0028266821706086,0.0001185954361728,0.0059654035685925
1.0,13.98999977,-0.006779827471826,-0.0057495394915374,-0.0078485032383426,0.0104660757851293,0.0018816782261401
1.0,13.60000038,0.000324042111071,0.0122050063280969,0.0001708627080176,0.0056551308951249,0.0027665149794806
0.0,13.90999985,0.0040260385035129,-0.0005637414577517,0.0096564688110305,-0.003990368320287,0.0
1.0,13.85999966,0.0028107195277726,-0.000433657107953,-0.0021151536173764,-0.0050183370654632,-0.004549049624595
1.0,13.18999958,-0.0001554509923593,0.0067975252396816,0.0046081162224922,0.0008237972481124,0.0086845233219561
1.0,14.40999985,-0.0064453931102939,-0.0040191647400664,0.0029598834399386,0.0068072092899971,-0.0014749390600146
1.0,13.32999992,0.0098293757632337,0.0125279722019566,-0.0085660818104749,-0.0089897133638015,0.0023589346117383
0.0,13.63000011,0.0014676355524851,0.0091332930217777,0.0039256621488608,0.0043445901411134,0.0043103759137137
0.0,13.93000031,-0.0026686454237232,-0.023235832370366,-0.0187147348738125,0.0086639273486044,0.0028307227731172
0.0,16.09000015,-0.0139362004735996,-0.0169091674018133,0.0,0.0048908137920209,-0.0004874509011107
0.0,15.92000008,-0.0025512254501336,0.0010402376858138,-0.0029670811411683,0.000794846029299,-0.005084135964636
0.0,17.10000038,-0.0053141694713048,0.0019181737274855,0.0090025284006145,0.0051164971979238,0.0002940804651387
1.0,15.77000046,0.0089836189098413,0.0037977764291472,-0.0070221079821273,0.0036003952725991,0.0046925073449886
0.0,15.98999977,-0.0042272049684779,-0.0053563040326025,-0.0003633316519131,0.0067977520363395,-0.0003902146244403
0.0,15.96000004,-0.0070636191297275,0.0083280852198921,-0.0141017544657433,-0.0023039339639403,0.0002926559779412
0.0,15.85000038,0.0002506824791197,0.0,-0.0020128344204568,0.0035638293867634,0.0031164780878603
0.0,14.84000015,-0.001070264801255,-0.0128226583318351,-0.012583309251541,0.0085199041404795,0.0033976259662207
0.0,14.81999969,0.0057340048442178,-0.0091839863301448,0.0032349863277332,0.0068432107594595,0.002226377177628
0.0,16.78000069,-0.0192022212519038,-0.0044427915004217,0.0042399073537833,0.0034227075157158,0.0001934081021399
1.0,17.88999939,-0.007742811413502,-0.0055564262178595,-0.0082285536047042,-0.0031687949983085,-0.0005802640148022
1.0,17.29999924,-0.0001487178053007,0.0036460663109192,1.1028361502241069e-05,6.727377954529601e-05,-0.0004837260044761
0.0,17.12999916,0.0068556349520374,0.0091788571814905,0.0034199112933244,0.0004255058970743,0.0022233640621855
1.0,16.96999931,-0.0027813310818611,0.0048084048496441,0.0084382192842209,-3.735794649895041e-05,-0.0019330858691199
0.0,15.97999954,0.0109843307241028,0.0086147364658941,0.0116332180676508,-0.008929803354178,0.0059805598149198
1.0,17.20000076,-0.0135493539757156,-0.0207460478360079,-0.0174000030382543,-0.0008740461598577,0.0009612458444729
1.0,15.68000031,0.0066955009816531,0.0171088796965843,0.0016780231495054,-0.0022715095044265,-0.0001922187000982
1.0,15.07999992,0.006245078671645,0.0017696637868507,0.006904982022263,-0.0005970602238241,-0.0049130150197189
0.0,14.44999981,0.0144040686621096,0.0032989350867822,0.0057684568914293,-0.0013238072136534,-0.003773400899063
1.0,13.88000011,0.0038258540979754,0.0088027226717919,-0.0051154213456463,0.0014826091127986,0.00444917056363
1.0,13.56999969,-0.0015982129882718,0.0027944104304697,0.0006267940477329,0.0012161532001186,0.005965525227384
0.0,13.09000015,0.0017975129247833,0.0069630517544645,0.0086587414984222,-0.0054351248934265,0.0
0.0,13.09000015,0.0,0.0029581116713615,0.0001143451902692,0.0003718510759291,0.0054532516127352
0.0,14.01000023,-0.0042029979529818,0.0061637083443528,-0.0031881677689185,0.0104013719357727,0.0004769685827943
0.0,14.44999981,-0.0069960145686067,-0.0075474760821254,-0.0071360711001897,0.0012982048418788,0.0019054598154246
1.0,14.39999962,-0.0032164329475747,-0.0117150878073903,-0.0025980368250682,0.000419916184728,0.0002854979878614
0.0,13.84000015,0.0014256059149424,-0.0042744875142464,-0.0086686262149928,0.0009739681863818,-0.0049603899279819
0.0,13.80000019,0.0067009515961906,0.0094602722902799,0.0084690052965381,-0.0112059533571313,0.0013379149625976
1.0,14.22999954,-0.0057121691139716,-0.0021334301474134,0.0005307819045761,0.0027679955317321,0.0005728232086319
1.0,13.47999954,0.0012408621036392,0.0140141856392261,0.0135406126409876,0.0042730447504553,0.0060901044552963
0.0,12.81999969,0.0083945857009037,0.0109440900623667,0.0067219035815266,-0.0020399964312591,-0.0008542115884848
0.0,13.78999996,-0.01223414596795,0.0,-0.0132473830732493,0.0010242856780342,-0.0011400609437179
1.0,14.0,0.000721027708245,-0.008700827429001,-0.0037150626985056,0.0009329967898352,0.0
0.0,14.10999966,-0.0021533273967691,-0.0066039344428467,-0.0061240488468676,-0.000850206374479,-0.0003802357897679
0.0,15.14000034,-0.0094392042069575,-0.0138047243760528,-0.0132769471803317,0.0028636796317194,0.0019000280836252
0.0,17.54000092,-0.0165369182475014,-0.0051904138046801,0.0017029747200627,0.0066056308559518,0.0020859133143673
0.0,17.20000076,-0.0022982373087216,0.0084882074351284,0.0065708044856442,-0.0048657968962659,0.0039701176679134
1.0,16.89999962,0.0040149940161064,-0.0111879250010176,-0.010765108913656,0.0028355881805746,0.0021674926858796
0.0,18.94000053,-0.0148441654251652,0.0017576844667424,0.0021045602087674,0.0113663279104416,0.0041333529649723
0.0,18.21999931,0.0002292878965857,-0.0586831394531,-0.0022698736005697,0.0040324651364613,0.0012180157893926
1.0,18.57999992,-0.0025203664424839,0.0178075671197408,0.0110087709223822,-0.0059474765482665,-0.0044104729608864
0.0,18.48999977,-0.0013048812423992,-0.0025999506158882,0.0040668823758913,-0.0037816573375684,-0.0027310926832369
1.0,17.45000076,0.0117456421893642,0.0239681543401442,0.0,0.000616391691989,-0.0019823397941456
1.0,17.03000069,0.0114785441333289,0.0059664562609018,0.0091261331129892,-0.0037191631205351,-9.451547305960872e-05
0.0,16.09000015,0.0042838195147432,0.0173259108286494,0.0091875467515762,-0.0027088089739608,0.0070625087768307
0.0,16.69000053,-0.0062660249339199,-0.0055136117768856,-0.002579103453522,0.0075039108085199,0.0007504155642434
1.0,19.31999969,-0.0050314956316626,-0.0205387674465384,-0.0077961105811024,0.0027625304999503,-0.0038517930204999
1.0,17.20999908,0.0105386423815652,0.0119707501632948,-0.0005820400116416,-0.003192748974123,9.414184296918648e-05
0.0,17.87999916,-9.824999377272547e-05,6.120044646706901e-05,-0.0121899650863426,0.0038729882717696,0.0030072356132873
0.0,19.21999931,-0.0134904081000222,-0.0192727948244844,0.0007186988294645,0.0011597711197008,-0.0030072356132873
0.0,21.39999962,-0.0085190324077295,-0.0054637181279435,-0.0007302225887819,0.0012320550003606,-0.0008473829275228
1.0,21.70999908,-0.0126651492553389,-0.0083461180887827,-0.0115846077485901,-0.005093218088553,-0.0058573883719095
0.0,20.37000084,-0.0016869920210726,0.002023748903543,0.0035870684057446,-0.0111038748398542,0.0068929568855313
0.0,18.96999931,0.0072395235859481,0.0066601482295087,0.0030077715431051,0.0068706762627197,0.002443630968048
1.0,20.19000053,-0.0144434345967781,-0.0215984562187774,-0.0175845602879292,0.0067054894384579,0.0006568733017759
1.0,20.68000031,-0.0119030814308445,0.0126609319599264,0.0037797770685781,-0.0017314622661395,-0.0003753133908928
0.0,21.27000046,-0.004811838510859,-0.0095554287759185,0.0009335401878569,0.0036073939633265,-0.0041376295571229
1.0,19.75,0.011938474293327,0.0052599110237245,-0.009232151318363,-0.0052898815093405,0.0050756851496904
1.0,18.13999939,0.0064540849487002,0.0237857782262871,0.0023277313197329,0.0015492292603136,0.0020604446642353
1.0,16.87000084,0.0104511948493115,0.0109594108957935,0.0220994983181483,-0.0017198432704734,-0.0071361298139258
1.0,15.65999985,0.0186829389642646,0.0,0.0067286390944865,-0.0105612067107081,-0.0104197788775071
0.0,14.90999985,0.0093498836380998,0.0234656282137084,0.0085478065611166,-0.0195651837503989,0.0019026318724106
0.0,14.89000034,0.0017514575593757,-0.0134399726584799,0.0021353287359353,-0.0082381941202882,0.0030366287977567
1.0,14.81000042,0.0028360935519007,-0.0032694820490561,0.0033435817043265,0.0057194900061681,0.0004735982721308
0.0,14.44999981,0.0010044109539446,0.0148115248103053,0.0002878958890644,0.0027327968412604,0.0030260770136747
0.0,15.28999996,-0.0081166905843463,-0.0024028862665144,-0.0037680950723899,0.0053977199392356,-0.0004722396931953
1.0,14.17000008,0.0154957591067681,0.0005218468314946,0.009344339315831,0.0033551045132913,-0.0018910453435525
1.0,14.76000023,-0.0008361882856,0.0033951793057571,0.0045280409168473,-0.0004169106793643,-0.0147783885043546
1.0,14.15999985,0.0188953703342296,0.0248827065795538,0.012517217350954,-0.0113064139150527,0.0026858414227328
0.0,14.18000031,0.001595738318997,-0.0028468262626155,0.0024723301628295,-0.0018264883807104,-0.0001915759710673
1.0,14.31999969,0.0011897192718937,0.004798994355383,0.0021971729828855,-0.0072543955811053,-0.0052836761919961
1.0,13.80000019,0.0012812281242009,-0.0058879805629636,8.840823026901035e-05,0.0015849161893095,-0.0033769002950432
1.0,13.40999985,0.0073631037311852,-0.0010155684766672,0.0119115110388516,-0.0049174210494893,0.0011590371378531
1.0,13.35000038,-0.0020229760625074,0.0029245162202808,-0.0061300952580491,0.0054502578230355,0.0031805906890509
0.0,12.85000038,0.0040529051426823,0.0,-0.0009079079370408,0.0027757348470158,0.0
0.0,12.85000038,0.0,0.0051791993570198,-0.000412403339471,0.0010696661237314,-0.0050163784602288
1.0,12.46000004,0.0005966957056262,-0.0053034529016571,-0.0087146926474783,-0.008023313292206,-0.0019361535723962
0.0,12.68999958,-0.0019560693236595,-0.0011750992518972,0.0118236843288634,0.0098291046125158,-0.004369969632358
1.0,12.68999958,0.0009796385417253,-0.0026126911395802,0.0016887944766814,-0.011582872495147,0.0001945951770521
0.0,12.97999954,-0.0009466967043181,0.0049596440054369,0.0036368454151372,0.0006444033124157,0.007078164152027
1.0,12.92000008,0.0037769313608784,-0.0016551178957477,0.0002580852441553,0.00642167369074,-0.0022247279455163
0.0,12.63000011,0.00585655892624,-0.0060076339000865,-0.0009678269388029,0.0019491941563396,0.0035764651447314
1.0,13.07999992,-0.0054231881388258,-0.013800228105774,-0.0053797005241609,0.0066054256741336,0.0039482327283728
0.0,12.85000038,-0.0005690315118478,0.0202381035534173,0.0018859692616324,0.0042499756141953,0.000960599476274
1.0,12.97000027,-0.0039138519378862,-0.0177245233532037,-0.0047333659855901,0.0002664362519748,-0.0058741619432369
1.0,13.06000042,0.0079366106843874,-0.0168941129763897,0.0060728235810767,-0.0007309867577065,0.0045290483893589
1.0,12.35000038,0.0040871340512627,0.0148679828331026,0.0019739839881314,0.0028525046984295,0.0008648926562937
0.0,12.63000011,0.0039168135006182,0.0015814140462389,0.0018521354994245,-0.0021976222906303,-0.0022118179779502
1.0,12.06999969,0.0045888128162836,0.0025133744775835,0.001048056240501,-0.0026526679477942,-0.0096740618440938
1.0,12.18999958,0.0135583452954257,-0.0073187962689882,0.0104880800309423,-0.0139348601725934,-0.0088855107087333
1.0,12.47999954,0.002643565198257,0.008660262257786,0.001175292270064,-6.963501190604404e-05,0.0057699440666221
1.0,12.27999973,-7.625255274668064e-05,-0.0064376251177193,-0.0012364776974962,-0.0120310850548159,-0.0003901394664298
1.0,12.56000042,0.0045181224351811,0.0139566232328913,-0.0042850796326572,0.0205171830233901,-0.0033223002954798
0.0,12.52999973,0.0058492673258019,0.0136499171100847,0.0033311888352187,-0.0039759069196012,0.0023463252309934
0.0,13.67000008,-0.0147931478528207,-0.016028521222493,-0.0051996562426346,-0.0006012394509697,-0.0055814822989797
1.0,13.64999962,0.0102487692341082,0.0008620792903553,0.0030102510758371,-0.0040715778254858,-0.0013756453449449
1.0,13.02999973,0.0016586821921951,0.0041158683444653,0.0087755471268078,0.0022193924657836,-0.0022640724555582
1.0,12.98999977,0.0042227610075435,0.0112078506599981,0.0078427372925737,-0.0005098798642428,-0.0047417188728191
1.0,12.43000031,0.0014294355902819,-0.0042134956572841,0.0010540869625188,0.0006489531436537,0.0023737079532137
0.0,12.47000027,0.0003701062083329,-0.002252088681697,-0.0031657092736345,-0.0009426813485671,0.0095364582393813
0.0,13.19999981,-0.0085071379346768,0.0,-0.0166297925108196,0.0108260109588611,0.0025408222902179
0.0,14.03999996,-0.0080486182144952,-0.0052697151398977,-0.0005502959919727,0.0014596292314905,-0.0003904812674289
0.0,14.13000011,-0.0034342717030089,0.002674024527888,-0.0017399954096024,0.0013125643723634,-9.758824308203629e-05
0.0,13.35000038,0.0018240215129434,0.0,0.0030502607612614,0.0014327233998185,-0.0019548886810456
0.0,13.07999992,0.0140159455030683,0.0114911706424116,-0.0021174538376449,-0.0010133268974357,0.0035159778589042
0.0,12.76000023,-0.0014789938391981,0.0198977335243242,-0.0039918414376831,0.0060723853522901,-0.0020494722412349
0.0,12.68999958,0.0056499805851668,0.0175030175423991,0.0045522663597967,-0.0017366611496623,-0.000684091885823
1.0,12.43999958,-0.0006712808500797,0.0149308346145886,-0.0018535056151112,-0.0041909405137596,0.001074801986415
0.0,12.69999981,0.0007506938053527,0.0090846926886651,0.0019389948428649,0.0006552674006119,0.0
0.0,12.69999981,0.0,-0.0079028806744112,-0.0114607174962877,0.0052116576194878,0.0093313185854002
1.0,13.84000015,-0.0037383191245812,-0.0039785086970329,-0.0107266908821941,0.0136070419281821,0.0008703283861386
1.0,14.78999996,-0.0056327311595669,-0.0003264020312379,0.0038383768944143,0.0046684523789926,0.0008696459406642
0.0,14.13000011,0.008766720628083,0.0139187893815329,0.025996276687751,-0.0047656360277663,-0.0024174454341752
1.0,13.30000019,0.0122383084014607,0.0160995872672593,0.0075263906144709,-0.0033323052984428,0.0003871929143066
0.0,13.18999958,0.0021919211483911,-0.0008041909198155,0.0033337519050533,0.0041393267069986,0.0028026197972081
1.0,12.55000019,0.0029171153663281,-0.008003167010516,6.93832409961459e-05,-0.001465106847772,-0.0036740329339286
1.0,13.14000034,0.0008115989697419,0.0002756796451368,0.0070677295448948,-0.005167515454433,0.003191355194736
1.0,13.44999981,0.0052465780197081,-0.0134858283207179,-0.0004216853289786,0.0046063083327823,-0.000965982489772
0.0,13.26000023,-0.0006519976723975,0.0076868236319231,0.006900358682909,0.0005462314716071,0.0013521288401836
0.0,13.60000038,0.0075283655176896,0.0010796632494223,-0.004702082275541,-0.002659244209183,-0.0020288794735083
1.0,13.31000042,-0.0006008304096418,0.0061048901219429,-0.0080765129504101,-0.0049551885595091,-0.0012580918211915
1.0,14.35000038,-0.0162368518434004,-0.0076143372014705,0.0043811522497367,0.0054801540784135,-0.0021325473409552
0.0,13.88000011,0.0124162861021854,0.0040615171541702,0.0050971693808357,-0.0037253845598179,0.0084070176223756
0.0,13.85000038,0.0106277707487176,0.0054098803595685,0.0019991499079896,0.0065850127904987,0.0050871032819745
1.0,13.67000008,-0.0031914245703745,-0.0053368527541834,0.0,-0.0032495498720681,-0.0025882831266255
1.0,13.06000042,0.0023077457549423,-0.0011272262387453,0.0,-0.0049620622725559,-0.0013447259657066
1.0,12.82999992,0.0082076827699548,0.0203714017860221,0.0,0.0006253412369723,0.0010567328783155
0.0,12.78999996,0.0005704204087386,0.0294215515778901,0.0,0.0006626244551117,0.0077471345117983
0.0,15.85000038,-0.008992096358444,-0.0068893566605066,0.0,0.0092085353535757,-0.0022891835603102
1.0,14.38000011,0.0095341682414851,0.0119857363869524,0.0298601627531738,-0.0110921298076362,-0.0040187413320911
1.0,14.01000023,0.0058043726183392,0.0085928142514788,-0.0020036777894532,0.0012511280233873,-0.0001918141708614
0.0,14.23999977,-0.0048150435264666,-0.0004381468887757,0.0015332141161916,0.0029481542500446,0.0
0.0,14.23999977,0.0,-0.0027792283363456,0.0062777762463355,0.0013208729023048,-0.0019197260591825
1.0,15.42000008,-0.0060234263467471,-0.0026479154437097,-0.0041063748180629,0.0003074766944184,-0.0006727829432309
1.0,15.34000015,0.001263401482463,0.0216272764732483,0.0094044407327569,-0.0006600153254652,-0.0004808674392933
0.0,14.53999996,0.0209028885729605,0.0,0.0019294256500757,-0.0042856194947864,-0.0001923684455737
0.0,13.75,0.000347887118627,0.0034476512887149,0.0031112933778665,0.002130053420088,-0.0010588690191477
1.0,13.73999977,-0.0037939393368997,0.0001480400380042,-0.0049542177519583,0.0012923758007117,0.0
0.0,13.43000031,0.0017048956126188,-0.0008027855905758,0.0,5.261328078631777e-05,0.0014436420027728
1.0,13.84000015,-0.0016595312902207,-0.0010676940084284,0.005941628551632,0.0011931442740031,0.0017296083283664
0.0,13.39999962,0.0052154704738107,0.023792583478297,0.0176917402690897,-0.0018616524458803,-0.0031732503311392
0.0,13.48999977,0.0067819617055402,-0.000289290970139,0.0042183916526568,-0.0014738355544681,-0.0002889630544791
1.0,14.46000004,-0.0102454062826975,-0.000170789269994,0.0057876122970377,0.0033730227320303,-0.0041511898967563
1.0,14.5,0.0051279329941475,-0.012349848157477,0.0099034037148193,-0.0047660607353217,-0.0053349269905185
0.0,14.43999958,0.0102514021569888,0.0022760292751122,0.004650640486453,-0.004463232046608,-0.0007783791104625
1.0,14.73999977,-0.0065499230168057,-0.0221244392712058,-0.0029986421035559,-0.0039436975174629,0.001264576790481
1.0,15.22000027,-0.0011228682681156,-0.0005920420693943,0.0095090373722026,-0.0041423242459535,0.0008744731569549
1.0,13.84000015,0.0111395127566193,-0.0026206857015704,0.000700698710311,0.0004653372415113,-0.0016524737660663
0.0,13.75,-0.0019263840140464,0.002874978697104,0.0004720839186234,0.001904907581725,0.0055299650586997
1.0,14.39999962,-0.0028752212211564,-0.002573393792165,-0.012893526064964,0.0062757179124455,0.0006770124509793
0.0,14.40999985,-0.00650402271987,0.0263323316621129,0.0099767202339933,0.0055972943762583,0.0014492200833924
1.0,14.32999992,0.0062981842138984,0.006600144550271,-0.0011400138218622,0.0050648597801492,0.0022180037123762
1.0,13.81999969,0.0056332530924834,0.0,-0.003670386300028,0.0006958591621,-0.0038605771092052
0.0,13.03999996,0.0088647654080578,0.0200963461575138,0.020741309777712,-0.0051816375263884,0.0056891941645842
0.0,12.92000008,0.0032313091006077,0.0017812951438589,0.0014514793631761,0.0034299689007895,0.0041260942228227
1.0,13.06000042,-0.0014031717627247,-0.0116678745362985,-0.0017901579062726,0.0066609576894514,-0.0019169649927981
0.0,13.18999958,-0.0030596405016769,-0.0003982034816978,-0.0032619981643939,-0.0033324077847725,0.0005754603915066
0.0,13.23999977,-0.0028037219289753,0.0089871427265819,0.0036516331507581,0.0029304834622045,0.0005751303856049
1.0,12.77999973,0.0085935955352791,-0.0146957859414289,-0.0026554058405743,0.0050058330578695,0.0019148363770185
1.0,13.01000023,0.0011158628376328,0.0050006888799511,0.0073143146494931,0.0,0.0
1.0,13.01000023,0.0,-0.0141285545612799,-0.00355996786576,-0.0033319560047919,0.0044853203093992
0.0,13.64999962,-0.002015614502989,0.0008995334726744,0.0120053951407221,0.0075680295360598,-0.0019061853229551
1.0,14.60999966,-0.0072653882150266,-0.0097630963827679,-0.0063214681114853,-0.0035473709234317,-0.0054527298330606
0.0,14.32999992,0.0010905273733445,0.0081108453903731,0.0,-0.0043701506486977,-0.0012477546209286
1.0,16.35000038,-0.0124110355351643,-0.0198333253029492,0.0,0.0048364600755315,0.0017272856707002
0.0,16.03000069,0.011038050171594,0.0090622251554819,0.0039307631367559,-0.0008068943986563,-0.0015352497554044
1.0,15.18999958,-0.0003747011840165,0.0107708054762003,0.0183681066837362,0.0029210341481791,9.60401360075025e-05
0.0,14.97999954,0.0014444493715881,-0.0083443478107927,-0.0020687911124337,0.0070199767801648,0.010791274069545
0.0,14.90999985,-0.0020847597227451,0.0020495330695808,-0.0008026259225957,0.0029872302458775,0.0071929337293576
0.0,17.30999947,-0.0146575879291841,-0.0073835650113753,-0.013927210668772,0.0085680112203823,0.0016018679514813
0.0,19.22999954,-0.0120941957818789,-0.0196032623639847,-0.0271533459244306,0.0058252737040698,0.0004706829259735
1.0,18.39999962,-0.0020586245337792,-0.0133294776407364,0.0155240251419019,-0.0002378931970463,-0.0029216853304196
0.0,18.20999908,-0.0057973750140689,0.0031008997579426,0.0043376674636128,-0.0056380816283159,0.0018859468249887
1.0,18.0,-0.0022106017503471,-0.0269177633868302,-0.038875734644348,-0.0001014991242449,0.0
0.0,18.70999908,-0.0087971297110076,0.0099389604206958,-0.0059529390692301,-0.0039733537509016,-0.0006596588743343
1.0,16.94000053,0.0086933513198115,0.0030283958273642,0.0096415096860997,0.0035672556523111,-0.003683239676703
0.0,15.68999958,0.0118935665607473,0.0238898675010812,0.0268048903406352,-0.0060815124686941,0.0016071683685296
1.0,15.97000027,0.0002129873532741,-0.0218595486429897,-0.0137199487091006,0.0047243831094405,-0.0024591150300885
1.0,15.36999989,-0.0045869342823294,0.0081066645228791,0.0131619446078943,-0.003834601175952,0.0032145617030971
1.0,15.02999973,0.0101573813198196,0.0,0.0184666213528679,0.0039217416179324,-0.0034039423265594
0.0,14.67000008,0.0031734080888163,0.0123369612316519,-0.004838101572318,-0.0017806628297591,0.0060434498474073
0.0,15.64999962,-0.0158555512240337,-0.004425529688568,-0.0085753494563896,0.000261841550234,-0.0086989777119352
1.0,14.68000031,0.0056456712584189,0.0,0.0053205313339841,-0.0075630625379616,-0.0025674363702483
1.0,13.48999977,0.0124785577090271,0.0155451979921217,0.015772832165311,-0.0091799266791099,0.0036115311587545
0.0,13.22999954,0.0116157018720226,-0.0164269329298338,0.0022721113229984,0.0041034309401393,0.001327260296164
1.0,13.0,-5.835550858535044e-06,-0.0033664625700922,-0.0067734581496612,0.0030959377313681,-0.0030363406013975
0.0,12.68999958,0.0050780325910384,0.0040661295378487,0.0071757861355301,0.0025373330063391,0.0007598955397485
1.0,12.55000019,0.0016480401460245,-0.0012995517853404,0.0071630546074104,0.0034435740602729,-0.0008549508953095
1.0,13.60000038,-0.0002413331918109,0.0046147975343089,0.0061246733725788,-0.0046234004187102,-0.0019978039913404
0.0,13.42000008,0.0048261485452076,0.0146024850365868,0.0150586594180825,-0.0074999250815466,-0.0052513893235826
1.0,12.42000008,0.0095639903364119,-0.0034200739708243,-0.002151604803501,-0.0056007147024512,-9.575606911216283e-05
0.0,11.98999977,0.00116409571139,0.0072518027838803,0.0006188633432469,0.0054455896365146,0.0011482424183038
0.0,12.14999962,0.0009159702554253,-0.0031467684193451,-0.001641128978477,0.0049897978105821,0.0008603355550258
0.0,11.85999966,0.0024987496845891,-0.008504718301193,0.0147275639664936,0.0023939164361008,0.0026717448321456
0.0,12.28999996,-0.0027097910917106,0.0125095606240837,0.0025764872267721,0.0017514211119946,0.0016186454147915
1.0,12.77000046,-0.0074081623066764,-0.0117586774803459,-0.0019498338324446,0.0013242967471356,-0.0037172934827953
0.0,11.93000031,0.0069766490586715,0.0065486455861734,0.010995480223114,-0.0013975878080181,0.0
0.0,11.93000031,0.0,-0.0011484334282485,0.0025028827654622,-0.0035060821158392,-0.0010509779695144
0.0,12.92000008,0.0002487708656513,-0.0077119967341179,-0.0090030967910248,0.0013437331211338,0.0046731085195244
1.0,14.27999973,-0.0073943172632962,-0.0131247313514641,-0.0138529031147864,0.0057000925061929,-0.0036221305500099
1.0,14.47000027,-0.0059929575659545,0.0113342744821274,-0.0089453148995914,0.0036923800630921,-0.000477606390886
0.0,12.92000008,0.007995824392518,0.0112422727571406,0.0169767948802874,0.0046995293172003,-0.0050763846966095
1.0,13.10999966,0.0011154600874174,-0.0022008694166064,-0.0083995103057823,-0.0082168198307224,-0.0002881037234807
1.0,13.15999985,0.0015016811160908,-0.0089823361285024,0.0059877503455947,0.0021351229198609,0.0015356179440511
0.0,12.63000011,0.0117780157735261,0.0050213274446004,0.0172349394392501,-0.0061848053019764,0.0059285200593857
1.0,12.22000027,-0.0013156786928636,0.0091153730794388,0.0,0.0100573297935193,0.0024757401608104
1.0,12.73999977,0.0025775300367136,0.0024721837970282,-0.0030360142906342,-0.0036978389338724,0.0007605466488538
1.0,12.85000038,0.0027067148261732,-0.006616436332969,0.0117170807839794,0.0024715596859072,-0.0055269998373965
1.0,12.03999996,0.0084677202537601,-0.0040270123674659,0.0118609230710795,-0.0050586226449169,0.0052418076104272
0.0,11.93999958,0.0023419113969271,0.0024270291612467,0.0085986951413357,0.0024269501341791,0.0033215328283668
1.0,12.65999985,-0.0003939381486972,-0.0185170385607289,-0.0003640521136851,0.0061973906391656,-0.0021814718846489
1.0,12.75,0.0076351642233891,0.0099150827803367,0.0115306278828377,-0.0023321802870004,-0.0005698319034159
1.0,12.30000019,0.0025181542386842,0.0023010791902233,0.019671688684232,-0.0003264161388525,0.0
0.0,12.30000019,0.0,0.0016128179860448,0.0084332949440675,0.0018407685515731,0.003130134900994
0.0,13.27999973,-0.002529127344097,-0.0009465499135892,-0.0065457005408351,0.0076957015581475,0.0019869139475403
1.0,13.19999981,-0.0015633517759745,0.0053792554824774,-0.0190897564400955,-0.0024673911598318,-0.0031239850585995
1.0,13.32999992,-0.0030698791559728,0.0094514787011039,0.002725846724946,-0.0016435613719609,0.0013265057734974
0.0,12.84000015,0.0039258737707363,0.0125298569650933,0.0048282836072051,0.0034425889239058,0.0041576408025223
1.0,12.55000019,0.0015711961048303,-0.0082404460651144,-0.0035172964810037,0.0017886129189568,-0.0013209984512858
1.0,12.23999977,0.0009069098853551,0.0061207727748673,0.0054973753541958,-0.0046253973921297,-0.0003777599326362
0.0,12.43999958,-0.0040920135140165,0.0012114116963051,0.0011421065055472,-0.0048134060526869,0.0002833149134033
1.0,12.22000027,0.0026719911129351,0.0111318794739965,-0.0078019206408495,0.0022650757454467,-0.0017011656848406
1.0,12.02999973,0.0061762057935936,0.0125491068905105,0.0127276029842064,0.0,-0.0030314507480655
1.0,12.09000015,0.0050715622861208,0.0081696050273194,0.0149954589506808,0.0016972302440771,0.0
0.0,12.09000015,0.0,-3.12211203095103e-05,0.0014469491598312,-0.0039913140817358,-0.0049458366270238
1.0,12.47999954,0.0054339742033402,-0.0032235778021849,0.0135582264958102,-0.0026697834881916,0.00123879000426
1.0,12.36999989,0.0010161826110586,0.0194145049900669,0.0009179783899178,0.0044794111988251,0.0010469767052345
1.0,12.51000023,0.0007407973323321,0.0060379005780415,0.0044669806168862,-0.0002386515088161,-0.0006661236204648
0.0,12.85000038,0.0101563149177827,0.0093279255765192,0.0158256233627689,0.0004121963839454,-0.0058236899901373
1.0,12.92000008,-0.0088016499360836,-0.0247772326468975,-0.0195878501366824,-0.0085104824493686,-0.0033568928294149
1.0,12.46000004,0.005501864097372,0.0,-0.0015721018710443,0.002068905585264,0.0009603044777177
0.0,13.11999989,0.0028222163898838,0.0020468730706664,0.0049247789180455,0.0069475631237301,0.0007674777349162
0.0,13.18999958,0.0063690498885637,-0.0043069328661875,-0.0095225186347285,-0.000759075068494,-0.0049994970830402
0.0,14.47999954,-0.0140254413846214,-0.0239186852303845,-0.0157460562876217,-0.0028899490604858,0.0040400036061019
0.0,15.93000031,-0.0078471121841428,-0.0015603542333195,-0.0228770248723613,0.004768625708321,0.0022055270994441
1.0,16.52000046,-0.0071658792714952,-0.0116690449715619,-0.0271375137423497,0.0025739052345201,-0.0008624781368151
0.0,14.90999985,0.0107342172012927,-0.0001164079468889,0.0272503256347054,-0.0012320883564447,0.0013412466437632
0.0,14.72000027,-0.0015593177165165,-0.011163120360436,0.0,-0.0018256363664539,-0.000574578650772
1.0,18.04000092,-0.0234212421208468,-0.0333779888617389,0.0,-0.0013876181358032,-0.0002874136546733
1.0,18.45999908,-0.0051558890253264,-0.0053510796367817,-0.0334599483194377,-0.0008827313571186,-0.0003833707152809
0.0,16.38999939,0.0110294204436005,0.0210478070194888,0.0020449648327964,0.0004775880093266,0.0022979510600622
1.0,16.60000038,0.0008129794974198,0.0014889443382095,0.002661982261392,-0.0005283113715988,-9.559083711074834e-05
1.0,17.69000053,-0.0049725144246544,0.0148370011824408,-0.0010904597196095,0.0015480099816693,-0.0043134943138261
0.0,16.36000061,0.0156699808332341,-0.0252639506330947,0.0197479963903628,-0.0113251501210198,0.0030692495326283
0.0,18.59000015,-0.0137881238084176,-0.0598976382544673,-0.0453558077809308,0.0007672409528698,-0.0116554718865726
1.0,23.38999939,-0.0185529065727312,-0.1323407609419309,-0.0872148180916312,-0.008656929305105,-0.0050509742762416
1.0,38.56999969,-0.0304270414924783,0.0973655879420949,0.0332342559584155,0.0075094622775262,0.0027229307410241
0.0,27.70999908,0.0103008494878817,0.0118731320404794,0.0380108009655959,0.0021258906222687,0.002231127686163
1.0,27.85000038,-0.0077647153589506,-0.007393334744723,-0.0201679250865858,0.0036566356594365,9.69158490544686e-05
1.0,23.79000092,0.0227811396672716,0.0055500356640862,0.0282925402299767,-0.001142156997469,-0.0006784560522792
1.0,20.37000084,0.0046607983112298,0.0,0.0140725666433461,-0.0072472877749012,0.0
1.0,20.70999908,4.303315112430539e-05,0.0338947373579134,0.0010700313579992,0.004170719952774,-0.0056393130340541
1.0,18.12000084,0.0167072334066773,0.0057769170424428,0.0105276910560174,-0.005395896825024,9.751962306481232e-05
0.0,16.19000053,0.0038164365324036,0.0435003145671988,0.0145160233163395,0.0009832159911651,-0.0010730196673476
1.0,14.80000019,0.0179922922882429,-0.0178676519937166,0.0026944690053731,-0.010713528184552,-0.0055786756296498
1.0,14.64999962,0.0096753274361773,0.0178742200869859,0.0008683899396526,-0.0135083551634895,-0.0044262797492695
1.0,15.88000011,-0.001986527271109,-0.0029236751846379,-0.0085615863953005,-0.0024826785006757,-0.0039510273986218
0.0,16.27000046,0.0042307148156623,0.0068067848943886,-0.0040129420733254,0.0045693651092886,0.0046408495343568
0.0,17.54999924,-0.0089729422673254,0.0040028064442925,0.000416219781405,0.004399232621969,-0.0078129348336464
0.0,15.85999966,0.0114179373012621,-0.0066440906053788,0.0036969295634854,-0.0117594778169474,0.0012898478763361
1.0,16.14999962,-0.0031587100751817,0.0046702977334405,-0.0024814415515486,0.0020826184875089,-0.0029791024775525
0.0,15.43000031,0.0015939251237604,0.0021690646341543,0.0083339011878944,-0.0002111044108854,0.005356025515824
1.0,17.11000061,-0.0059939008111644,-0.0002405826570424,-0.0075746848453324,0.0077580278986477,0.0024699909720897
1.0,15.64999962,-3.937987137803134e-05,0.0074073240480387,0.0029791036286415,-0.0028543463282773,0.0035461090356978
0.0,15.0,0.0100424570071098,0.0013735499767957,-0.001482600975379,0.0027720613332711,0.0
0.0,15.0,0.0,-0.0003763543323866,-0.006447003580579,0.0007255391777825,0.0012775012873884
0.0,20.71999931,-0.0213779632719752,-0.0432819287317816,-0.0462957207044887,0.0021359437771213,-0.0046262319277152
0.0,21.31999969,-0.0016038291065729,-0.0105969686763405,0.0044919614196867,-0.0070375026322748,-0.0024695028949395
0.0,19.89999962,-0.0030225810204722,-0.0072724846548553,0.0116125973980611,0.0013364586171658,0.0006920727913639
0.0,22.37999916,-0.0174109444388861,-0.0048402650890366,-0.0136569775995116,0.0037295448613017,0.0036502067244246
0.0,19.45000076,0.0115135344698238,-0.0015637974930058,-0.0038077368260278,0.0026128777017051,0.0007874220294885
1.0,19.07999992,0.0044627000059715,-0.0150295019913944,-0.0015716842322959,0.0015420835212509,0.0004918892489156
1.0,17.69000053,0.0106085555983064,0.0335006924718577,0.0291580189541988,-0.0031014980716648,-0.003053413802224
1.0,17.06999969,0.0074673521900585,-0.0068516975243984,0.0049017965669015,-0.0026095585857284,-0.0025681769919687
1.0,16.55999947,0.005393142250659,0.0155573804058803,0.0129236474795906,-0.0101055667253922,-0.0049573767698571
1.0,16.32999992,0.0154540541115242,0.0151869322185245,0.0052816819389231,0.0040379205615996,0.0010927393827282
1.0,16.14999962,-0.0019429136244397,0.0,0.0056748728775914,0.0029258043457609,0.001983704286637
0.0,15.89000034,0.0028053343326615,0.0057273958676198,0.0065411146616369,0.0015909193215488,-0.0054647212107701
1.0,15.39000034,0.0025080311797545,-0.0018553581374529,0.0145962162425536,-0.0065675971477006,0.0054647212107701
0.0,15.40999985,-0.0018629831788352,0.0274867216568921,0.0042617366565096,0.0076393325914265,-0.0035735655213038
0.0,15.36999989,0.0040305420600308,0.0229564402240871,-0.0015770681313007,-0.0164256901175567,-0.0013931677337994
0.0,16.95999908,-0.0012540028456538,-0.0491424839844931,-0.0265625154707862,-0.0030504102434205,0.0035785386634836
1.0,16.72999954,0.0042276035553125,-0.0029259634972369,0.0074348356090716,0.0117989910901421,0.0088907184863042
1.0,18.89999962,-0.0092294672970698,0.0216338097938777,-0.0039236391928625,0.0071976003121969,0.0082272384999777
0.0,19.20999908,0.0072474270176385,0.0178825301142389,0.0177694797918661,0.0085588058386596,0.0001951068010077
1.0,22.63999939,-0.0096322638626755,-0.0100984075153061,-0.0040239282006719,-0.002611373194191,9.753961492897643e-05
0.0,21.42000008,0.00964270690862,0.0113218895646909,0.0021068686449581,0.0004841196318334,0.0042813609998351
1.0,20.93000031,0.0050159625324752,0.005694902618158,0.0106478930956583,0.0049911495457877,-0.0009714251911328
1.0,20.45999908,0.0060336086263621,0.0,0.0032106984388562,-0.0010452168821348,0.0039769555790245
0.0,19.70000076,0.007678114660127,0.0076651276405712,0.0136923812798634,0.0066085870906364,-0.0003873063467567
0.0,20.63999939,-0.0076385660316908,-0.018466630153771,-0.0121401172005466,0.0043449011279648,0.0031906645637604
0.0,19.57999992,0.004668232745038,-0.00689218320014,0.0018608292436148,0.0007478950829513,0.002314199299116
1.0,19.11000061,-0.000171175128532,0.0018116817267834,0.01862620925084,0.0042791309695457,-0.0032799942631269
0.0,18.03000069,0.0039636869373396,-0.0006966823710552,0.0023499907210133,-0.0007594131034593,0.0050120991671418
1.0,18.37000084,-0.0018244328578074,-0.0140280116129929,-0.000301610783735,0.0054561874144445,0.0006727829432309
0.0,18.20000076,-0.0004749666405299,-0.0080270771235628,-0.0085628476625831,9.444159909666185e-05,0.0033571418655569
1.0,19.23999977,-0.0092338241927105,0.0010080161693188,-0.0061142918851988,0.0005155909637384,-0.0035493605656551
1.0,19.07999992,0.0021434730605864,-0.006031456386589,0.0067007747208283,-0.0007408467851881,0.0019201666833721
1.0,20.32999992,-0.00029949199706,0.018077186272281,-0.0064614684285118,0.0082056684289746,0.0005752958206635
0.0,19.79999924,0.0026479347395085,0.0076932768870463,-0.0117717335635454,-0.0041089033518639,-0.0003835177447548
0.0,19.34000015,0.0016128258858394,0.0095602115659048,-0.004641191564124,0.0008752386426102,-0.0027848570799289
0.0,20.35000038,-0.0033056916724181,-0.0050062389564082,0.0,-0.0033385442433049,-9.611482372662294e-05
1.0,23.15999985,-0.0187901350050179,-0.0266452312362748,-0.0017697004149397,-0.0040995092848667,0.0028809719036555
0.0,21.87999916,0.0040841581138462,0.0,0.0081018540533968,0.0046579176771484,-0.00374693625072
0.0,21.97999954,-0.0028160449388519,0.0110084589881349,0.0061381456186744,-0.0047089550827914,-0.0045342917437825
1.0,20.48999977,0.0121910311655231,0.0258051925722231,0.0047747001314739,0.0037370284273885,0.0160187411062695
0.0,16.27000046,0.0249812808817981,-0.0025173510475813,0.0082117144850357,0.0156962316868352,-0.0055343099694047
0.0,15.19999981,0.0074037542420875,0.0030161849365182,0.0061781263701075,-0.0200015997047149,0.0046775694573399
0.0,14.93999958,0.0037497939677439,0.0008338019223259,-0.0010300842564401,0.0181423943068113,0.0051296863475709
0.0,14.97000027,0.0009685942586585,-0.0039850932298719,-0.0235596572773069,0.002394852721764,0.0045376869851443
1.0,14.71000004,-0.0028968515968816,-0.0167596377166621,-0.0053025323840358,0.004345956428037,0.0043294825274964
0.0,14.02000046,0.0002322008581341,-0.0048140733940158,-0.0063564741531916,-0.0054533123468551,0.0017827337451841
1.0,14.31000042,-0.0060681085925597,0.0027782570798322,0.0012050060585018,0.0013071910004072,0.0001875159355302
1.0,16.13999939,-0.0132914309197431,-0.0109821021627549,-0.008665696346009,-0.0046365470318825,-0.0038503460977663
1.0,15.57999992,0.0039101597463311,0.0050519431403603,0.0133170580098411,-0.0034843694514474,-0.0006588517410133
0.0,16.35000038,0.0039557504731888,-0.0016176234565907,-0.0070466433713178,0.001912552057635,0.0044154442662929
1.0,17.15999985,2.195065302501576e-05,-0.0085408823867165,-0.00586595098566,0.0039142641458882,0.0027147304101751
1.0,16.87000084,0.0053262519023267,0.0067535206459545,0.0153395132612121,0.0014156779596943,0.0048493679121337
0.0,15.23999977,0.0034619596229106,0.012880099173369,0.0019213199521672,0.0027897846003028,-0.00625262834511
0.0,14.60000038,0.0030159277469277,-0.0087576642767821,-0.0118180790417614,-0.0056804382748696,0.0017771355600828
1.0,14.10000038,0.0057056972177171,-0.0080189357262643,-0.0152837200987772,-0.0002078514225765,-0.0087287642573663
0.0,14.10000038,-0.0038084811772272,0.0055983035045255,-0.0016077060182926,-0.0048855586711864,0.0
0.0,14.10000038,0.0,-0.0036842440018567,-0.0016337187690496,0.0034726687104038,-0.0032103124586075
1.0,13.51000023,0.0055921204903963,0.0079506180763289,0.0210868125609504,0.0046971515998084,0.0066921312705643
0.0,13.34000015,0.0024454637926538,0.0189260296863178,0.0126969964693177,0.0008569141957517,-0.0007517545711648
0.0,13.30000019,0.000451347329859,0.0007012076020025,0.0098468988660656,0.0075442967756922,-0.0002821343645349
0.0,13.44999981,0.0060331815355318,0.0030305835131905,0.0005420672466129,-0.0006164777651394,-0.0059419860154212
0.0,13.53999996,-0.0018715258240646,-0.0077575161609146,-0.0032142936410011,-0.0076918675161747,0.0024565592439911
1.0,12.77000046,0.0024923454908005,0.0017719273332748,0.0034425022487223,0.0171591884811039,0.0016971557695075
1.0,14.18999958,-0.0061631673054041,0.0052740017309069,-0.0063868860550364,0.0016696989618285,0.0023523887250762
1.0,14.18000031,-0.0029682844124963,0.0001181699597232,-0.0096222954809626,0.0051388658561268,0.0029092751891113
1.0,13.57999992,0.0081326263860237,0.0120400824823221,0.0062315141853925,-0.0033529611531433,0.0023400581849273
0.0,13.92000008,-0.0054287313946925,-0.0095487668418208,-0.0011426900893543,-0.000903069351251,0.0003739100825788
0.0,13.81000042,-2.6466948057191075e-05,-0.0003282267802333,0.0008432375411615,0.0046046569317734,-0.0013092623174575
1.0,14.68999958,0.0037921549468897,-0.0023548865827791,-0.0009505694710103,-0.0021634282141569,0.0009353522348787
0.0,15.86999989,-0.003871479506559,-0.0072143530130581,0.0065239885344716,0.0035358994947669,0.0099540308415413
0.0,27.62000084,-0.0299365053006077,-0.0068844694521033,-0.0102567147477827,0.0104435668798474,0.0035114145820243
1.0,24.09000015,-0.0008654867292694,-0.0028814830847796,-0.0185734557513264,-0.0097268280949469,-0.0073138406533459
0.0,18.36000061,0.0108104794816625,0.0118013774518814,0.0260583332968113,0.005529290824529,0.0038950081051165
0.0,16.78000069,0.0072608494910397,-0.0031839198052097,0.0006793399923168,-0.0018836432066358,0.0020342235119148
0.0,14.27000046,0.0109822331913971,0.0135160797435851,0.005465052488244,0.0102817737964659,-0.0012015787790762
0.0,14.72999954,-0.0004057410365039,0.0178616782989191,0.0012355385052433,0.0064145778863888,-0.0012029548632819
0.0,15.94999981,-0.0111173049644488,-0.0096444209541992,-0.0036792833121932,0.0039527085183435,0.0012029548632819
1.0,17.39999962,-0.0107596740523749,0.0,-0.0155640292917826,0.000488725594959,0.0115852906592355
1.0,17.93000031,-0.0065203694864059,0.0,0.0033336116457203,-0.001269873198054,-0.0040304397095276
1.0,16.12999916,0.0125173566808687,-0.0148355369210761,0.027529291381839,-0.0041672650271804,-0.0063532721706316
1.0,16.04000092,0.0055227665019028,0.0195558962324362,0.0043881776744587,-0.0041573527331459,0.0025830161605542
1.0,17.81999969,-0.0111660215744571,-0.0025540014653451,-0.0103675688198912,-0.0052003470402102,0.0050544187655834
0.0,17.70000076,0.0015591441202733,-0.0094481653965896,-0.0140337867528561,0.0041857655493569,0.0008247034086519
0.0,17.70000076,0.0,-0.0105258622749602,-0.0030057295823748,-0.0018810873637509,0.0042955894424201
1.0,19.54000092,-0.0155316376609597,0.0,-0.0230131967105116,0.0116278928538759,0.0028231665684623
0.0,19.19000053,0.0015742044155544,-0.0184412728386824,0.0136552259511724,-0.0091159599679349,-0.0062948026451818
1.0,18.70999908,0.0011456232646054,-0.0007728311150803,-0.012489068537036,0.0010618369070911,-0.0016486567743525
0.0,16.12000084,0.0181471325052857,0.0033245452100754,0.022422239338061,-0.0160270478514661,-0.0011923615514257
0.0,16.60000038,-0.0021149242567428,-0.0031455292268951,0.0053269348845255,0.0111398852522848,0.003572899264066
0.0,15.97000027,0.0099414782245972,0.011661824842946,0.0051164814763264,0.0027897493397013,0.0
1.0,15.97000027,0.0,0.0032203209240897,0.0014254552247958,-0.0151061673184251,-0.01186712719932
0.0,15.06000042,0.0087300094202937,0.0157175292189073,0.009627340503659,-0.0068080657801381,0.0010174407956888
1.0,15.10000038,0.0061191811181799,0.0078543363257601,0.0,0.0059787159696691,-0.0011099353584089
0.0,15.02000046,0.0052994195005506,-0.0006731839876632,0.0,-0.0002858252535027,-0.005661537090285
0.0,14.85000038,-0.0028592160561462,-0.0090433819801756,0.0,0.0053762868716864,0.0086187482965174
1.0,16.43000031,-0.0100003467138058,-0.0269542171903296,-0.0359492212873657,0.0104332895119476,0.0057047927838489
1.0,18.62000084,-0.0076376907401183,0.007198344309339,0.0043637307220656,0.001557032061461,-0.0094953358200138
1.0,17.20999908,0.007198907470574,0.0008530064489953,0.0159992450794206,-0.0061116539667018,-0.0035260062365525
0.0,15.77000046,0.0039010538072261,0.0060348521914157,0.006670661625229,-0.0043330479459333,0.0010219780501499
0.0,15.5,0.003637674396641,-0.0071804797122467,0.0069097559715931,-0.0012057983862376,0.0032447856276824
1.0,16.54000092,-0.0095098457199327,0.0003648068062869,-0.0096780945967722,0.0058559755176013,0.0025882691397303
1.0,15.81000042,0.0066901122907196,0.0,0.0056570014741907,0.0017838280657107,-0.0033290265810101
1.0,16.02000046,0.0003395252106397,0.004179974179685,-0.0040408497589492,-0.0016942117807756,-0.000185240388312
1.0,15.89000034,-0.0027275831638302,0.0126942976928798,0.004697465590409,0.0009438900840024,-0.0058537198511459
1.0,15.10000038,0.0103723131526454,-0.0079388661129993,-0.0106033248293968,-0.0092568305711537,-0.0069197761561117
1.0,14.77000046,-7.194632913787302e-05,0.0006337881705515,0.0151197169681189,-0.0042767651559731,0.0
1.0,14.77000046,0.0,0.0024513715099807,0.0068168334249456,0.006047614515678,0.0044940005763081
0.0,15.35000038,0.0024420036044947,-0.0026974976375484,-0.0026244589375377,-0.0008399359146809,0.0011202979350386
1.0,15.27000046,0.0023741488312705,-0.0125015442524425,-0.0049528801085205,-6.94263329661382e-05,-0.0077748686470258
0.0,15.65999985,-0.0043436047517193,0.0025538035941021,0.0102839038537432,-0.0057666955543904,0.0025358483082387
0.0,18.20999908,-0.0172113967179807,0.0,-0.006974866848239,0.0018074652836714,-9.382392992396404e-05
1.0,18.97999954,-0.0049814935974339,-0.0140015073670287,-0.0119354115199303,-0.0039400212174047,-0.0027241659354224
0.0,19.43000031,-0.0046907151383965,-0.0024985027381436,0.0050046969035228,0.0005947735548659,0.0010341805290821
0.0,19.10000038,0.0001360150977909,0.0029791372909375,-0.0150413166808593,0.0034358842178736,0.0076757815314039
0.0,21.12999916,-0.0159917427840508,-0.0291930949379821,0.0,0.0107063727029981,0.0034442920024781
1.0,19.62999916,0.015729780457983,0.0047170854301352,-0.0199918257251585,0.0055506687976789,-0.017530354840721
1.0,23.51000023,-0.0300636909393059,0.0023293460130702,0.0120972181948069,-0.003490530445811,0.0
0.0,21.93000031,0.0110974726203174,0.0076326068123435,-0.0068646842964454,-0.0067820383599528,-0.0160155981487299
1.0,24.87000084,-0.0179796770578608,-0.0219270018381365,-0.0061539061325515,0.0024017557410367,-0.0021164154745019
0.0,23.37000084,0.0055054349096117,0.0038178171892582,-0.0051923885737146,-0.0001659245839418,0.0006739581482539
1.0,27.86000061,-0.0273435416619136,-0.0063710797309326,-0.0174295207914312,0.0074192163084285,-0.0045334178068339
0.0,26.92000008,-0.0075966470301516,0.0007058737914089,0.0093471757928416,-0.0041333659705555,0.0016420983891487
0.0,24.22999954,0.0048749680355584,-0.0007895377931212,-0.0143166735706561,-0.0015656555161598,0.0021211075967855
1.0,24.65999985,-0.0139883667773794,0.0071251425269629,0.0002900582351195,0.003087535813341,-0.001059991411318
1.0,21.77000046,0.0210429057962588,0.0092255783359966,0.0068311181497886,-0.0028804483704538,-0.0033801615399173
1.0,20.51000023,0.0063956350136109,0.0119323788797505,0.0068951849230902,-0.0045374230800927,-0.0012584561906976
1.0,21.70000076,-0.0107106670858083,-0.0024747713678774,-0.0140550480772443,0.0044614338596788,0.0018387037807654
1.0,19.89999962,0.0107406082064684,0.0,0.0187848388058551,-0.003837689956522,0.0040524775879866
0.0,19.79999924,-0.0021872834531055,-0.0019838631437494,-0.0075431571308399,0.0154202520655557,0.0023083381030026
0.0,19.28000069,0.0008243136298471,-0.0018216067176766,-0.004624052853849,-0.0007096956613112,0.001631925500698
1.0,17.47999954,0.0174921170190316,0.0045643533222161,0.0075056439635794,0.0010166944292571,-0.0007676242852356
0.0,17.14999962,0.0015730954690749,0.0065099047825025,-0.0005793569598644,-0.002854879085258,0.0035452803288507
0.0,18.32999992,-0.0112196403527988,-0.0059957592444259,-0.0139570233259416,0.0024524397577989,-0.0046017087584342
0.0,18.69000053,-0.0033124608810695,-0.0181435283176423,-0.0160201768623284,-0.0025892060842513,-0.0002882975361231
1.0,21.64999962,-0.0199346012710019,-0.0413260125021945,-0.0428914993344538,0.0051308534586977,0.0016326361369589
0.0,22.28000069,0.0055232404916925,0.0001943200984442,0.0278400175391695,0.0017338367108736,0.0004797141139833
0.0,21.77000046,0.0037741044551253,0.0028420515394724,0.0008478846108825,-0.0013528468383015,-0.0043255173959186
0.0,21.51000023,0.0067056614958698,-0.0281005177146429,0.0,-0.0026770578667294,-0.0169034326097463
0.0,30.02000046,-0.0496059117696869,-0.027888563211027,0.0,-0.0105324655804217,0.0092642616578908
1.0,45.31000137,-0.0616090620097278,-0.0815026894438322,-0.1020297972707116,0.0053897874190118,0.0023269886543779
0.0,46.97999954,-0.0023341945813282,0.0585053079455377,-0.0409902584857864,0.0078061166095615,-0.0029095452419038
1.0,52.33000183,-0.0158250831829818,-0.0401294966505929,-0.0596069606473896,0.0109470757376337,-0.0005828971293491
0.0,33.61999893,0.0908948796759698,0.0873546161972704,0.0884440036595499,-0.0287930491122283,-0.0199250715833931
1.0,40.72000122,-0.0352206069017988,-0.0300170113409539,0.0274482175369694,0.0055871111936252,-0.0108648356278777
1.0,37.56000137,0.0179303807240192,0.0117447957010288,-0.0008032245951401,-0.0229818229222695,-0.0014040659340519
0.0,30.88999939,0.0079133194076845,0.0083569747718073,0.0175048122445957,0.0002607002997905,0.0058040972332964
1.0,30.12000084,-0.0017292752194606,-0.0101819656613209,-0.0198182344857311,0.0053399993598528,-0.0084169230026258
1.0,32.63999939,-0.0226632540588802,0.013388677551493,-0.0066622468100483,-0.009003168600759,0.0
1.0,29.64999962,0.0013259586238518,0.0102067300407284,0.002906966428263,0.0,0.0
0.0,29.64999962,0.0,-0.0130521500620304,-0.015003962705002,0.0,-0.0111303232631447
1.0,33.81999969,-0.023849648335446,-0.0017319673441793,-0.0165055247069521,0.0052259460958206,0.0064908889139516
0.0,30.56999969,0.0248069522569522,0.0187596923656325,0.0440172216815444,0.0053176752974009,0.0092574438090453
1.0,28.45000076,0.0165238642436431,0.0048784233928422,-0.0081973095704679,-0.0019400147387091,-0.0055239976511733
1.0,26.46999931,0.0200566282203649,0.0188454487419136,0.0200212275429745,0.0025276368081526,0.0018112331180377
1.0,24.84000015,0.0073460847215489,0.0037528490943703,0.0081028393440476,0.0050916445158115,-0.0046352266809259
0.0,25.14999962,0.0006405015276893,0.0,0.0098453870029242,-0.0010301820495604,0.002320260511313
1.0,24.17000008,0.0057856415230777,0.0057144088411469,0.0001185361344511,-0.0032925771526874,0.0023149661696129
1.0,24.70000076,0.0014788973473596,0.0215528333530006,0.0269433833064915,0.0027491884670425,0.0053140825587645
1.0,22.68000031,0.0208985367745988,-0.0013865239626493,-0.0116684749912536,-0.0429480575236684,-0.0039076187071342
0.0,23.54999924,-0.0097880942507284,0.0040421221197721,-0.0001503941704008,0.0162482153830483,0.0102872197093288
1.0,22.47999954,0.0057830211034879,0.0154425777226201,0.0179287319938055,0.0046837708628393,-0.0029854048088067
1.0,21.89999962,-0.0007117341073215,0.0037508523031242,0.0102035444566599,-0.0062021420081972,0.014347494124502
1.0,18.38999939,0.0320399766516779,0.0142167132419963,0.0094491086146959,0.0148408987823707,-0.007791359464722
0.0,18.21999931,0.0072220591428457,-0.0014449433862306,0.0210027160882404,-2.120669604011028e-05,0.0003959701083395
1.0,18.62000084,0.0010238911679767,-0.0098208304654932,-0.0024185425769935,-0.0061417343269045,-0.0015848220574081
0.0,17.82999992,0.0041238174969411,-4.7490088011414855e-05,0.0052067684361105,-0.0073528500638211,0.0020795076727262
0.0,17.23999977,0.0069808493625966,-0.0067796108690796,-0.0147513703176986,0.0007942221694143,-0.0065502021725141
1.0,18.13999939,0.0008757295922219,0.0008226081873274,0.0001021708332427,-0.0068755605624142,-0.0030914768611909
0.0,18.09000015,-0.0038877771166934,-0.0061609850630297,0.0128264508628124,0.0030057628886126,-0.0056090405396558
0.0,20.87000084,-0.016266719326401,-0.0084300157484751,-0.006116160028835,-0.0136415499710702,0.0040096437715133
1.0,20.28000069,-0.0004449699101094,0.0047095509526009,-0.0008642348976817,0.005429732513126,-0.0085397461896752
0.0,22.29000092,-0.0067308996933608,0.0099358847710142,-0.005356489105404,-0.0120974256996984,-0.001817818104735
1.0,22.29000092,0.0,0.0051179831504892,-0.0093313829768426,0.0024663061825815,0.0059460627601515
1.0,18.95999908,0.020252580829327,-4.535504822555936e-05,0.0009922477568142,0.004885403233735,0.0036108426497216
0.0,19.30999947,-0.0055868025128198,0.0186619162755778,-0.0004879950809364,-0.0008732885062956,-0.0060253092706581
1.0,19.18000031,0.004003170838704,-0.0122485996281227,0.0,-0.00232502317803,0.0005035300428266
1.0,18.56999969,-8.118854685790211e-05,-0.0131088139673494,-0.0162737827430987,0.0084144922425783,-0.0063627431129882
1.0,18.36000061,0.0040936514909084,0.0073593592911791,0.0288789350087999,-0.0030945443310281,0.0009114788313526
1.0,17.61000061,0.0058572184165655,-0.0051250039178292,0.002602753658925,-0.0121441135121429,-0.0005062832114299
1.0,18.47999954,-0.0052913579941211,0.0141213460994755,0.0053312041463637,-0.0013969336788388,0.0020235193033375
1.0,17.15999985,0.0111477213803716,0.0032225788786792,0.0205243015126797,-0.0039365229109291,0.0011111734761151
1.0,16.95000076,0.0054680125777011,0.0054723428693126,0.0101968031097801,0.0073812149171272,-0.0042493568531698
0.0,17.26000023,-0.0027476604478309,-0.0064783540929287,-0.0081451643901981,0.0013261695439732,-0.0072246470086279
1.0,18.02000046,0.0038151331959781,-0.0089160358829225,-0.0096875132107747,-0.0117106985333581,0.0026517317120813
1.0,20.81999969,-0.0113606686259934,0.0125308490487281,-0.0010447571859124,0.0113079447798885,-0.0018350531167996
1.0,19.11000061,0.0093488230754292,0.005866401250703,0.0073061330923138,-0.0054059640425379,0.0083325316100149
1.0,21.60000038,-0.0083872596509078,0.009000362215783,0.0065131978088182,0.016594717962576,0.0009103724744976
1.0,20.13999939,-0.0003092880921879,-0.0102570554266403,-0.0159258837096754,-0.0070877170860512,0.0
0.0,20.13999939,0.0,-0.0022137512451561,0.0019178647680089,0.0030157035263069,-0.0020241336455191
1.0,20.62000084,-0.0021810351423461,-0.0012804156402346,-0.0143326690181613,-0.0039499563283813,-0.0029422322655152
1.0,19.82999992,0.0095606550501141,0.011315714471209,0.0207991166263621,-0.0055136719269759,-0.0057061247496781
0.0,17.47999954,0.0110603286321193,0.0038982834883132,0.0108406722515379,-0.0060094093991294,-0.0018410591182949
0.0,16.76000023,-3.2861852918841805e-06,0.0163644360494927,0.0027482834464933,0.0023978083949929,-0.0054406414037861
1.0,16.59000015,0.007988131149883,0.0142024917547338,0.003893305528523,-0.003151552314236,0.0025700347846164
1.0,16.31999969,0.0052053991443834,0.0083484901645789,-0.0144555925196776,0.0079739455370475,-0.005353155497703
0.0,16.72999954,0.0051511374912021,-0.0124529842281155,0.0132875374238778,-0.0111280391939976,-0.0006194895494742
1.0,16.82999992,-0.0011191569990138,-0.0056138330292707,0.0010644252046301,0.0052438952372551,-0.0004132325504686
0.0,16.63999939,0.0047338742660603,0.0005887730459708,0.0059716824529356,-0.0006198233708163,0.0041245834084522
1.0,16.37999916,0.0083043782453344,0.0006276754323941,-0.0073119627205944,0.0017331169563323,0.0
1.0,16.37999916,0.0,-0.0056222634737039,-0.0052818833728665,0.0037509514334388,0.0030823310579002
1.0,17.79000092,-0.0078933682342281,0.0025512975422881,-0.0029671689959194,0.0090908857144427,0.00030769556788
1.0,16.80999947,-0.0007161430999325,0.0033322257048098,0.007339880798602,-0.0031621598396895,-0.0004103079277042
0.0,15.93999958,0.0060438027613578,-0.0044023492108706,0.0073524999523133,0.0019683970572232,0.0018450221251002
1.0,15.77999973,0.0027424410230043,-0.0019359643539242,0.002542864889671,-0.0002622230154685,0.0020460052150168
1.0,16.39999962,-0.003302971783178,-0.0027852624295992,-0.0059982810008243,0.0040206603372281,0.0023478126402318
0.0,17.20000076,0.0014064243957445,0.0055194719665614,0.0097234792546441,0.0027824043375579,0.0054906178346509
1.0,17.37999916,-0.0039641450704213,-0.0003685613526869,0.0090221263041332,0.0032075196095462,-0.0023349420029328
0.0,17.15999985,0.0031885684154353,0.0059773745696869,0.0030496009425693,-0.0011040800457333,0.0034497189777091
1.0,16.52000046,0.00535938024524,-0.0020592511115093,0.0116075451389807,0.004797352618711,-0.0025353696607659
0.0,16.40999985,-9.049026807339544e-05,0.0,-0.001822215689506,-0.0007260644321469,-0.0064178377888932
1.0,16.64999962,0.0013981570701133,-0.0011103220641057,-0.015223786196735,-0.0063122644319566,-0.0047121484962762
1.0,16.5,0.0006373284124361,0.0345052948043917,0.0142854667523035,-0.0014773445752354,-0.0018499523407005
1.0,15.36999989,0.0077815321361036,0.0157843758104192,0.0023584384208881,-0.0044017198362338,0.0017472451457392
1.0,15.39000034,0.0006979800902691,-0.0088880975963974,-0.0004000850637169,-0.0012528380484093,0.0027688504762206
1.0,14.93000031,0.0039664509916832,-0.0111083239643487,0.0020779123107761,0.0078264572217081,0.0102899599118027
1.0,15.02999973,0.0001768425006023,-0.0079272503144043,-0.0090728159928517,0.0039768155452941,0.0025307498523918
0.0,15.97999954,-0.0029638303149717,-0.0004881776333665,0.0111524131465028,0.0004104538847924,0.0103596475756226
0.0,15.47999954,-0.0012502139483867,0.0101591214653975,0.0034379413086007,0.0026318137802139,0.0009000986699803
1.0,16.71999931,-0.0037016619479857,-0.0066012370696881,-0.0046039163976985,-0.0007255741018781,-0.0134864800928893
1.0,20.37999916,-0.0161213871698198,-0.0125516619449115,-0.0023686179725483,-0.0009562216283915,0.0009114938540015
1.0,17.52000046,0.0146295643671194,0.0064037595645825,0.0119751944838437,-0.0047517280468341,0.0
1.0,17.85000038,-0.0048697037807752,0.0060316645879421,-0.0090529059237649,0.0021587059605048,-0.0060926109744281
0.0,16.77000046,0.0072555223483714,0.0064575940862052,0.0234529996096028,-0.0015806316768962,0.0022382878196163
0.0,16.56999969,-0.0007977982358529,0.0183725109649923,0.0007283802229043,0.0004188375735987,-0.0022382878196163
0.0,15.14999962,0.0077694547674802,0.0,0.0047445237115617,0.0020485498037974,0.0034570073602147
1.0,16.25,-0.0025072683940088,0.0212382177301613,0.0009466786047198,0.001425677034498,-0.0042721881725995
1.0,14.72999954,0.0112815591823807,0.0129431181615817,0.0087232047280387,-0.0048325827495547,-0.0026538970040839
0.0,14.48999977,0.0032248733065376,-0.0145575552381416,-0.005427909831587,-0.0031210306830757,0.0041817967784671
0.0,14.82999992,0.0003030448882235,0.0246655126090153,0.0100336151247812,0.0066503671279969,-0.0008145996860733
0.0,14.98999977,-0.0030021082177409,-0.0038509875515515,-0.0052837979594198,-0.0007711628551945,0.0010181071195249
1.0,15.56999969,-0.0058753290881501,-0.015219579916371,-0.0303515021007161,0.0031890116111155,-0.0005088851506283
1.0,15.68999958,-0.0024346306274498,-0.0065119074310935,0.014150629084602,0.0039953916683597,0.0040642356485962
1.0,16.60000038,-0.004012219684899,0.0005423801500263,-0.008283065780775,0.0019309368933946,-0.0091678498065999
0.0,14.22000027,0.0150722851004978,0.0040854219717072,0.0213534504809231,-0.0120180925388142,0.0072393799163759
1.0,14.78999996,-0.0042755125349582,-0.009704562174134,0.0011411007729371,0.0044445723921349,-0.0020339368983517
1.0,14.61999989,0.0041254736812579,0.0029646511068293,0.00879885983902,0.0035213130169511,0.0
0.0,14.85000038,0.0023881304630961,0.0072296257015782,-0.0116273825139128,-0.0008611986186268,-0.0042849055361378
0.0,14.43000031,0.0031517474512465,-0.002579167912085,-0.0001382150272153,-0.0060061292607711,-0.0004090492048671
1.0,15.35999966,-0.0064187403014894,-0.0124768264802561,-0.0066813086817187,0.0031947612136233,0.0
1.0,15.35999966,0.0,0.0028804815373035,-0.0022854188736953,0.0029477371365427,0.006423072455779
1.0,17.17000008,-0.0069463501288193,-0.0088214314346917,0.0034715973514796,0.0011695062990719,-0.0026457951608414
1.0,16.35000038,0.0050871123708393,0.0151774156475728,0.003295304647672,-0.0035485570509949,0.0021375048322358
1.0,15.30000019,0.0083118470254923,0.0102450777521188,0.012932246288841,0.0017471785585474,-0.0059147821271734
1.0,15.18000031,-0.0031701726507105,0.0144253629070298,0.0021532907489643,-0.0047163966914283,-0.0032783524957418
1.0,15.10999966,0.0021037643979635,-0.0042368138676511,0.0124610064496533,0.0001515291057341,0.0034829370766313
1.0,15.03999996,0.0026845470398129,0.0086689200987191,0.0134837282549931,0.0011035309947606,-0.0001022870585885
1.0,15.35000038,0.0029790282630148,0.0121263718777289,0.0009173529463861,-3.6078502686720526e-05,-0.0024574849595762
1.0,14.71000004,0.0084500876563815,0.0088763951328569,0.0102162219847787,0.0016566784792351,0.0001025386212027
1.0,14.76000023,-0.0004828779146404,0.0,-0.0046223300118217,0.0030180757846922,-0.0025660777968266
0.0,15.68999958,0.0046955777124324,0.0029920364827322,0.0106883765923289,-0.0062546789351065,-0.0069097969861644
1.0,16.36000061,-0.001288760352951,-0.0024949799117024,-0.0074955720207974,-0.0053354658873834,0.0024806782747095
0.0,15.72000027,-0.000970639082924,0.0113893803348599,0.0129322184190936,0.0007618290027249,0.0049428142748659
1.0,15.69999981,0.0047776877940517,-0.0057027995608702,-0.0074391263760649,0.0058291497878579,0.0029745231755979
1.0,15.44999981,0.0048735238858537,0.0098930384474851,0.0117465993798848,0.0068128529388244,-0.0031799540369039
0.0,16.10000038,0.0044003507569652,0.0,0.0140721225562874,-0.0049109201965586,-0.000719458261897
0.0,16.63999939,-0.0055173518099618,0.0029991786860179,-0.0019311490182492,0.0017689675464502,0.0062522685577075
0.0,16.18000031,-0.0028506771605343,0.0027273809117573,-0.0066212015006552,0.0084422236333319,0.0069239690112601
1.0,16.73999977,-0.0050216487424084,-0.008779373042536,-0.0171900922935481,0.003747480802323,-0.0040671282366311
0.0,15.28999996,0.0058844890597189,-0.0068859259703515,0.0,-0.0001491203600307,-0.0024482095636075
1.0,16.12000084,0.002632077316333,-0.0024700070805554,0.0093469448504137,-0.006680845120381,-0.0014309795960381
1.0,16.28000069,0.0040825036134695,-0.0085329641733427,0.0062687575508402,0.002726207068898,-0.0006138486105751
1.0,16.29000092,0.0033941541153144,0.0086242424472988,0.0151061178600713,-0.0009483724345829,0.0014317796652729
0.0,16.62999916,0.0006181637191371,0.067793807101486,0.0344118882323041,0.0139483401098354,0.0114821652640841
0.0,21.65999985,-0.024547818687175,0.0,-0.013960489631545,0.0052762187814243,0.0029255332845545
1.0,19.03000069,0.0154782630031835,-0.0261555081620805,-0.0048502644391259,-0.0020735414426891,-0.0022185728174575
1.0,20.80999947,-0.0015655514592793,0.0174645073296275,0.0178503246199372,0.0023534299078038,-0.0026284095680226
1.0,20.63999939,0.0040179185031838,0.0126122320800572,0.0135520625302305,-0.0065555752435866,-0.0040572276912085
1.0,25.30999947,-0.0063142803690379,-0.0145128911112184,-0.0125751794269444,-0.0030820108231663,0.0004064721127088
1.0,20.78000069,0.0052568740337974,0.0331412064920897,0.0140484105627223,0.0028355340923802,0.001624160672943
1.0,18.22999954,0.0106157241077102,0.0026508954441837,0.0023007983602809,0.0,0.0034427330051505
0.0,17.87000084,3.2695939614413305e-05,-0.0001676983856633,-0.0037363773935936,0.0077180367385212,-0.0003032783698211
1.0,18.60000038,-0.0053518348770893,-0.0136027369797293,-0.0042279119457138,-0.0002376437363684,0.0004043763621348
1.0,17.29999924,0.005810479853034,0.0134376252959675,0.0,0.0037958779103268,0.0001010107639523
0.0,16.37000084,0.0078713619757184,0.0243003230722376,0.0166186153201479,0.0007866897449249,-0.0017194984631254
1.0,15.78999996,0.0122151413508326,-0.0058202537938925,-0.0015916806795086,-0.0041841941428897,-0.0009114938540015
1.0,16.42000008,0.0022853305794061,0.0214428141941382,0.0122905954434369,-0.0035002521623894,0.0053559702610126
1.0,16.92000008,-4.357920926523207e-05,0.0003500023396867,-0.0002548830260415,-0.0013754211061494,0.0031194748315499
1.0,16.90999985,-0.0099541914241729,0.0209331412733124,-0.0019171572572673,7.029420262760766e-06,0.0027091198781787
0.0,17.44000053,0.0026145008355538,0.0,0.0035794246379659,0.0022096213938311,0.0007011539122991
0.0,17.17000008,0.0017192340654066,-0.0175955549610637,-0.0077245679715716,0.0012603914575795,0.0034984137143974
1.0,19.0,-0.0118062503689806,-0.0252680123312423,-0.0143106182272489,0.0075573166845268,-0.0001996237925965
0.0,18.01000023,0.0036468976203423,0.0132828275861793,0.0065588194796291,-4.866663112057523e-05,-0.0047015896078983
1.0,19.5,-0.0112411345380767,-0.0120070302761714,-0.008930220384288,0.0056517125964301,-0.0013044188756348
1.0,19.07999992,0.0012610464264852,0.0125587648199463,0.0078565244280266,0.0042041317303587,0.0002008260209285
1.0,17.60000038,0.0152836266890759,-0.0013529015624751,-0.003038772332168,0.0014363585894185,-0.0016074312133929
1.0,17.28000069,0.0020731998792982,0.0043251374453312,0.0058185948401625,0.0025720796828609,0.0002011086741937
0.0,17.51000023,0.0006293191852684,0.0042702541432468,-0.0015587750011842,0.0055877503179049,-0.0030202685242182
1.0,20.0,-0.0166954517048321,-0.0178110451107684,-0.0183025306089597,0.0004698702414982,0.0009069925679279
0.0,19.82999992,-0.0005018514573773,-0.0010451015716075,0.001816418479553,-0.0152168329594886,0.0032183444383235
0.0,22.37999916,-0.0092044978900087,-0.032740086423713,-0.0255049867557062,0.0104256551928356,-0.000401660044794
1.0,24.69000053,-0.0082907098397591,-0.0033994293271994,-0.0065996644866714,-0.0035226008365096,0.0068075178106781
0.0,23.65999985,0.0037468077326838,0.0261548202069104,0.0313410365235231,0.0065556202746215,-0.0006986346660715
0.0,26.42000008,-0.0156897260213249,-0.0243397426664131,-0.0368179729552444,0.0048445651214166,0.0001996266313986
1.0,23.43000031,0.009775102927449,0.0,0.0026181297105338,-0.0037538687918079,-0.000399370013894
1.0,20.52000046,0.0153488189279098,0.0006915862376111,0.0152738688112172,0.0048460839182729,-0.004804771332064
1.0,18.55999947,0.0090208860565095,0.0183178344240761,0.0183124960003482,-0.0067623963571277,-0.0006022803490157
0.0,17.19000053,0.0068829693671528,0.0121941667464806,0.0052758313070953,0.0038629941860692,0.0
0.0,17.19000053,0.0,0.0017288935878312,0.0026078250860841,-0.0062687608937039,-0.0014066051924643
1.0,16.35000038,0.0053404874189233,-0.019097722412205,-0.0103314102576295,0.0028834609237149,-0.0005027949953673
1.0,17.23999977,-0.0053375487550351,3.4068668366415977e-06,0.0080770119626993,0.0030997125698428,-0.0005031247168147
0.0,16.59000015,0.0024542211409581,0.0113188877938235,0.0082652440365063,-0.0019132126850891,-0.0051460901858311
1.0,16.07999992,0.0029753605713516,0.023069838970013,9.613024225352262e-05,-0.0015891177361782,0.0014152791747417
1.0,15.77999973,0.0010797386618204,-0.0105704144500045,0.0066400736214475,0.0050044026910418,0.0
0.0,15.40999985,0.0019347688619895,0.0017822686532635,0.0114735402211536,-0.0003871665855328,0.001009677821318
0.0,16.65999985,-0.0034833152268429,0.0014453239760747,-0.004290587509395,-0.0022446878626816,0.0013111280341222
0.0,16.93000031,-0.0008767431609637,-0.0010330212939901,0.0077101132178558,-0.0003950061945081,-0.0043432247997454
1.0,15.77000046,0.0067268806360836,-0.0090119352440289,-0.0133268172992,0.000755870858538,-0.0044638650906829
0.0,14.85000038,0.0020771919519528,0.0136206085082015,0.0061636977334078,0.0012312958780329,0.0005082903286055
0.0,15.73999977,-0.010720913495172,-0.013236045896539,-0.0118107257950086,0.0013996102462767,-0.0025438832961333
1.0,16.5,-0.0015978388002064,-0.0157674646853518,-0.0119228066349634,-0.0036934285227099,0.0
0.0,16.47999954,-0.0023867640083086,0.0026086560347611,-0.0004173577285779,0.0028987370978947,0.002238971169489
1.0,17.62000084,-0.0116598566339707,-0.0103698349750516,-0.0020598956182737,0.001534426290914,0.000609731310222
1.0,16.87000084,0.0079029515432864,0.0102674246335663,0.0082596612082372,0.0002441933845398,0.0017256073007825
1.0,14.90999985,0.008779407366477,0.0179202725667817,0.016233966775335,-0.0004341904016227,-0.0031489441527536
0.0,14.07999992,0.0064158705210441,0.0002079141562294,0.0056971373672958,0.002114850217918,-0.0035672307512113
1.0,14.0,0.004540067092261,-0.0013650577001271,0.002170329365601,0.0012384178890982,0.000408339315757
1.0,13.47000027,0.0032163043988262,0.0080378514917018,0.0064657005744095,-0.0219823792146192,0.0004080946995417
0.0,13.60000038,-0.0003044099808118,-0.0044130142699696,0.0088857069780932,-0.0035944177370916,0.0002040628411545
1.0,14.19999981,-0.0034981629196177,-0.0037166315323844,-0.0036079086124853,-0.0046035568923672,0.0020378745716076
1.0,14.32999992,-0.0013766142507272,0.0,0.022140537473172,0.0062050012865366,0.0018305742286059
1.0,14.51000023,-0.0054919533309742,0.0292334993247838,0.0254064769763857,-0.0021913348057678,-0.0015252586612284
1.0,14.89999962,0.0063340245335457,0.0131342871001027,0.0155326562022288,0.0035204530623627,0.0031496616580124
1.0,14.75,0.006177591927118,-0.0106451493006485,-0.0046164970037239,-0.0004152180261467,0.0010138749617887
1.0,15.38000011,-0.0034458535079036,-0.0163900634501299,-0.002464633576368,0.0008163357029014,0.0025302376660363
1.0,15.44999981,7.654530684497729e-05,0.0159648576266171,-0.002360773276445,0.0027207487482945,0.002019559834796
1.0,14.48999977,0.0064546111068626,0.0,0.0091471314989171,0.0035521316216637,-0.0027273782543009
1.0,15.11999989,0.0015763901487915,0.0305130129506228,0.0045673766728331,0.0066366680164735,0.0027273782543009
1.0,15.97999954,-0.0019410057092397,0.0146831341664288,0.0076095226796439,0.00550043649321,0.0
1.0,16.75,-0.0053476334806568,-0.0042549956024551,-0.0042492114868508,-0.0068871497048554,0.0019148652152862
1.0,15.84000015,0.002576603893317,-0.0032269068216326,0.0192267596824979,0.004052167073552,0.000704541323734
0.0,15.85999966,-0.0006425086369166,-0.0065588482049783,0.0073147732211502,0.0018636731254346,0.0
1.0,15.85999966,0.0,-0.0111184926596656,0.0038076557708937,-4.0729843020947953e-05,-0.0075746461704913
1.0,20.09000015,-0.0208424610486765,-0.0040932201248065,-0.0163041468471227,0.0042450875101485,0.0012158334736858
1.0,16.89999962,0.0115211176476694,0.0171753174770046,0.0158660737572731,-0.0088018165312764,-0.0040584625959709
0.0,15.64000034,0.0054725007848954,0.00293819602199,0.0067631034746415,-0.0010723346404448,-0.0077567458068825
1.0,16.09000015,0.0003268163370915,-0.0180198257288211,0.003217749093789,-0.0126889642364158,-0.0057542036263962
1.0,16.14999962,0.0049935942333849,0.0084409119260868,0.0078717644330588,-0.0026544420745464,-0.008486025165836
1.0,16.35000038,0.0040735879571425,0.0004718595861845,0.014923108802634,-0.0058952664251652,0.0023874587785508
1.0,16.35000038,-8.172646335147249e-05,0.0003164984107808,-0.0081895288483178,-0.0022643189555857,-0.0017641074856395
0.0,16.87999916,-0.0012934673662599,-0.000988767929714,-0.0146293440993794,-0.0003568961837769,0.0073472580978251
1.0,17.44000053,-0.0043111794907861,-0.0126003605823932,-0.0138088560203506,0.0139287191815835,0.0063720950949122
1.0,16.34000015,0.0053767852416513,0.0384767241508718,0.0179050710252681,0.0025781135324391,-0.0017431244335961
0.0,18.0,-0.0084394954737074,-0.0078394131353878,0.0029293940807075,-0.004042461622161,0.0018455896268205
0.0,18.63999939,-0.0050853001910375,-0.0087932149528526,-0.015245506295141,0.0092404517562618,0.0020466333126671
1.0,21.77000046,-0.0123266779270974,0.0080621090266586,-0.0005771752590746,0.0072131505081944,-0.0019442568721164
1.0,20.37000084,0.019504344377843,0.0381587988315992,0.0193719426288669,-0.0056459774537662,-0.008331213760278
1.0,17.36000061,0.0046801177836357,0.0225699798960743,0.0204153159747733,-0.0026429760033979,-0.0002065555189352
1.0,17.79000092,-0.0033091821945792,0.0,0.0159797263176724,-0.0022033133284224,0.0003098567317456
0.0,17.64999962,-4.895730596388148e-05,-0.0001856047335913,0.0,-0.0076840788884053,0.0010321891801599
1.0,20.81999969,-0.0157849413537434,-0.0121813353800117,0.0,-0.0022806348958939,-0.0005160008434961
1.0,20.60000038,0.0004989646078499,0.0091926233146324,0.0,-0.0005136928778819,0.0107798700390251
1.0,20.22999954,0.0037553120829585,-0.0112366059777997,0.0,0.0052563849886366,-0.0013283326713642
1.0,19.09000015,0.0069157557154593,0.0,0.004973395073998,-0.0029815143804343,-0.001023080396143
1.0,21.01000023,-0.010439959525728,0.0086799415797909,0.0270939106784915,-0.0008594212186761,0.0018406826481207
1.0,19.54999924,0.0076224889306342,0.0217780030476841,0.0203176430611922,-0.0015335293497926,-0.0018406826481207
0.0,17.93000031,0.0081034340288717,0.002902245124206,4.0040064304136536e-05,-0.0091108409992184,0.0009208039013763
0.0,18.62999916,-0.0053800270632677,0.0016475494348107,0.0,0.0037701483845999,-0.0018423782958656
0.0,19.86000061,-0.0043487950600731,-0.0446740475678719,-0.0312864343600942,0.0138323937404951,0.0146448505008551
1.0,23.56999969,-0.0090906333179283,-0.0368016063461489,-0.04452599290593,0.0209863639484799,-0.0028309230354794
1.0,21.14999962,0.0077261257126437,0.018855299538826,0.0253860067311837,-0.0151642247968064,0.005553076617133
0.0,23.75,-0.0056627077635535,0.0061818890266547,-0.002182240899005,0.0127609561820865,-0.0033281442053709
1.0,29.48999977,-0.0133657203720982,-0.0533976933612656,-0.0453317628608314,0.0029560694827219,0.001917570873247
1.0,25.5,0.0082698715406621,0.0284130712390648,0.0203899731691574,-0.0131736456508706,-0.0035351632818807
0.0,24.93000031,-0.0021374025198301,0.0142210452411486,0.0401429093648246,0.0056584084925166,0.0040392008821399
0.0,24.22999954,-0.0008379520703929,-0.0104571444513847,-0.0157274463295955,0.0017366576989639,0.0051263568753139
1.0,27.29000092,-0.0153448082637144,-0.0116993395881142,-0.0054205317098041,-0.0032315977816912,0.0061969488145079
1.0,27.19000053,-0.0060775464316567,-0.0012728542706312,-0.0017322790387428,0.020974243871997,-0.0064977638627548
1.0,23.51000023,0.0100799098360617,-0.0009447573150609,0.0147089684067545,-0.0085867632880356,-0.0013046040227235
0.0,22.37000084,0.0024911493941885,0.0282561627569286,0.0150184447918366,-0.0027171084923072,0.005108384672976
1.0,25.09000015,-0.013700999468126,-0.0343802209952759,-0.019369074412026,0.0136317743946294,-0.0086293224773195
0.0,24.05999947,-0.0027525826334908,0.0,-0.0043371498278297,-0.0102902885425493,0.0042236402256641
1.0,26.78000069,-0.0152539343230504,-0.0354137117952291,-0.0247914852926847,0.0095991086930862,-0.0070494207876157
1.0,26.14999962,0.0113881091671164,0.0142010444224585,-0.0033752296033231,-0.01261066049444,0.0048392408848281
0.0,26.95000076,-0.0037495954879176,0.0282530673156333,0.0250384694082068,0.0080130472130193,0.0017082671193531
0.0,25.32999992,0.0054044937363997,-0.0027194838238635,-0.0030396327411157,0.0024413422236628,0.0030075517407164
0.0,27.44000053,-0.0175594409476591,-0.0043108162180747,-0.0067729539782153,0.0049114114857342,0.0024993761195375
0.0,31.04999924,-0.0168632318534811,-0.0282601740794437,-0.0181148603358991,-0.0008887537132826,0.0035881688407304
1.0,30.61000061,-0.0039535538626989,-0.0159719032287224,-0.0247570455638097,0.0060268345928005,-0.0054871491670214
0.0,25.25,0.0287148933569696,0.0510774026604146,0.0447495019059882,-0.0084784205396903,-0.0031060347505285
1.0,24.54000092,0.007142944898689,-0.0240383460611646,-0.0183249482522942,0.0058101590291981,0.0038060669881465
1.0,23.87000084,0.0011202481077905,0.0125058741901238,0.0,-0.0018998354509038,0.0
1.0,23.87000084,0.0,0.005447716195416,0.0,2.6529246676787462e-05,-0.0004999294085425
1.0,24.17000008,0.0044170131744163,0.0002972373427194,0.0199814593654714,-0.0009346918801096,-0.0034065153202051
0.0,25.78000069,0.0007589601039832,0.0524799888291234,0.045059294169274,-0.0057998360472559,-0.0051315919684844
1.0,21.04000092,0.0247720383651266,-0.0073634520289704,0.0028663510308426,-0.014465809518029,-0.0031320820228684
0.0,19.48999977,0.006151066772988,0.0182383050568386,0.0158419927686566,-0.0029279063050955,-0.0017217623025862
1.0,19.22999954,-0.0011391696212506,-0.0074293111478187,0.0011135342174242,0.0060227860659898,-0.0028423404976569
1.0,19.12000084,0.0101218753980276,0.0240371631540234,0.0233820314614483,-0.0036093664532517,-0.0025446600631502
1.0,18.36000061,0.0117139889975117,0.004427971093575,0.0116689815407156,-0.0050368519150953,-0.0006117360768316
0.0,18.17000008,0.007944144840156,0.0235297082339869,0.011099797421874,0.0031527434744118,0.0016303616918316
1.0,17.94000053,0.0026065558375929,-0.0176698207957564,-0.008863888842562,0.0026151851064373,-0.0012225220572066
1.0,17.47999954,0.0119685540079377,0.0059503985012199,0.0041880311620943,-0.0086780809470337,-0.0005097672260543
1.0,18.87000084,-0.0023771959276999,0.0088730924309263,0.0173361291113849,0.0028012368005443,0.0036648783533026
1.0,19.5,-0.0063684535673278,0.0039801193970632,0.0072429148644772,0.0111945012271901,0.0018273373612736
0.0,18.92000008,0.010405755910293,-0.0075068757554195,-0.0043475295584833,-0.0052906485418331,0.0021278361607581
1.0,19.30999947,-0.0041414321711403,0.0096915888223616,0.0317914545305821,0.0013455381397262,-0.0029395480329972
1.0,18.70999908,0.0079420679485444,0.0136576846058069,0.0174221833211003,-0.0035605121091819,-0.0003045715964695
1.0,18.02000046,0.0012316179831479,-0.0102927207233172,-0.0023982929701844,-0.0011466207226522,0.0014205926859895
0.0,17.82999992,-0.0049061877901728,0.0,-0.0055370856834784,-0.0006859174686697,0.0030373154726275
1.0,18.80999947,-0.0003992518310802,-0.010612958939058,-0.0096350091905854,0.01040096626435,-0.0085279333072785
1.0,16.88999939,0.0101861842639152,0.0038418055545328,0.044675825634771,-0.0105776202962051,0.0039684548031315
1.0,18.29000092,-0.0011464128533376,0.0,0.0105985785462774,0.001514063917563,-0.0045804404465883
1.0,17.38999939,0.0225701716828652,0.0542969685404486,0.0191387687543258,-0.0202240375487114,0.0023437455466881
1.0,17.07999992,-0.0038103454955535,-0.0019146768822704,-0.0078968289668566,0.0071329947691589,-0.0041817967784671
0.0,17.19000053,0.0083904054969288,-0.0047273470895827,0.0044635702570463,0.0039515235417635,0.0010216172164803
1.0,18.37999916,0.0018781917448364,0.0051884142379563,0.0025872595888269,0.0094718950058378,0.0035672307512113
1.0,17.98999977,-0.0016038944366894,0.0084044523747621,-0.0125809890256558,0.0124958082474293,0.0019312140562055
