Date,y,Log_Return,RSI_14,ATR_14__logdiff1,Volatility_20__logdiff1,MACD__diff1
2023-05-02,1,,,,,
2023-05-03,0,0.00909685,42.95905244,,,
2023-05-04,0,-0.009148871,36.82574769,0.0038206566411904,0.0379164670317466,-2.32841092
2023-05-08,1,-0.000183898,32.78127401,-0.0398388336470612,-0.0128530443860492,-1.9904637050000016
2023-05-09,0,0.004894167,33.69876222,0.0102621545306234,-0.0950786531505212,-0.6875098739999999
2023-05-10,0,-0.001254124,31.44964835,0.0089241788941145,-0.0731536375900505,-0.8889214679999995
2023-05-11,0,-0.00541292,29.97524765,-0.0091734571797439,-0.0263935485609394,-1.8662337319999995
2023-05-12,0,-0.002209524,27.60727819,0.027539916525415,-0.1544372470720301,-1.969295965
2023-05-15,1,-0.006274189,27.0864247,-0.0121071728965285,0.0153538634224279,-2.830910905
2023-05-16,1,0.001586421,31.57958049,-0.0204544897669936,-0.0201381771284552,-1.917330723
2023-05-17,1,0.000358857,36.18419103,-0.0056615049846464,-0.0226263295384185,-1.4222425639999998
2023-05-18,1,0.005797086,52.06589841,-0.1051085602438446,0.037511682201714,0.0611734879999996
2023-05-19,1,0.008279386,59.98688769,0.0110000939020347,0.0698381872439632,1.7268619050000005
2023-05-22,1,0.008861841,62.76297897,-0.03206923992879,0.0594178545938168,3.14384472
2023-05-23,1,0.007572374,65.6013143,0.0096014654602725,0.0280025841057307,3.970887916000001
2023-05-24,0,0.004086143,63.02829046,-0.0083634394333182,-0.0247647045257108,3.870008747
2023-05-25,0,-3.9e-05,73.13482867,-0.0302118226838161,-0.0516217789877133,2.90367337
2023-05-26,1,-0.004982307,67.3330856,0.0242367441072253,-0.1459145056108575,1.10357518
2023-05-30,1,0.001611467,65.52075439,-0.0363303674155446,-0.0087288929409474,1.027228319999999
2023-05-31,0,0.010384326,72.13415525,0.026846560468547,0.0610416421119808,2.757744920000002
2023-06-01,0,-0.003254114,74.38145297,-0.0044513790388496,0.0190859733800401,1.281348659999999
2023-06-02,1,-0.003089683,73.2994618,-0.0281655773455846,-0.036837070213747,0.1458997499999981
2023-06-05,1,0.012451567,84.15593909,0.0444239465891964,0.0085707550856772,2.45672201
2023-06-07,1,0.005386413,84.98037261,-0.0195949078053145,0.0047236697816535,2.792102540000002
2023-06-08,0,7.27e-05,84.92613941,-0.0242982103208078,-0.0029732315011514,1.917435600000001
2023-06-09,1,-0.001817678,81.55445375,-0.0102899959678852,0.0033371238173263,0.8162152399999982
2023-06-12,0,0.011542305,82.4658553,0.0430823314098107,0.0187651719450201,2.74092847
2023-06-13,1,-0.004481477,75.00273341,0.0131326372428324,0.021920558804843,0.857688630000002
2023-06-14,0,0.003265377,73.4527911,-0.0465248131696269,-0.0702923920880662,1.0005632399999982
2023-06-15,0,-0.007178941,64.24978767,0.0274560053862007,0.0825895869944117,-1.0902175899999982
2023-06-16,1,-0.004032448,60.74252035,0.0459419672473062,0.0287604244656449,-2.051381450000001
2023-06-19,0,0.006591125,68.16189585,-0.0196928118200276,0.0041141147010597,-0.5641832600000001
2023-06-20,0,-0.006223186,62.19037621,0.0358781622057859,0.0234295633632379,-2.068128730000001
2023-06-21,0,-0.00176054,55.21823402,-0.0441379276545532,-0.0291858359457712,-2.289535739999998
2023-06-22,1,-0.008589878,51.37971848,0.0159518426848133,0.0315481059605842,-3.8480746
2023-06-23,0,0.004277195,56.04814195,0.0215354644556544,0.0009423587576256,-2.364892700000002
2023-06-26,1,-0.009140562,41.95157152,0.0016211085543038,0.0560783993981441,-3.9415970399999978
2023-06-27,0,0.004696883,41.36279706,0.0182302839858352,-0.0050807871678637,-2.2841483400000016
2023-06-28,0,-0.000313758,41.13125053,-0.0077119882186766,-0.0003759906944145,-1.9893977729999983
2023-06-29,0,-0.006685356,38.63717437,0.0321088077188931,-0.0394646975766139,-3.0432524690000005
2023-06-30,1,-0.005541406,25.91178752,-0.0182637961923002,0.0116250810187654,-3.5925294210000005
2023-07-03,1,0.005576539,33.02191957,0.0068068052476042,0.0169554897504804,-1.7140193299999995
2023-07-04,0,0.014783234,41.98082806,0.0689015501908696,0.0379042629697181,1.686221234
2023-07-05,0,-0.003525908,43.90807808,-0.0360633901539366,-0.0117003113523583,0.5538148860000001
2023-07-06,0,-0.005533348,43.13915168,-0.0242852981379546,0.0140516888607473,-0.750547241
2023-07-07,0,-0.008844723,34.2574794,0.0320242535381627,0.0344756514844233,-2.4340078160000003
2023-07-10,0,-0.011638958,32.31207216,0.0442883117128665,-0.0408093928568833,-4.273263964
2023-07-11,1,-0.002381424,32.11720838,0.0235317797923739,-0.0030893694010805,-3.785345078
2023-07-12,1,0.016442817,46.05037752,0.0426674366301331,0.1524808783623772,0.4531746980000006
2023-07-13,1,0.004761341,46.29470405,-0.004186059190983,-0.0005753531121861,1.410720563
2023-07-14,1,0.00639188,54.24244088,-0.0135184256658575,0.0156171543370886,2.486284812
2023-07-17,0,0.014204609,58.41242658,0.0351254093526463,0.0626572405459633,4.940748259
2023-07-18,0,-0.003544702,56.65689205,0.0076548305991228,-0.009923070009238,3.108415419
2023-07-19,1,-0.004354593,57.8487346,-0.0120949301491477,0.0061263180776265,1.471490792
2023-07-20,0,0.000237688,61.0633929,-0.009218507831131,-0.0299163856516484,1.1294763440000004
2023-07-21,1,-0.003075765,56.99769707,-0.0185930690490043,-0.0016835003320023,0.1602210799999994
2023-07-24,1,0.003658372,51.59722193,-0.0030288091847023,-0.0332059866236011,0.7982125680000003
2023-07-25,1,0.007166499,57.40475161,0.062928778283422,0.010499858227388,2.026060247
2023-07-26,0,0.003012328,62.41357922,0.0043238603711772,0.0010325337836967,2.1002238099999992
2023-07-27,1,-0.016868394,57.13326979,0.06997638367474,0.0956029681175927,-2.016129189999999
2023-07-28,1,0.00440708,66.425265,-0.0227934025149405,-0.0092929433862796,-0.7868927919999997
2023-07-31,1,0.001730583,68.78649813,0.0028864053132688,-0.0072556565915169,-0.3684619620000013
2023-08-01,1,0.009258021,66.24940711,-0.0248872673362123,-0.0459205463871015,1.539066034000001
2023-08-02,0,0.013016134,69.40701445,0.035209324584378,0.0456837170980906,3.832095620000001
2023-08-03,0,-0.019154447,54.63936679,0.0615331949223971,0.1142014702204194,-1.2028551000000007
2023-08-04,0,-0.004243735,45.34402791,-0.0062861706903203,-0.0193568050336505,-1.98131517
2023-08-07,0,-0.000994527,46.61541459,-0.006129649996696,-0.048928529205054,-1.8913570360000005
2023-08-08,0,-0.008523268,44.61860989,0.0009342207057798,0.0260111898395214,-3.3548981179999995
2023-08-09,1,-0.002611208,43.3122464,0.0198587910123855,-0.0778171970015808,-3.238006945
2023-08-10,0,0.012025453,50.87552125,0.0271849021041661,0.0396392641417717,-0.0885471679999998
2023-08-11,0,-0.001367497,48.49982625,-0.0511545291451738,-0.0109180853684884,-0.3881193650000001
2023-08-14,0,-0.00396704,42.96340888,-0.0308778098360691,-0.0702657243799,-1.156066954
2023-08-16,0,-0.007899839,38.17306168,0.0132207458063327,0.0162320182905268,-2.549448559
2023-08-17,0,-0.017749955,38.01808122,-0.0184267334690995,0.089552623969177,-5.59364071
2023-08-18,0,-0.002295039,34.60920172,0.0274810385718056,-0.0010014773280655,-4.768701245
2023-08-21,1,-0.006110301,31.69606078,0.0152943330030468,0.00528230769208,-4.830682200000002
2023-08-22,1,0.001715457,26.52483491,-0.024592396444329,-0.0055845617457856,-3.256659229999997
2023-08-23,0,0.00276242,17.95081001,-0.0247120076235063,-0.0198438762366608,-1.7757476900000029
2023-08-24,1,-0.004078676,21.65231611,-0.0896012435593647,-0.0085688978373283,-1.9657318099999976
2023-08-25,0,0.012761935,34.38640028,-0.0005224657404387,-0.004870817736573,1.2917471399999982
2023-08-28,1,-0.00733272,32.03023069,0.0526270457053987,0.0008127007316689,-0.2168553099999997
2023-08-29,1,0.009588135,42.06247526,-0.0056363844557432,0.0360678924517881,2.018709900000001
2023-08-30,1,0.003434359,45.39622591,-0.0478879951184758,-0.0289157859623845,2.509151620000001
2023-08-31,0,0.003543671,39.78591983,-0.0215045920580605,-0.0672075136549743,2.8895405399999987
2023-09-01,1,-0.001934524,39.53025316,0.0132498795067452,-0.132307767323268,2.037029199999999
2023-09-04,1,0.002906241,43.54587976,-0.0242048185751118,0.0022180627300958,2.33426068
2023-09-05,0,0.008096018,53.19803711,-0.0176546668952877,0.0354455422408923,3.609490655000001
2023-09-06,0,-0.000917454,66.53023992,-0.1064147206097447,-0.032645533031995,2.715942327
2023-09-07,0,-0.007322847,61.8134335,-0.0529136726752388,0.0218748418062251,0.6710935990000002
2023-09-08,0,-0.005900353,61.90424324,-0.0189782662907864,-0.066270527116397,-0.6387193259999999
2023-09-11,1,-0.000227663,60.79516491,0.0031256868933842,0.0003360948327815,-0.5009520250000001
2023-09-12,0,0.003604605,61.28108828,-0.0258594813616257,0.0054085659474409,0.3928674519999999
2023-09-13,0,-0.007970972,58.07694748,0.0493010079285811,0.00054295180189,-1.2645806329999996
2023-09-14,1,-0.00074148,49.08082089,-0.0396121827002198,-0.1938957338321376,-1.079363893
2023-09-15,1,0.014954471,64.78679505,0.0080869061473509,0.1332275281640393,2.274522071
2023-09-18,0,0.010973904,65.56735372,0.0441873008718127,0.0191360441503398,4.094539222
2023-09-19,0,-0.010262864,55.53810858,0.0425770375179133,0.0744022720501718,1.090325807
2023-09-20,1,-0.006042177,49.52172261,0.0038287954477227,0.0229802023528922,-0.394342641
2023-09-21,0,0.000207085,50.84341239,-0.0140063410528958,-0.0118073968319247,-0.273503208
2023-09-22,0,-0.017644824,39.97285767,0.076821188004899,0.0746061411608343,-3.789390701
2023-09-25,0,-0.002723455,33.31730887,0.0123378245941996,-0.0182472428135742,-3.475069937
2023-09-26,0,-0.004944113,31.92354674,0.0301421743883318,-0.0376361022022067,-3.630327759
2023-09-27,1,-0.013225369,30.16324278,0.0211898078867811,0.0517449789546375,-5.3395563500000005
2023-10-04,0,0.000852305,32.66950265,0.0002781597462675,-0.0091722099537498,-3.834587159999998
2023-10-05,0,-0.024383492,26.2407807,0.0994855701356072,0.171092234683897,-7.516186610000002
2023-10-06,1,-0.000869086,23.72648568,0.0174031643109993,-0.0095517557914748,-5.744811049999999
2023-10-10,0,0.002131975,26.88316435,-0.0362816243054457,-0.0321813992778681,-3.71558065
2023-10-11,1,-0.002556437,26.47438567,0.0558629439519955,-0.0019697211455005,-2.983196890000002
2023-10-12,1,0.019577516,28.83393041,0.0491078330888563,0.1393143642055294,1.904368869999999
2023-10-13,0,0.012065295,29.16352549,-0.0188700636012351,0.0420397518190993,4.295203170000001
2023-10-16,0,-0.009590961,29.45558439,-0.0022095821919521,0.0140345029639341,1.8587765200000028
2023-10-17,1,-0.00813918,29.01321244,0.0124632852806545,0.0007551129444003,0.22867587
2023-10-18,1,0.009774558,34.26366149,0.0315859156038067,0.022216925259018,2.446120999999998
2023-10-19,0,0.000987321,40.44450107,-0.0641357983933454,0.0011834927937277,2.440479320000001
2023-10-20,0,-0.019187227,35.29732844,0.045446741767892,-0.0026189953024005,-1.5189499600000005
2023-10-23,0,-0.017033078,32.36669131,0.05865105672027,-0.009915170865149,-4.125124450000001
2023-10-24,1,-0.00759932,33.82987143,-0.0261653446807508,-0.0051886281028945,-4.299584779999996
2023-10-25,0,0.011176078,38.4147644,0.0652375371538802,0.0473679274107174,-0.8398100500000041
2023-10-26,0,-0.00857029,43.20679562,-0.0688111638680362,0.0014249763226299,-1.85532259
2023-10-27,1,-0.027494828,36.06250928,0.0781847525074721,0.0673520815711041,-6.119817789999999
2023-10-30,1,0.001621065,35.82290592,0.0208684073348024,0.0057709622079507,-3.98107658
2023-10-31,0,0.003355471,37.73424052,-0.0382877460173927,0.0092732354424844,-1.9401694199999968
2023-11-01,1,-0.014192142,26.11254686,-0.0242180152584925,0.003208091209327,-3.533876590000005
2023-11-02,1,0.010293708,24.8248973,0.008630524254682,0.0285301008993696,-0.2646185199999991
2023-11-03,1,0.017896245,34.80497248,0.0444160172944081,-0.0118164423308781,3.73488055
2023-11-06,1,0.0107059,41.00044267,-0.0121056627127118,0.021914875773831,5.522345690000002
2023-11-07,0,0.055049005,54.32964322,0.1778470064018313,0.327021539973841,15.53985328
2023-11-08,0,-0.023618671,48.28460889,0.1033243543773569,0.047067542101487,7.8598817300000015
2023-11-09,1,-0.009182872,50.5608514,0.0003409777084821,-0.0219372703850764,4.630642529999999
2023-11-10,0,0.002252135,55.38551415,-0.0390067924395554,-0.0122219639189347,4.265489220000001
2023-11-13,0,-0.007203299,55.44971325,0.0180774764716651,-0.0027896696244917,2.1055955500000003
2023-11-14,1,-0.00245144,52.18980415,-0.0312204680285135,-0.0040625915317082,1.3083711699999991
2023-11-15,1,0.01219363,57.43129403,0.0169175852142537,0.0044680541870301,3.491980301
2023-11-16,1,0.021716622,70.35258804,-0.0147047263865349,0.0360892616857322,7.071930942
2023-11-17,0,0.000607057,70.20908158,-0.0142878927212071,-0.0309353237109037,5.655182118000001
2023-11-20,1,-0.007394032,66.97498602,-0.001242999010603,-0.021533532077675,2.898081607
2023-11-21,1,0.008607043,73.27570032,-0.0195579020616514,-0.0049623268495961,3.870264751999999
2023-11-22,1,0.007685536,73.01944365,-0.0118550680412634,-0.0039146149016744,4.4179359300000005
2023-11-23,1,0.000509757,70.39043753,-0.0383825153743231,-0.010485786533068,3.36556976
2023-11-24,0,0.001297088,68.72924145,-0.0201399919015079,-0.0904254243410278,2.66065944
2023-11-27,0,-0.007315108,48.9590454,-0.1997194190456674,0.012804698180564,0.3557721499999999
2023-11-28,1,-0.000388588,61.84260122,-0.1329495329205592,0.0018316417880352,-0.0692537299999997
2023-11-29,0,0.010403886,72.54998763,-0.0559216474516932,-0.0320232974320289,1.7579736500000005
2023-11-30,1,-0.000773549,71.21678297,-0.0056938077609722,0.0001085403275435,0.9319174299999986
2023-12-01,0,0.006124519,79.00188356,-0.014754205202363,-0.0197212810979428,1.664524150000002
2023-12-04,1,-0.012015314,71.00886311,-0.0126952653718057,0.019720330708373,-1.43083631
2023-12-05,0,0.003960173,68.44911708,-0.0465820477246698,-0.4631392470884172,-0.6312397499999989
2023-12-06,1,-0.008252781,52.01678073,-0.0879660804180089,-0.158513143704547,-2.4393940300000025
2023-12-07,0,0.000440853,51.91224091,-0.0113522792710694,-0.0413586504891698,-2.091619509999997
2023-12-08,1,-0.001327257,56.41307856,-0.0173024997455839,0.0026935500789955,-2.14707885
2023-12-11,1,0.010291684,57.49991412,-0.0186385999430491,-0.0029777436840188,0.15449555
2023-12-12,1,0.002978268,54.50114818,-0.031127621168439,-0.00902205094585,0.4985252899999999
2023-12-13,0,0.003916479,56.75013529,-0.0272584041041361,-0.0404754614982074,0.9538282499999972
2023-12-14,1,-0.009754516,48.90271117,0.0331578157880958,-0.1511078765181244,-1.4540564899999993
2023-12-15,1,0.013262739,61.26086539,0.042823532059764,0.0847716551950821,1.313155690000002
2023-12-18,1,0.00758857,64.79049559,0.0231639366640337,-0.0213549982105147,2.338266039999997
2023-12-19,1,0.001286464,60.90745696,-0.0286960331877059,-0.0257083963881283,1.832027010000001
2023-12-20,1,0.000658152,61.8026086,-0.0273532080887051,-0.0226021926010737,1.2860815599999995
2023-12-21,0,0.017654838,66.68639731,0.057881853069384,0.1300591228498646,4.35845282
2023-12-22,0,-0.005477249,71.51984481,-0.0119641907237593,0.0230951253287274,1.92719206
2023-12-26,1,-0.000196175,70.00760196,0.0036432551730771,-0.0350405343269084,1.0988589000000033
2023-12-27,1,0.001184167,77.95387124,-0.0145015299579638,-0.0023850944489103,0.7237461200000013
2023-12-28,1,0.004183182,79.01643277,0.0236087688375072,-0.0314402883722246,1.046208649999997
2024-01-02,1,0.015859802,83.71963756,0.0696631068485307,0.0798613543557893,3.7495010800000017
2024-01-03,0,0.005457209,82.92593901,0.0118811064448336,-0.0017714152660319,3.650946699999999
2024-01-04,0,-0.02368827,64.33943677,0.1163180354321964,0.1654265676649728,-2.61272013
2024-01-05,0,-0.007812419,58.73770559,0.0224421625560298,0.0249832748317615,-4.12320046
2024-01-08,0,-0.003461676,62.01956014,-0.0133532056045848,-0.0205904561656096,-4.354216280000003
2024-01-09,0,-0.00398765,54.5956685,-0.0327791525429943,0.0086406697734355,-4.590895479999997
2024-01-10,0,-0.002565804,49.52535455,0.031999056456148,0.0024127950569052,-4.4304542
2024-01-11,0,-0.007548215,45.2219779,0.0263428854983551,-0.004671844942214,-5.265767360000002
2024-01-12,0,-0.000672915,44.5694724,0.0080046994904967,-0.0016444173088858,-4.46020236
2024-01-15,1,-0.006009498,30.58517249,-0.0485863067709586,0.0063384259874359,-4.855954734999999
2024-01-16,0,0.000372177,32.90378598,-0.016735164241513,-0.0286962131323837,-3.821568831
2024-01-17,0,-0.011306759,29.14894382,0.0312105178246753,-0.0198490219420239,-5.308102239
2024-01-18,1,-0.025010044,22.49427739,0.1139882587191567,0.1276557448941089,-9.067909095
2024-01-19,1,0.001698191,20.72309214,0.0030113049815367,0.0008231358972157,-6.658867010000002
2024-01-22,0,0.013312395,18.21633589,-0.009719898028722,0.0545456270775321,-2.417280550000001
2024-01-23,1,-0.003398723,13.44389249,-0.0162260705237091,-0.0983378883875634,-2.344375209999999
2024-01-24,0,0.005769842,22.35588646,-0.099529246154117,0.0168381952046452,-0.4537092999999998
2024-01-25,1,-0.00360535,23.50390784,-0.0070570832274654,-0.0010258160257645,-0.8163786999999978
2024-01-26,1,0.000263216,24.72320581,0.0046943062353856,-0.001597231273668,-0.3277742000000003
2024-01-29,1,0.003321941,28.85638775,0.0553574813363533,-0.0028942627768158,0.6626315299999987
2024-01-30,0,0.008872889,36.63002242,-0.0113918614690953,-0.059454911537613,2.5374677100000014
2024-01-31,0,-0.000736017,39.68065736,0.0031053441414052,-0.0207417211116514,2.068518489999999
2024-02-01,1,-0.000688553,39.67875854,-0.0035397792292175,-0.1570934249119524,1.6870978
2024-02-02,1,0.018006012,53.63722145,0.0544475898985052,0.1272352454637664,5.12549252
2024-02-05,0,0.028250559,64.34906682,0.108035090915552,0.209535391922043,9.953136004
2024-02-06,0,-0.009219098,65.27179375,0.0343104105411962,0.0160202229285602,5.896118002
2024-02-07,1,-0.005848136,76.95382378,-0.064534820499059,0.0062626301603145,3.359515636
2024-02-08,1,0.012873893,79.28152661,0.0473454616622874,0.0154914714109546,5.202030878
2024-02-13,1,0.004107155,77.58093305,-0.0370561270582112,0.0005471103661198,4.78026375
2024-02-14,0,0.011127267,82.11595898,0.0200523340546472,0.0039631219569606,5.87749548
2024-02-15,0,-0.011089161,73.36780252,0.0549465622201532,0.0329864641212829,2.0003287800000003
2024-02-16,1,-0.002529461,73.92825031,0.0105998126079174,-0.0302191931505486,0.7427235799999998
2024-02-19,1,0.01328649,76.59495182,0.0239489319125851,-0.1611257527715892,3.065866109999998
2024-02-20,0,0.011822199,78.113883,-0.0261734515944636,0.0126522648772411,4.57504509
2024-02-21,0,-0.008418843,71.87974208,-0.0037114094173262,0.0193425012374914,1.400016210000004
2024-02-22,1,-0.001687026,71.35513192,-0.0051793919663545,-0.0054591276438049,0.3316023000000001
2024-02-23,1,0.004122167,72.53221878,0.0053256269195456,-0.0011043866723534,0.722423169999999
2024-02-26,0,0.001286553,69.03113121,-0.0373198713733686,-0.0125772702372612,0.41970302
2024-02-27,0,-0.007759484,55.73860569,-0.0687801372326637,0.0306462296678153,-1.7407567600000036
2024-02-28,1,-0.008357213,56.13812389,-0.0361435328401364,0.0321470160164931,-3.5260781100000003
2024-02-29,0,0.01032347,63.25752259,-0.0024093561573956,0.0045340066585932,-0.954278979999998
2024-03-04,1,-0.003750935,56.21966416,-0.0551958420728366,0.0071162591031859,-1.89358365
2024-03-05,0,0.012003955,59.47523641,0.0448553133873392,0.0146090038113548,0.7297245399999994
2024-03-06,0,-0.009343291,49.95718123,-0.0022911480193918,-0.0197171873069441,-1.7527539899999989
2024-03-07,1,-0.002990014,54.06868915,-0.0619647979638466,-0.1991281583533251,-2.3247905600000003
2024-03-08,1,0.002318019,56.54312567,-0.0077155975266927,-0.0349096786630092,-1.6264709199999992
2024-03-11,0,0.012286252,56.16488873,0.0123795014235184,0.0221805143928044,1.0611065399999973
2024-03-12,1,-0.007681416,45.8364031,-0.0300003571420597,-0.0166891549691046,-1.0923987499999974
2024-03-13,1,0.008225958,54.90765903,-0.0234540168469914,0.0151647836220263,0.6215474000000007
2024-03-14,1,0.004375515,57.98810491,-0.0120454402771663,-0.0334928272524903,1.1428297199999982
2024-03-15,0,0.009308421,60.23364087,0.0163705063778407,-0.0356448625634886,2.609551670000002
2024-03-18,1,-0.019281614,49.86339222,0.0497420625526054,0.1450811564635721,-2.422259850000003
2024-03-19,0,0.007099277,56.1897202,-0.0349265999341743,-0.0365508675743342,-0.679528549999997
2024-03-20,1,-0.011108355,54.85126177,0.0124206505752173,-0.0035487202907251,-3.188917240000002
2024-03-21,1,0.012707991,55.77913349,0.0050452152047504,0.0280589682068184,-0.0419154999999982
2024-03-22,0,0.023773467,64.71510559,0.0917847671126126,0.1356778440194901,4.87717275
2024-03-25,0,-0.002289504,60.41496673,-0.0333195917693767,0.0024404279937675,3.01014481
2024-03-26,1,-0.004006469,62.86140826,-0.0077601289468978,0.0069364184175659,1.1389436199999992
2024-03-27,0,0.007105117,66.31017222,0.0475871193941399,-0.014028497817967,2.093770299999999
2024-03-28,0,-0.000718399,65.34561878,-0.0204199049538278,-0.0254727692166696,1.1028935499999974
2024-03-29,1,-0.003377628,60.01712322,-0.0575786805637004,-0.0097786783968336,-0.2691415499999934
2024-04-01,1,0.000294883,64.13099907,-0.0072201521469632,-0.0074877289144357,-0.5353443800000051
2024-04-02,1,0.000447803,61.53308364,-0.0072715409858892,-0.0285019733389741,-0.7042700499999981
2024-04-03,0,0.001926845,60.64522038,0.0028196417801149,-0.0345661375538117,-0.503954499999999
2024-04-04,1,-0.016919394,48.04080666,0.0469443157231914,0.0872753606155747,-4.448713170000001
2024-04-05,0,0.012857664,63.23236752,-0.0276767989108628,0.0310792064834259,-1.0095524900000008
2024-04-08,1,-0.010186661,54.84474292,0.0307292206518492,0.0014693454354333,-3.3148360199999978
2024-04-09,0,0.00126658,61.53210665,-0.0487620470380565,-0.0172667789033678,-2.5919134400000026
2024-04-11,1,-0.004606473,53.06430854,0.0021006608895235,-0.0065950893304203,-3.2667474
2024-04-12,0,0.000665192,36.85217128,-0.0211162834460481,-0.0039799124223982,-2.618289449999999
2024-04-15,0,-0.009330526,33.39799221,0.0215722929912081,-0.0019097550792217,-4.22945543
2024-04-16,0,-0.004256211,33.33163623,0.0197101189647028,-0.0936527741649291,-4.346719432
2024-04-17,0,-0.023031079,19.61837675,0.0589256875356607,0.1165057618250404,-8.330589116999999
2024-04-18,1,-0.009800187,17.88836399,0.0521905236259856,-0.0056396392263717,-8.536968241
2024-04-19,0,0.019361089,31.92462757,0.0837533863205002,0.052151538219376,-2.5410913400000013
2024-04-22,1,-0.016393499,27.85269249,0.109203582272841,-0.1108923235013277,-5.262019139999998
2024-04-23,0,0.014395067,34.65103783,0.0233767695297304,0.0725641751634222,-0.9185892000000032
2024-04-24,1,-0.00244454,33.18082944,-0.0017418651345484,-0.0007644437636713,-1.01510081
2024-04-25,0,0.019903382,46.03223066,0.0138499213594109,0.0840604075859667,3.63936352
2024-04-26,1,-0.017770677,36.02041652,0.0121989712842807,0.046981649516308,-0.7214796199999967
2024-04-29,1,0.010486462,42.86208059,-0.0050608444758211,0.0269384810310215,1.8402573799999988
2024-04-30,1,0.011643546,46.51243281,0.0192079768122512,0.0275850472954148,4.097561949999999
2024-05-02,0,0.001717676,48.45970877,-0.0224698102919274,0.0008746821761409,3.706267435
2024-05-03,0,-0.00312895,47.30113701,-0.0698080715008866,-0.0008967428771775,2.318008968
2024-05-07,1,-0.002619275,49.37275653,-0.0095849191610866,-0.0425134562062545,1.314820123
2024-05-08,1,0.021338947,56.94787752,0.0288846507141342,0.0493803497865652,5.679123891
2024-05-09,0,0.003901863,66.51627714,-0.0904697216234575,-0.0152478370191859,5.281229621
2024-05-10,1,-0.012061356,65.32748609,-0.0065213529520957,0.0239893573900928,1.4312336739999996
2024-05-13,0,0.005695106,62.15120136,-0.0497534744483276,0.0012471564309946,2.259525078000001
2024-05-14,1,-0.000153963,69.90614836,-0.1159713186592612,3.507615140474485e-05,1.6135549699999991
2024-05-16,1,0.001147081,66.51284031,-0.0546054524716854,-0.0156637314164553,1.3722597400000005
2024-05-17,0,0.00826505,70.19826546,0.0471160508907462,0.0031877967186222,2.72550405
2024-05-20,1,-0.010362214,58.21594625,-0.0595411647179271,-0.0812296888959007,-0.316872270000001
2024-05-21,0,0.006409586,71.19487578,-0.0362287083722394,-0.0266109417722448,0.9646218400000032
2024-05-22,0,-0.006571158,63.14664613,-0.0270091112721408,-0.0437362304344732,-0.8726437600000025
2024-05-23,0,-0.000264324,57.91091865,-0.0147101466397399,-0.0783683952488294,-0.9268823299999998
2024-05-24,0,-0.000605995,56.62023405,0.0182130155419955,-0.0377511405746844,-1.0329967599999996
2024-05-27,1,-0.012648483,50.78849441,0.0643867632453343,0.0478202199374857,-3.70174638
2024-05-28,0,0.013081899,58.31244545,0.0202254554301677,-0.0551572132869955,-0.1983368900000002
2024-05-29,0,-5.14e-05,47.39909458,-0.099720830925412,-0.1119566671623752,-0.2855249900000007
2024-05-30,0,-0.016870319,36.77426304,0.0691909880202952,0.0749437780228419,-3.973043514
2024-05-31,1,-0.015758713,35.53264288,0.0069043754876725,0.028033153761739,-6.522493833
2024-06-03,1,0.000409744,31.82669064,-0.0055755283105334,-0.0015303132890212,-5.020168097
2024-06-04,0,0.017296785,42.45738142,0.067006213153979,0.0809874236948848,-0.2025667800000006
2024-06-05,1,-0.007641337,39.1177934,0.0215725158359942,0.0118876787476649,-1.724239667
2024-06-07,1,0.010239981,40.02448469,-0.0167479493273821,-0.0933071078290206,0.9179027630000008
2024-06-10,0,0.012257685,49.69817697,0.0251552064570836,0.0395087799990285,3.4377834019999995
2024-06-11,1,-0.007928004,43.7364278,0.0035669636522577,-0.0213826369703191,1.011738471
2024-06-12,1,0.001535246,46.98954818,-0.0099291414148532,-0.0089799863602006,1.145626767
2024-06-13,1,0.008410796,50.70220445,-0.0004681322376707,0.0201615582827816,2.72918395
2024-06-14,1,0.009746449,54.58881669,0.0381739068402611,0.0233649953528685,4.24748814
2024-06-17,0,0.001280548,60.73809355,-0.0468544613582313,-0.0162622992570806,3.5387284260000005
2024-06-18,1,-0.005204836,53.41930871,-0.040869219272023,-0.0222150644658487,1.5191850220000005
2024-06-19,1,0.007196746,56.25359665,0.0275107543737767,0.0027739925684615,2.64299979
2024-06-20,1,0.012015485,68.97829576,-0.0228465671355651,0.0185734103257519,4.57749083
2024-06-21,0,0.003675251,80.24384094,-0.0587078660500104,0.0005850241880658,4.19739178
2024-06-24,0,-0.008358537,74.06508365,0.0029698889479097,0.0231593606326878,1.165859619999999
2024-06-25,1,-0.007039158,64.65474321,-0.0682854125978207,-0.0323584080455177,-0.9162462299999988
2024-06-26,1,0.003487891,70.81527972,-0.0188271179479295,-0.0379685640418454,-0.2085418600000004
2024-06-27,0,0.006345246,69.72195955,-0.0161550542269677,0.0075335740364437,0.9865000299999984
2024-06-28,1,-0.002865796,63.07232423,-0.0254560630792402,-0.1010910213999531,-0.1346212700000002
2024-07-01,1,0.004930252,71.28205514,-0.0495610572690181,-0.1290895050403868,0.7235842100000021
2024-07-02,0,0.002316973,71.57496161,0.0119139214951387,-0.0028900431339158,0.8077768600000006
2024-07-03,1,-0.008397269,61.453914,0.010563482990634,-0.0491643384039912,-1.52383704
2024-07-04,1,0.004717572,59.03719646,-0.0670065677203881,-0.0462882379748492,-0.4135880000000007
2024-07-05,1,0.011009261,63.64013192,0.0364783352774629,0.0068736621354288,1.8793284299999973
2024-07-08,0,0.01311393,72.1374898,0.0769157505221493,0.0093848544443133,4.161715070000003
2024-07-09,1,-0.00156293,68.65906975,-0.0396158993799757,-0.0528252255524073,2.57119994
2024-07-10,1,0.003360575,65.38410396,-0.0394576842035507,-0.0008971154137125,2.4197445700000024
2024-07-11,1,0.000212753,63.8453483,-0.0101702364571627,-0.0158602526506381,1.5547797899999978
2024-07-12,0,0.008112122,74.56533062,-0.005354605287049,-0.0130998325212932,2.674197339999999
2024-07-15,1,-0.011951432,69.81829203,0.056949113419253,0.1101708834534331,-1.0829043800000022
2024-07-16,1,0.001371101,69.05527652,0.02232807961912,-0.0260720753812,-0.9612827499999952
2024-07-17,0,0.001805538,67.25391938,-0.0379111201630593,-0.0148076019887994,-0.7553057800000005
2024-07-18,0,-0.007986916,62.91144226,-0.0090425325378875,-0.0155237818269293,-2.8165625500000004
2024-07-19,0,-0.006683562,55.65551562,0.077547418328395,0.0234900807004345,-4.091480940000004
2024-07-22,0,-0.010281626,48.27785738,0.0636024838403477,0.0194066039915172,-5.83746983
2024-07-23,1,-0.011495044,46.7319486,0.0334846586804373,0.041365939691536,-7.382973739999999
2024-07-24,0,0.003893258,46.25210078,0.0195695386854239,0.0014272117816789,-5.10104276
2024-07-25,0,-0.005631708,36.63265346,-0.0029267947774171,-0.0075397113018809,-5.357874150999999
2024-07-26,1,-0.017574743,20.68089133,0.0179125803736099,0.1164943423037225,-8.08903252
2024-07-29,1,0.00780888,27.13966311,0.0318869222751301,0.0165049405397157,-4.607638735
2024-07-30,0,0.012235007,32.98479886,0.0507824490524915,0.0568746111113922,-0.8399538330000009
2024-07-31,1,-0.009935212,30.09328424,0.0409414048363649,0.008478188457893,-2.742212670999999
2024-08-01,1,0.011799269,31.99965327,0.0171445949062194,0.0390840249105082,0.5722321499999996
2024-08-02,0,0.002519657,37.11502113,-0.0464638006265181,-0.0391371884785591,1.1275116940000007
2024-08-05,0,-0.037221903,27.21467985,0.1656420574357531,0.2502663774481091,-7.103963014000001
2024-08-06,1,-0.091761016,16.56324294,0.3915092500893071,0.6818204609259344,-24.09381189
2024-08-07,1,0.03247857,26.81767777,0.1222002701926259,0.0684442956506243,-11.983043540000004
2024-08-08,0,0.018175323,32.22539359,0.0407274003374009,0.0233162664075701,-5.097351659999994
2024-08-09,1,-0.004557906,33.01458695,0.0044689488313442,-0.0081323918025608,-4.266478970000001
2024-08-12,1,0.012322397,37.53878448,0.003513065683288,0.0116861611217498,-0.106386030000003
2024-08-13,1,0.011473783,39.19123247,0.0010159452802112,0.0092344479384096,3.008188770000004
2024-08-14,1,0.001221402,40.32656276,-0.0010555927685214,-0.0002839241884804,3.286566729999997
2024-08-16,1,0.008735338,45.16554032,-0.0228147057734489,0.0059897332750105,5.046706440000001
2024-08-19,0,0.019743302,47.57766391,0.027506493288782,0.0198280119109086,8.73984333
2024-08-20,1,-0.008515174,43.53285217,-0.0093653682293979,-0.0009782701255049,5.502969759999999
2024-08-21,1,0.008292662,47.03057308,-0.0010215409866054,0.0001819217241196,6.505129410000002
2024-08-22,1,0.001667359,44.82285432,-0.0168752395907025,-0.0007020616761184,5.798632779999998
2024-08-23,0,0.002418297,44.78587354,-0.0024389031780156,-0.0002952082185792,5.34176665
2024-08-26,0,-0.002210976,52.21415919,-0.094173809115686,-0.0112897467438806,3.924200259999999
2024-08-27,0,-0.001363014,87.18110809,-0.3443579571670758,-0.0026463830878413,2.952330770000001
2024-08-28,1,-0.003252124,80.59998033,-0.2087631758683694,-0.0068616346727963,1.7520013799999994
2024-08-29,0,0.000215679,76.70222762,-0.1247327507431248,-0.0030666352683437,1.5366847709999991
2024-08-30,1,-0.010295114,71.69760376,-0.0258662231935939,-0.0039722753052133,-0.8935213869999998
2024-09-02,1,0.004508516,69.20741596,-0.0514870264682678,0.0008920210187772,0.3700386709999996
2024-09-03,0,0.002498434,65.64529001,-0.0138543197172964,-0.0567569860108143,0.9298004940000002
2024-09-04,0,-0.006124692,60.09831942,0.0056996605273966,-0.8194552352951892,-0.4817845229999999
2024-09-05,0,-0.03196572,38.39200469,0.1229974862003842,0.0710977516174358,-6.963638686
2024-09-06,0,-0.002055757,23.18128715,8.52568848475066e-05,-0.0657593980820268,-5.698172469999999
2024-09-09,0,-0.012195976,22.35865149,0.0253749492422095,0.0289276970450469,-6.70945996
2024-09-10,0,-0.003287307,13.70497357,0.043247141193361,-0.0368791952011386,-5.600940810000001
2024-09-11,0,-0.004941347,11.26518162,0.003929025131744,-0.0381458950838817,-4.999660859999999
2024-09-12,1,-0.003994531,8.286842817,0.022962488300664,-0.0015808984138256,-4.276937699999998
2024-09-13,1,0.023094303,27.31411878,0.0663003880408452,0.1160944582823617,1.8247449299999945
2024-09-19,1,0.001289878,28.51230546,-0.0154771109885354,-0.1031693070984758,2.1650857900000062
2024-09-20,1,0.002090737,30.76514047,0.0542876425878517,-0.0062512913518633,2.5722144
2024-09-23,1,0.004858786,33.58965754,0.0255087033742866,-0.0149612022763463,3.43463491
2024-09-24,1,0.003325994,39.04140602,-0.043722435792179,0.0038152827886577,3.757661049999996
2024-09-25,0,0.011338173,42.71602713,0.0169586182941738,0.0380477517110122,5.645531040000002
2024-09-26,1,-0.013527315,36.82227708,0.0647872804779989,0.0325217526908154,1.8727337099999983
2024-09-27,0,0.028571256,50.91275129,0.0699099009901091,0.1686799947219652,7.71907552
2024-09-30,0,-0.008189711,60.84114803,-0.0873924528162319,0.0080562853878864,4.470490324
2024-10-02,0,-0.021556994,52.40558255,0.033119980367847,0.06093014420789,-0.8953275239999989
2024-10-04,1,-0.012252461,52.35453808,-0.015932050173367,0.0051359053295794,-3.100400220000001
2024-10-07,1,0.003125863,54.57253538,-0.038272565063306,-0.0022240856547242,-1.633706930000001
2024-10-08,0,0.015702723,60.9357373,0.0466758371834998,0.0381707054443065,2.1385801100000013
2024-10-10,1,-0.00615586,60.03569754,-0.0067855209099394,3.875704543876424e-05,0.5474493099999993
2024-10-11,0,0.001848383,53.87166025,-0.0666164763593384,-0.1469733411507201,0.9554193299999998
2024-10-14,1,-0.000866039,53.08447563,0.0109348088516725,-0.0007619170499495,0.7017883999999999
2024-10-15,1,0.010107027,55.74951223,-0.0297143904130003,-0.0158681243691312,2.7789618990000005
2024-10-16,0,0.003865485,55.45898982,-0.034188412300689,-0.003652327781519,3.080787678
2024-10-17,0,-0.008806571,51.0942357,0.0308392914224406,0.011952353701421,0.6297499980000003
2024-10-18,0,-0.000406179,46.82950112,-0.0265427602141175,-0.0050668488933958,0.4596064729999995
2024-10-21,1,-0.005950286,49.62469176,-0.0695740402891953,-0.0834216487826529,-0.8292416990000002
2024-10-22,0,0.004270216,37.60732414,-0.1041654429776248,0.0028584608968778,0.2907556549999999
2024-10-23,1,-0.013223718,35.94578459,0.0189808317122608,0.0355816057886411,-2.450323628
2024-10-24,0,0.011187109,51.25125318,-0.0778610554725154,0.0194992981725734,0.4668510729999999
2024-10-25,1,-0.00717677,54.01647415,-0.0385376982262912,0.0069722263311087,-1.042925199
2024-10-28,1,0.00086749,52.88537065,0.0101611124015112,-0.026916294314665,-0.5522545030000003
2024-10-29,1,0.011224751,50.45868653,-0.0506938670730048,-0.0081957630814946,1.9859257570000004
2024-10-30,0,0.002053493,55.506992,-0.0167810030823827,-0.1998784650057485,2.054135474
2024-10-31,0,-0.009214147,48.84284955,0.029265657037035,0.0046200626556709,-0.2595466459999995
2024-11-01,0,-0.01461796,42.37903215,0.0338470055298074,-0.0753190769875553,-3.1566063360000003
2024-11-04,1,-0.005409356,34.12078947,-0.0221524043343888,-0.0401836217081559,-3.487818355999999
2024-11-05,0,0.018167276,42.36473268,0.0633174526633744,0.1061605008866521,1.110638616999999
2024-11-06,0,-0.004680783,44.02736173,-0.0180217927508694,-0.0739426913241843,0.0181442589999996
2024-11-07,1,-0.005201902,42.17504639,0.0666432409475579,-0.0033509782287737,-0.9400965059999996
2024-11-08,0,0.000436756,44.75430162,0.0194008079475751,-0.0017503133626535,-0.5242644199999997
2024-11-11,0,-0.001357835,41.91270802,0.0312929388709495,0.0001482336681712,-0.5594353999999999
2024-11-12,0,-0.011581159,42.65833153,-0.0082759066139992,-0.007616062851997,-2.655488250000001
2024-11-13,0,-0.019580838,29.54025019,0.0218228452364956,0.0839799497181612,-5.8309540099999975
2024-11-14,1,-0.026734109,25.37915368,0.0887986493474297,0.1347345466038989,-9.5606787
2024-11-15,0,0.000736167,25.27592433,-0.0070903330583491,0.002081297944378,-7.007604720000003
2024-11-18,1,-0.000827178,17.97398111,0.0241109145286477,0.0006367152524164,-5.2290151300000005
2024-11-19,1,0.021372368,28.88374653,0.0731823419836903,0.1109163858303938,0.5484979900000013
2024-11-20,1,0.001165704,31.59733822,-0.0289792985208188,-0.0198905024628777,1.1336259899999988
2024-11-21,0,0.004174244,37.84156783,-0.0433564034036226,-0.0268653310096516,2.17425686
2024-11-22,1,-0.000669024,39.41560556,-0.000202714564049,-0.0046572926821673,2.007503670000005
2024-11-25,1,0.008274092,33.48518022,-0.0299211841916196,0.0187390306173167,3.630524279999996
2024-11-26,0,0.013146678,42.57905698,0.0302897257070653,0.0101988523855833,5.85710065
2024-11-27,0,-0.005531492,42.48861448,-0.0501592844401113,9.26858985463852e-05,3.779145970000002
2024-11-28,1,-0.006887784,39.85369755,-0.0221704653154044,-0.0055503747413929,1.84320284
2024-11-29,0,0.000642951,40.63474611,-0.0439680247685716,-0.034072415466289,1.813916159999998
2024-12-02,0,-0.019659629,38.19394873,0.0429385674936746,0.061774913632826,-2.2478102099999973
2024-12-03,1,-0.000582411,44.85812322,-0.0323465750815521,-0.0816062232428675,-1.6288396000000027
2024-12-04,0,0.018415852,66.38896279,-0.0430785569935885,0.0819014622248879,2.627951390000004
2024-12-05,0,-0.014544724,57.84767714,0.0563491505825459,0.0269855616017435,-0.5858956000000006
2024-12-06,0,-0.009030057,54.06010892,-0.0120845818496659,0.00676779000087,-1.9843539400000016
2024-12-09,0,-0.005622256,42.40239107,-0.0033565187792152,0.0013526307902491,-2.3825492399999995
2024-12-10,1,-0.028226348,33.32438939,0.1045216017560992,0.0872371066995993,-6.96626341
2024-12-11,1,0.023967231,41.53867752,0.0731936119855367,0.0542545480349714,-0.5193708600000022
2024-12-12,1,0.010151587,45.28055974,0.016360769466627,-0.0808732442780693,1.9377530000000007
2024-12-13,1,0.016086878,47.73922005,0.0247491691708447,0.033582579995433,5.032577060000001
2024-12-16,0,0.004959176,45.04101698,-0.0173471314310047,0.0010275879382284,5.224539799999999
2024-12-17,0,-0.002203299,46.01253174,0.0167211610482249,-0.0605256870824275,3.89307612
2024-12-18,1,-0.013005174,44.33862573,0.0097105909390591,0.0261561870442017,0.6780258800000034
2024-12-19,0,0.011179445,47.67077857,0.0276900214830102,0.0162206601340955,2.9201428799999984
2024-12-20,0,-0.019714644,47.69932372,0.004957335436682,0.051484286889698,-1.4287313200000007
2024-12-23,1,-0.013132216,44.58315247,0.0175868966972538,0.0055177880515877,-3.4859002499999985
2024-12-24,0,0.015625105,43.64176447,-0.0052451547436511,0.0104099785775764,0.4974215999999991
2024-12-26,0,-0.000610335,47.21932772,-0.0598231300088638,-0.0016820772777634,0.47355005
2024-12-27,0,-0.004455726,48.51786582,-0.0268150758369549,-0.0025718736298996,-0.2972245300000011
2024-12-30,0,-0.01030114,47.22940541,-0.0349287316143365,0.0085590484672932,-2.018502729999998
2025-01-02,0,-0.002198062,55.40701095,-0.051846113873549,-0.0429783846218105,-1.7789615600000026
2025-01-03,1,-0.000229262,46.88219142,-0.0658400128169982,7.270485690824557e-05,-1.1936933999999972
2025-01-06,1,0.017757634,49.90820322,0.0460446088313291,-0.0035016896173436,2.750934349999998
2025-01-07,1,0.01895175,50.99229573,0.0032891744441063,0.0230888140059901,6.10845177
2025-01-08,1,0.001389434,49.63085623,0.0059078599826403,-0.0127966240216377,5.2184519080000005
2025-01-09,1,0.011549733,54.67503191,0.0246973375445613,0.0070236387695183,6.495059092
2025-01-10,0,0.000337046,60.43808903,-0.0257108863170647,-0.1459057833991295,5.179628906
2025-01-13,0,-0.002429641,55.39978874,-0.0117863775472994,-0.0835228541541281,3.534004516
2025-01-14,1,-0.010476895,60.00524701,-0.0562542172324209,0.0140749134371507,0.6009975079999998
2025-01-15,0,0.00314414,69.10313991,-0.0492724815528808,-0.0503862144628399,1.0132308070000011
2025-01-16,1,-0.000236211,63.2495564,-0.0247117248802068,-0.0052006325564208,0.6522051189999996
2025-01-17,0,0.012212771,68.42666093,0.0356519010469416,0.0296318768177492,2.856372713999999
2025-01-20,0,-0.001560052,70.49074452,-0.0127372739039364,-0.0432377005979809,1.7890341200000002
2025-01-21,0,-0.001387898,77.75431873,-0.045216224839554,-0.0235663877966585,0.96750737
2025-01-22,1,-0.000801901,78.99431746,0.0026079306053268,-0.1208829476652129,0.4308964400000015
2025-01-23,0,0.011462914,81.79916055,0.0226757153543459,-0.0507785332321146,2.4824912500000007
2025-01-24,1,-0.012472164,66.60802605,-0.0535420577155911,0.0118128977632068,-0.7726202200000003
2025-01-31,0,0.008435852,62.28076729,-0.0462188704278787,0.0134389057679458,0.9042412599999992
2025-02-03,0,-0.007688711,55.95852417,0.0184492638727915,0.0167557374828852,-1.0421968700000015
2025-02-04,1,-0.025515801,36.39051086,0.077094518486676,0.1602004585418148,-6.064499609999999
2025-02-05,1,0.011240805,42.64657295,0.0717961127566804,0.0195187302894117,-2.6582058160000006
2025-02-06,1,0.011052126,48.89612158,0.0081752522520393,0.0171498060311696,0.028079301
2025-02-07,0,0.010891852,57.96777768,-0.0091841915208688,-0.0378754356182549,2.124413649000001
2025-02-10,0,-0.005863249,54.04460446,-0.0071522808286426,-0.0651332088921616,0.3674696359999991
2025-02-11,1,-0.000257735,54.03389847,-0.0063436372507208,5.021442011265975e-05,0.1179409699999993
2025-02-12,1,0.007027264,51.99118915,-0.018651261503606,-0.0217225494674089,1.3912912200000012
2025-02-13,1,0.003671731,54.20045809,0.0128436610172308,0.0028969450071754,1.6997839900000002
2025-02-14,1,0.013555552,59.65253142,0.0302273011671605,0.0394549420481125,3.95152635
2025-02-17,1,0.003045921,60.96988627,-0.0465161848821344,-0.0386275823911947,3.52481916
2025-02-18,1,0.00744788,59.80316757,-0.0271218718680748,0.007529184161843,4.066896490000001
2025-02-19,1,0.006259107,68.07260003,-0.017893039268944,0.0022432302808352,4.207554769999998
2025-02-20,0,0.016877402,70.3271047,0.0564756795435403,0.0291818839310131,6.528939070000003
2025-02-21,1,-0.006557041,70.7476817,-0.0315999984132959,0.0168357571355919,3.3138596199999952
2025-02-24,0,0.000195914,87.64026108,-0.1423553638976238,-0.0024768104064536,2.1914583800000003
2025-02-25,0,-0.003513333,82.96920885,-0.0679718241292697,0.0062758394071797,0.5029445400000014
2025-02-26,1,-0.005679026,75.69645608,-0.0129122582930247,-0.0072455316938366,-1.277998199999999
2025-02-27,0,0.004097623,73.84370763,0.0011205913542329,-0.0540065514875234,-0.602233070000004
2025-02-28,0,-0.00734971,72.35234695,0.031486039941186,0.0129431701552711,-2.4702657799999983
2025-03-04,0,-0.034524508,51.84674214,0.149341767486772,0.2474070686628868,-9.46019358
2025-03-05,1,-0.001525222,48.29865977,0.01610918227761,-0.1293461783452123,-8.03943344
2025-03-06,1,0.011484174,51.53346879,0.0253105796954442,0.0010216178224258,-4.196616690000001
2025-03-07,0,0.007023407,48.83488976,-0.0212038788985262,-0.0132444797091384,-2.0298845199999995
2025-03-10,1,-0.004934181,45.48963503,0.036264706815515,-0.0144508767140454,-2.7589672000000007
2025-03-11,0,0.002691894,43.17290196,0.0167209421174505,-0.0090250494502104,-1.736022039
2025-03-12,1,-0.012838806,35.59130219,0.0816729336797941,0.0397889640077497,-4.081713734999999
2025-03-13,0,0.014560864,33.99430543,-0.0227405973594834,0.0317450139579209,-0.2881665130000002
2025-03-14,0,-0.000458458,35.93069414,0.0251385603295415,-0.0016597127517004,-0.3759897299999997
2025-03-17,1,-0.002832603,34.92274633,-0.0001902889726244,-0.0357038226142423,-0.9270908370000002
2025-03-18,1,0.017125937,44.72188146,0.0311269618064464,0.0572049114821924,2.768706584
2025-03-19,1,0.000631873,47.14399919,0.0064300395212524,-0.0100696288211468,2.228074717
2025-03-20,1,0.006212633,48.04992009,0.0047311377352077,-0.0001121647873931,2.9461677529999992
2025-03-21,1,0.003220827,52.48488298,-0.0156499164369798,-0.0583563073204178,2.85297559
2025-03-24,0,0.002283911,74.42130868,-0.1228985777327804,-0.0066576431571379,2.5519920500000026
2025-03-25,0,-0.004193142,72.12296195,-0.0341313988257625,0.0032646415908184,0.9238233099999996
2025-03-26,1,-0.006196811,63.09846161,0.0200282168750169,0.0051317586476038,-0.7771657600000026
2025-03-27,0,0.010696383,64.71693332,0.0164655970320004,0.0186406735693678,1.440081130000003
2025-03-28,0,-0.014012573,58.58329063,0.012163862448002,0.0349948259782566,-2.0179679900000025
2025-03-31,0,-0.019039756,47.90831842,0.0563945491179942,0.053197586675334,-5.691837949999998
2025-04-01,1,-0.030507759,41.71165374,0.0270100480732957,-0.0465025556550298,-10.714246052
2025-04-02,0,0.016100176,42.22876858,0.0139480374013345,0.0509812262731257,-5.183406632
2025-04-03,0,-0.006178262,40.536686,-0.0126773074745494,-0.0204108472380983,-5.242304716
2025-04-04,0,-0.007675521,39.23508561,0.0921640446505454,-0.0057719698310476,-5.518310830000001
2025-04-07,0,-0.008594364,29.06465677,0.0412494427112619,0.0065619784734911,-5.84077488
2025-04-08,1,-0.057266731,20.5565883,0.1630543146896839,0.3559538574049075,-15.275626369999998
2025-04-09,0,0.002586648,18.83236991,0.0313806327654511,-0.001551323184624,-11.0661724
2025-04-10,1,-0.017515851,15.95408026,0.0411522536328878,-0.0204851224727438,-11.35624963
2025-04-11,0,0.063903474,34.75563743,0.1498274067214318,0.3103605010343515,3.853373120000001
2025-04-14,1,-0.005059726,34.68727871,0.0347829870966709,0.0002959227667975,2.667126109999998
2025-04-15,1,0.009479216,37.84504869,-0.0099108870704673,-0.0125218609509656,4.54004303
2025-04-16,0,0.008724447,37.21418725,-0.0073676836107958,0.0062129491886593,5.824073560000002
2025-04-17,1,-0.012175158,37.60745705,-0.0064961523400928,-0.0002423281467969,2.655447069999994
2025-04-18,1,0.009345627,42.91767581,-0.0364215506464349,0.0059857842372705,4.367369660000001
2025-04-21,1,0.005252518,50.20742137,-0.0707889216215491,0.0020644341773339,4.86352368
2025-04-22,0,0.002011329,46.82437596,-0.0378247143552279,0.0011559147375472,4.557848410000002
2025-04-23,1,-0.000715581,48.09836538,-0.0180557649070354,-0.0004294075055732,3.72556092
2025-04-24,0,0.015530485,53.70011432,-0.0379531320373809,0.007418195189182,6.27776652
2025-04-25,1,-0.001279735,55.6116632,-0.063787950572514,-0.0071394115729117,4.84341145
2025-04-28,1,0.009458236,77.6903058,-0.1698511309957733,-0.0110394276437459,5.834230092
2025-04-29,1,0.001004898,77.49198655,-0.0647741931317251,-0.0516716304821227,4.836112334
2025-04-30,0,0.006475935,87.08170159,-0.0445607004694528,-0.0111803106952965,5.115788493
2025-05-02,1,-0.003439973,74.9184943,-0.274856215708716,-0.0018177851300684,3.252820346
2025-05-07,1,0.001243035,79.59665047,-0.0635823395873993,-0.0046083790241477,2.712607715
2025-05-08,1,0.005458186,78.68723924,-0.0277845629904565,-0.0055619691011474,3.122389159999999
2025-05-09,0,0.002204396,76.90732372,-0.0268976731181012,-0.2882368896732079,2.74335256
2025-05-12,1,-0.000857114,90.09893823,-0.0475752791186017,0.0030140058788949,1.785730130000001
2025-05-13,1,0.011596032,90.5137826,0.0125282451909676,-0.0555618883629236,3.58935253
2025-05-14,1,0.000417905,89.79381828,-0.00121152934737,-0.8330986264909948,2.65052841
2025-05-15,0,0.012250185,91.29807839,0.0517479521900043,-0.0015275806850301,4.362521940000001
2025-05-16,1,-0.007301521,83.40618174,0.0202683351321892,0.0512054400918859,1.5570094700000006
2025-05-19,0,0.00209976,80.11067123,-0.0717812179601344,-0.0174892823533028,1.3131781800000013
2025-05-20,0,-0.008967133,71.5149827,0.0291900928745993,-0.0532435776503392,-1.203038520000003
2025-05-21,1,-0.000622403,66.70684242,-0.0179142252990716,-0.019950200117635,-1.4192733199999985
2025-05-22,0,0.009098322,70.47836395,0.0425605354262832,0.0226451627968415,0.4536890299999996
2025-05-23,0,-0.012228023,56.96946043,0.0230431633218715,0.1215758953285073,-2.526582470000001
2025-05-26,1,-0.000609297,59.07695229,-0.0326318951804829,-0.0002925565801925,-2.41324719
2025-05-27,0,0.019979626,67.29769066,0.0704643770364552,0.0652531619885321,2.001938990000003
2025-05-28,1,-0.002718839,63.33809826,-0.0104291229657538,0.0053887515456203,0.6926955499999998
2025-05-29,1,0.012409293,67.10819441,0.0966788097872792,0.0217791972832799,2.8586882699999983
2025-05-30,0,0.018732493,72.88281288,0.0747011032180919,0.0949486880436412,5.923915870000002
2025-06-02,1,-0.008478699,64.75274936,0.0015896747123043,0.0386959426341633,2.397884579999996
2025-06-04,1,0.000481799,64.77693146,0.0344708208923503,-0.010379043895945,1.5440680600000007
2025-06-05,1,0.026280347,68.81917179,0.0718861220073847,0.1468292951688532,6.487048420000001
2025-06-09,1,0.014763217,75.90122684,0.0671574416714007,0.0261389759640016,7.840002900000002
2025-06-10,1,0.015427744,78.16745439,0.0731602386264462,0.0242309610174844,9.01089392
2025-06-11,1,0.00561494,83.64210714,0.0044841270763096,-0.0082551331245834,7.620678709999993
2025-06-12,1,0.012178939,85.28624673,0.0198238129203809,0.001684691259987,7.969066960000006
2025-06-13,0,0.004458505,84.90979243,-0.0074349722853352,-0.0056305387843424,6.380268860000001
2025-06-16,1,-0.008740018,86.23901974,0.0301823917992969,0.0308985819024334,1.999534330000003
2025-06-17,1,0.017818414,88.06934233,0.0744266618219375,0.0003996632322573,4.722872409999994
2025-06-18,1,0.001234581,86.67693531,0.0312867887550813,0.0015244541260512,2.941778549999995
2025-06-19,1,0.007392158,88.79394243,0.0396573692358392,-0.050951712752596,2.968631060000007
2025-06-20,1,0.001865585,88.03514274,-0.0199335294793554,-0.0071152956562849,1.652375500000005
2025-06-23,0,0.014701326,87.84302755,-0.0011781707649882,0.01316239043883,3.677508159999988
2025-06-24,1,-0.002441929,91.42692225,0.0286290696315445,-0.0709354504918833,1.1163556999999995
2025-06-25,1,0.029151564,93.02893676,0.0769215501023583,0.0872725276081878,6.798232300000009
2025-06-26,0,0.001484285,91.86539155,-0.0375976472141421,-0.0184626741098439,4.426860099999999
2025-06-27,0,-0.009273118,84.2566325,0.0220707253048932,0.0406662113290625,-0.137915300000003
2025-06-30,1,-0.00769953,77.02441867,-0.0047379187438902,0.0404792123709762,-3.308304100000001
2025-07-01,1,0.00514392,77.00454527,-0.0080694091714264,-0.0306008050807307,-2.613090999999997
2025-07-02,0,0.005826646,75.88081338,0.0342041869510572,-0.0488798347054855,-1.8639333
2025-07-03,1,-0.004733352,71.87280627,0.0398847561766473,0.0207626621621805,-3.851512100000008
2025-07-04,0,0.013312348,79.93732103,-0.0180201473230869,-0.0851937913121885,-0.9135735999999924
2025-07-07,1,-0.020092885,64.15532152,0.0128010332011916,0.1240378593781628,-6.833833569999996
2025-07-08,1,0.001697794,64.3008644,-0.0487763005764207,-0.0276963943566865,-6.035252600000007
2025-07-09,1,0.017971396,67.18840297,0.0142030134262918,0.0413921638090846,-1.329064919999993
2025-07-10,1,0.006014091,68.20218343,-0.0205332819507733,-0.0129562127851885,-0.5535677400000054
2025-07-11,0,0.015669222,68.59716592,-0.0002690408178427,0.026996803461464,2.509322949999998
2025-07-14,1,-0.00234627,68.58296539,-0.0057356991953581,-0.0255476331583794,0.3374112999999994
2025-07-15,1,0.008234864,63.25691586,-0.0835610358474232,-0.0350503438252518,1.3218381700000066
2025-07-16,0,0.004129462,64.09292176,-0.0178896282262237,-0.0019682767630477,1.0402135699999917
2025-07-17,1,-0.009029015,64.0574618,-0.0611834764769656,0.0329593050703609,-2.5546916299999936
2025-07-18,0,0.0018531,68.82092938,-0.0043249039634423,8.322259859028236e-06,-2.565209240000001
2025-07-21,1,-0.0013228,66.59159609,0.0079651171869987,-0.0244608544089723,-3.3523176900000067
2025-07-22,0,0.007107521,67.04176928,-0.0634562850924185,-0.0024195194513056,-1.7801428799999996
2025-07-23,1,-0.012810618,62.42663188,0.011564314186288,-0.1252362786764527,-5.602406039999991
2025-07-24,1,0.004353394,59.52366518,0.0275596508054349,0.0028643052427863,-4.169663220000004
2025-07-25,1,0.002095922,72.76553643,-0.0263738629606424,-0.033145458155448,-3.570008450000003
2025-07-28,1,0.00175373,72.80283564,-0.0236294436023172,-0.028772049064627,-3.1456502099999994
2025-07-29,1,0.004205712,68.36522697,-0.0136980674100297,-0.0014526850001699,-2.149531799999991
2025-07-30,1,0.006537214,68.6404927,0.0623509401168882,0.0017771851819947,-0.7399224500000017
2025-07-31,0,0.007370814,65.21309352,-0.012070923788658,-0.0093277275489196,0.6002432399999904
2025-08-01,0,-0.002778511,64.77870882,0.0237240976838024,-0.0301085959272002,-0.9834989099999945
2025-08-04,1,-0.039607063,37.68629997,0.1438963626576881,0.3032005743930712,-11.546447899999997
2025-08-05,1,0.009044059,40.36855377,0.026999868274582,0.0111406997328762,-7.376253890000001
2025-08-06,1,0.015837703,51.56217794,0.0368818737951981,-0.0121776910406996,-2.27714872
2025-08-07,1,4.37e-05,50.79883261,-0.0338486296822977,-0.0041525905171386,-2.253560400000005
2025-08-08,0,0.009194234,55.05911584,-0.0074923248938412,-0.0289288527698072,0.1359129300000034
2025-08-11,0,-0.005489536,49.89647405,0.0085465468345731,0.0056289833653142,-1.7595782300000025
2025-08-12,0,-0.001009849,55.27999485,-0.0579627750719948,-0.0121591897308066,-2.07349181
2025-08-13,1,-0.00527153,50.87263953,-0.0076735907040501,0.0015490200649361,-3.3823110499999984
2025-08-14,1,0.010744943,54.46811439,-0.0269879531229744,0.00599236817808,-0.2752662999999984
2025-08-18,0,0.000399935,53.94514106,0.0107158109715963,-0.0003286695735384,-0.483907649999999
2025-08-19,0,-0.015112059,46.07001858,-7.373731599535915e-05,0.0439307722421462,-4.604111970000002
2025-08-20,0,-0.008127907,40.47727641,-0.0301858581473091,-0.0002226344815161,-5.972095459999999
2025-08-21,1,-0.006835801,34.92072325,0.044582756951605,-0.0200360087526414,-6.636787980000001
2025-08-22,1,0.003714997,37.50722793,-0.0358262387204759,-0.0011325678576108,-4.439884410000001
2025-08-25,1,0.008554087,57.80381431,-0.1401681151788705,0.0140757330881786,-1.4443559699999984
2025-08-26,0,0.012896485,59.44526083,-0.018594493655522,0.029471764538008,2.04701603
2025-08-27,1,-0.009547403,46.98422454,-0.0541277326795763,0.0120114805432969,-0.9549905900000012
2025-08-28,1,0.002450258,48.26649974,4.525169186031519e-07,-0.0070797128156252,-0.2408518979999989
2025-08-29,0,0.002869959,44.70844326,0.0323137579106922,-0.0092406501629005,0.4299212879999992
2025-09-01,0,-0.003230816,45.84717552,-0.0020835502910676,0.0003316668140227,-0.602623092
2025-09-02,1,-0.013613889,40.29195888,0.0485399407421125,-0.3267513686210925,-4.018861711
2025-09-03,1,0.009317205,47.4279633,-0.0372750527865664,0.0016162439047491,-0.8661076909999998
2025-09-04,1,0.003797475,43.73761959,-0.0292457512218353,-0.0855781632024994,0.2297960599999999
2025-09-05,1,0.005140031,46.28396129,-0.0138814168493106,0.0107548492421507,1.4320286619999996
2025-09-08,1,0.001339392,54.80001111,-0.0571648122635828,-0.0343608082594952,1.3907824240000002
2025-09-09,1,0.004504482,62.20268515,-0.0544903543428754,-0.0032805817716683,2.1546919409999994
2025-09-10,1,0.012488498,71.82438682,-0.0683527520043978,0.0563223108519927,4.801917227000001
2025-09-11,1,0.016573295,75.36774826,0.0461896613323253,0.0657340334605312,7.939637549999999
2025-09-12,1,0.008911645,75.56006495,-0.0157644432553012,-0.0097033526847214,8.328335260000003
2025-09-15,1,0.01523533,76.26603066,0.0217730609233859,0.0530947176162461,10.26663491
2025-09-16,1,0.003460324,84.04980107,-0.011990487293557,-0.1107445868058656,8.511660419999998
2025-09-17,0,0.012340973,85.54055153,0.0451846280702534,-0.0302060437320736,9.47592384
2025-09-18,1,-0.010555281,77.3882841,-0.0089984231638187,0.0376200833288233,3.8588899299999966
2025-09-19,0,0.013935422,81.72343711,0.0397428618755482,0.0311670450634258,6.124560080000009
2025-09-22,1,-0.00465069,87.15063887,-0.0356742609466849,0.0230595236212973,2.727623659999992
2025-09-23,1,0.006771876,86.95798344,0.0117833775879483,-0.0242634179323095,3.183723850000007
2025-09-24,0,0.005043991,87.13356125,0.0129071346667908,-0.0710867604307221,3.036533569999989
2025-09-25,0,-0.004038345,83.58040278,0.0664645988699148,0.0266785392618338,0.3666021599999993
2025-09-26,0,-0.000296629,83.18981983,0.0128156143055337,0.0070088925964357,-0.6907487199999878
2025-09-29,1,-0.024810394,67.65964964,0.1528541972699373,0.226386753653597,-8.214555430000004
2025-09-30,0,0.013248893,67.97897314,0.0198049812608851,-0.0528948305403282,-3.6277447300000034
2025-10-01,1,-0.001928252,62.85474455,-0.0579911901469967,0.0024637515154939,-4.12253046
2025-10-02,1,0.009077977,62.98960631,0.0037832294110655,0.00689467222334,-1.4446396499999992
2025-10-10,1,0.02666235,66.28791133,0.092139298938227,0.1130574247869322,5.627713039999996
2025-10-13,0,0.017148958,69.49649957,0.057811533340236,0.0237127427638643,8.552708050000007
2025-10-14,0,-0.007241034,63.35701639,0.0588168423159616,0.0318105330503613,3.7716185900000014
2025-10-15,1,-0.006364098,65.09430214,0.0871955314929295,0.0127500100119624,0.2468196399999982
2025-10-16,1,0.026450851,68.17390241,0.0594958869684392,0.0571205425041698,6.912266680000002
2025-10-17,1,0.0246014,74.67643532,0.0643986345421003,0.0551187559877979,11.706318389999993
2025-10-20,1,0.000138657,73.69615346,0.0378854075359482,-0.0104631535502228,8.103954250000001
2025-10-21,1,0.01739962,75.68093207,0.0601174873588341,0.0207925877172217,10.396779699999996
2025-10-22,1,0.002395788,77.70690493,0.0220852930592618,-0.0056100725468475,7.555590500000008
2025-10-23,0,0.015527964,79.74592101,0.0592696409265238,-0.0255395761998364,9.2871066
2025-10-24,1,-0.009863889,85.53555967,-0.0232623865190522,0.0268365045629526,2.723421099999996
2025-10-27,1,0.024664966,86.59060271,0.0472639084228836,0.032673118889563,8.251313100000004
2025-10-28,0,0.025360744,89.02721627,0.0678513181995219,0.0425074108910159,12.903860000000009
2025-10-29,1,-0.008051503,84.95662352,0.0284876223446239,0.0278018613617661,5.739616599999977
2025-10-30,1,0.017485329,84.51465572,-0.0295736696400688,-0.0041361915110158,8.290497000000016
2025-10-31,1,0.001405476,83.30931026,0.0059770025088958,-0.0030452807645184,5.009386000000006
2025-11-03,1,0.005030308,86.85289453,-0.0212700815722772,-0.1546641548194971,3.567848399999974
2025-11-04,0,0.027463615,91.19504368,0.0026470623353445,0.0453765164272903,9.877210100000012
2025-11-05,0,-0.024002724,78.81981738,0.0089167611629594,0.1299286612058265,-2.403229500000009
2025-11-06,1,-0.02887673,65.38704858,0.1262759878111437,0.13676233576584,-13.368585799999977
2025-11-07,0,0.005486351,66.25933683,0.0384935389021707,-0.0350538234176358,-10.691061700000006
2025-11-10,1,-0.018218055,58.08142443,0.0438725037378135,0.0376653153567252,-16.02746000000002
2025-11-11,1,0.029771722,62.84559712,0.0399675721824772,0.0356605640050045,-4.6959554000000026
2025-11-12,1,0.008105581,61.79520977,0.020240851459353,-0.0138328160366265,-2.6511911999999995
2025-11-13,1,0.010658008,66.04452123,-0.008959485094814,-0.0317968051612886,-0.1534395999999844
2025-11-14,0,0.004864737,63.10055882,-0.0263556863598459,-0.031853530142154,-0.0901680000000055
2025-11-17,1,-0.038884373,48.32292526,0.0372464859783203,0.1488479737636621,-14.342667399999996
2025-11-18,0,0.019178876,54.03381404,0.0050561042891983,0.0036612316641186,-6.460484600000001
2025-11-19,0,-0.033729935,43.88129123,0.0383422425489961,0.0835323995325576,-17.227528899999996
2025-11-20,1,-0.006116906,42.57992066,0.0213584742384069,-0.009124195095878,-16.57075786
2025-11-21,0,0.018991412,45.39781461,0.0391194948202215,0.0110475024947271,-7.934004220000006
2025-11-24,0,-0.038586605,34.0075438,0.029105528839163,0.0517316411689074,-19.179592969999995
2025-11-25,1,-0.001870283,36.99032719,-0.0166303449298546,-0.0403036916002927,-16.253367070000003
2025-11-26,1,0.003042633,42.3138239,-0.0822386776479451,-0.0003620981876921,-12.26623485
2025-11-27,1,0.026371832,46.83183005,-0.0144721791567601,0.0233506362325193,-1.713842889999999
2025-11-28,0,0.006552745,51.67706718,-0.0557689106974779,0.0029786938229205,0.4267695200000005
2025-12-01,0,-0.015245086,42.10854893,-0.0439228547823535,0.0073032761589688,-4.790062380000002
2025-12-02,1,-0.00158532,39.69120342,-0.0246510501674119,-0.0517681749316554,-4.507078419999999
2025-12-03,1,0.018839973,41.66700473,0.0061415744943387,0.0002635164311257,2.209966859999998
2025-12-04,0,0.010302403,42.95913157,0.0002573181881881,-0.0419143653868365,4.79981317
2025-12-05,1,-0.00193186,51.05523811,-0.0761958773534763,-0.0014917856159404,2.85258842
2025-12-08,1,0.017602538,50.67793722,0.0137549298567076,-0.005692578591848,7.622782690000001
2025-12-09,0,0.013277229,64.05846085,-0.0473036904723036,-0.0451420460361364,9.93790018
2025-12-10,0,-0.002723489,65.22591027,-0.0625024196515555,-0.0030458692200205,6.365505030000001
2025-12-11,0,-0.002065533,60.23046537,-0.0691210180574932,-0.0076459958626808,3.7134907499999983
2025-12-12,1,-0.005913431,75.28693308,-0.0915727077497754,0.000108384218481,0.3305845400000038
2025-12-15,0,0.013660889,78.76108478,-0.0209955527633463,-0.1126380796819752,4.1315425699999935
2025-12-16,0,-0.018545551,68.68250151,0.001238227617458,0.0043974113515199,-3.556052079999993
2025-12-17,1,-0.022612427,53.12866097,-0.0003071772910079,-0.0606707453697286,-10.726388680000008
2025-12-18,0,0.014221516,55.40704402,0.0030056018862509,0.0121696586056234,-4.356617869999994
2025-12-19,1,-0.015377404,55.27115568,0.0073758048888192,-0.0074185013663399,-8.823639660000005
2025-12-22,1,0.006497801,57.54275712,-0.0237572604306022,-0.185719967076916,-5.207736719999996
2025-12-23,1,0.021013592,58.22345086,0.0107987148424824,0.0440515541997674,2.418265309999999
2025-12-24,0,0.002770111,56.28138021,-0.0303955609763102,2.597582207730653e-05,2.4631203
2025-12-26,1,-0.002115189,56.20210644,-0.024005152247871,-0.079126064858543,0.8676236800000012
2025-12-29,1,0.00511273,52.48848293,-0.0674605263923417,-0.0018288708323277,1.9817016599999988
2025-12-30,0,0.02176787,55.20326825,0.0192011316920091,0.0066839337714714,8.401643870000001
2026-01-02,1,-0.001515197,55.63590708,0.0063261616641723,-0.0001125338755825,5.576336149999996
2026-01-05,1,0.022399389,62.23875918,0.0535618907619852,0.0183857764595938,11.42402208
2026-01-06,1,0.033740536,70.72430082,0.0799315083557496,0.1107513563803896,20.05781829
2026-01-07,1,0.015131083,71.11838618,0.0674271334958209,0.0049345412622106,20.217413000000008
2026-01-08,1,0.005636541,78.87430202,0.0080230267500898,-0.0176777011381492,16.731322399999996
2026-01-09,1,0.000287816,89.11374454,-0.0070848754868082,-0.0060840403089512,11.8733146
2026-01-12,1,0.007429919,88.74236893,0.0211756131070197,-0.0062930761876565,10.535607199999989
2026-01-13,1,0.008353052,97.71525146,0.0035619266710407,-0.0058048183999801,9.728092400000008
2026-01-14,1,0.01456438,97.85127535,0.0060897258336511,-0.0094222529298972,11.328256900000014
2026-01-15,1,0.006470031,97.66898079,-0.0277504227689249,-0.006832959642919,9.470161199999978
2026-01-16,1,0.015639946,97.8758955,0.0496808689108085,-0.0840114098087054,11.415619600000014
2026-01-19,1,0.00896232,99.14214883,0.0230174353173255,-0.1836224195573281,10.316129200000006
2026-01-20,0,0.013118155,99.18882215,0.0444563858811664,-0.0020677111414242,10.990776899999986
2026-01-21,1,-0.003863001,96.46540545,0.016277942495388,-0.1130068469490002,4.786568500000016
2026-01-22,1,0.004936916,97.42221139,0.0486684537330397,0.003806934287696,3.308579100000003
2026-01-23,1,0.008638793,97.22203692,0.0075643235698557,-0.0372011040433228,3.58226209999998
2026-01-26,0,0.007551389,96.68458152,-0.0398093762450644,-0.0127283507459425,3.3522501000000204
2026-01-27,1,-0.008145189,89.06037655,-0.0370907502960955,0.0519675025183987,-3.0899801000000195
2026-01-28,1,0.026960836,90.89904404,0.0546506271989377,0.0705223952848994,5.917065800000017
2026-01-29,1,0.016763811,91.94404392,0.0028355956782313,-0.0224047925269106,8.97365049999999
2026-01-30,1,0.009707476,92.12029808,0.0653681032059765,-0.0376172738527458,8.432640800000001
2026-02-02,0,0.000595439,91.73242449,0.0256367608208387,-0.0161676496325924,4.137055500000002
2026-02-03,1,-0.054011384,63.89064957,0.142001262282629,0.5056300301437213,-21.43624550000001
2026-02-04,1,0.066134354,72.90818228,0.1564437458774392,0.2706758584453483,7.680250000000001
2026-02-05,0,0.015577502,73.09517059,0.0209952108900193,0.0030614043341343,10.031792499999996
2026-02-06,0,-0.039404581,61.48001574,0.0816885253844734,0.1133437804197141,-11.417954399999983
2026-02-09,1,-0.014519282,56.51154815,0.0772224422973399,0.0190468639784202,-17.475482
2026-02-10,1,0.040228064,62.83153619,0.0503960384881123,0.0507459888391834,0.5795333000000085
2026-02-11,1,0.000688678,62.35040798,-0.0107510743884571,-0.001354766554459,-1.6546233000000257
2026-02-12,1,0.009909878,62.59100861,0.0028922625441989,0.0005712804488684,0.5346542000000056
2026-02-13,0,0.030853506,65.41304772,0.0292499858935393,0.0204990824397937,11.415960400000015
2026-02-19,1,-0.002767228,66.38275155,0.0078179039179611,0.0033886740495465,5.209619199999992
2026-02-20,1,0.030445177,67.06004507,-0.0076792266344529,0.0199979515903971,15.08549210000001
2026-02-23,1,0.022860529,67.89799029,0.0133858534127053,0.0030678234360834,19.5431289
2026-02-24,1,0.006445545,67.66421439,-0.0158131590117784,-0.0003412634479924,15.33664809999999
2026-02-25,1,0.020913612,69.72579647,0.028197582650038,0.0052957756018252,18.72581550000001
2026-02-26,1,0.018952694,82.80602841,-0.0456277469676411,0.0030807984296679,20.42342769999999
2026-02-27,0,0.036063599,81.58065068,-0.0449738148882525,0.0095743806179493,30.231068
2026-03-03,0,-0.010061136,77.38916134,0.0248949387715642,0.0073479386089227,14.711889999999984
2026-03-04,0,-0.07517966,67.08895455,0.0880437275437628,0.1996518888107288,-28.652354899999978
2026-03-05,1,-0.128489065,50.08934246,0.1625316664641092,0.2994107000737225,-81.9365967
2026-03-06,1,0.091914362,55.20911986,0.1173328503459902,0.0987996712455809,-27.922296700000004
2026-03-09,0,0.000173737,55.16533346,0.0423326367793412,-0.0386378705070251,-24.32482780000001
2026-03-10,1,-0.061476951,48.30175641,0.0967677706780625,0.001548422662263,-47.8705908
2026-03-11,1,0.052071806,50.16462724,0.0427654718433547,0.0276071094107623,-16.814892999999984
2026-03-12,0,0.01388581,51.61025555,0.0260150689186309,-0.0187115756538003,-8.51428340000001
2026-03-13,0,-0.004770798,48.4604602,-0.0170499437971924,-0.0031531584709343,-10.215054199999996
2026-03-16,1,-0.017345605,44.67638885,0.0135789194968065,-0.0111004772937777,-16.960124730000004
2026-03-17,1,0.011345478,45.13186357,-0.0062019094383494,0.0010057113124957,-9.39802856
2026-03-18,1,0.016198247,44.53171414,-0.00627127243225,0.0015714747164534,-1.1309941100000032
2026-03-19,0,0.049216549,47.50271084,0.0275553952451632,0.0157176831120362,20.82831150000001
2026-03-20,1,-0.02768933,41.27691736,-0.0099626581865353,0.0101898417543924,2.1885202999999933
2026-03-23,0,0.003114924,42.46849746,-0.0288525340946401,-0.0093569046047599,1.9019413000000045
2026-03-24,1,-0.067148106,43.55652195,-0.0165999215642047,0.0408791624964233,-29.72900437
2026-03-25,1,0.027040769,59.40964403,-0.1246469288924521,0.0084862798663305,-12.402026430000006
2026-03-26,0,0.015771855,51.4261972,-0.1267820890633011,-0.0022343614067299,-3.462167980000004
2026-03-27,0,-0.032742798,47.20430296,-0.010823224041558,0.0029690295603201,-17.960206019999994
2026-03-30,0,-0.003961688,54.88602972,-0.0805796845996384,-0.0188513181020293,-16.33808425
2026-03-31,0,-0.030156774,42.88675548,-0.0193887194491448,0.0052127359718507,-26.047535253
2026-04-01,1,-0.043539321,35.64611708,0.0071095548865667,-0.0358834044070577,-38.404959067
2026-04-02,0,0.080992637,47.76745069,0.1165127796105931,-0.118461742939206,4.288973900000002
2026-04-03,1,-0.045682563,44.91612001,0.0635161960077503,-0.100195257013107,-15.82858116
2026-04-06,1,0.027001033,46.64399593,0.0207361806692549,0.0150207685399728,-0.4661947800000021
2026-04-07,1,0.013489818,46.27620034,-0.0110571584843013,-0.0654823338184424,5.9736020599999975
2026-04-08,1,0.00812234,40.69959098,-0.035851099530145,-0.0529014517081916,8.671020470000002
2026-04-09,0,0.066454653,52.15752,0.0682209332748442,0.0820527803924981,37.258472965
2026-04-10,1,-0.016193873,49.93876736,0.0121869223520025,0.005209025101085,21.587794095
2026-04-13,0,0.01389748,59.80532832,-0.0685166665523908,-0.0048142535842314,23.03948686
2026-04-14,1,-0.008613731,55.75551745,-0.0354519585001567,0.0010328834583988,13.455349330000004
2026-04-15,1,0.027026931,57.12809065,0.0092971729638762,0.0075026289862316,22.49574106
2026-04-16,1,0.020506349,64.17571437,0.0063900246278247,-0.0351337566639404,26.49121647
2026-04-17,0,0.02186575,66.83114896,-0.0311109582018112,-0.0107294146797123,30.198731399999986
2026-04-20,1,-0.005496868,70.68321198,-0.0691231137886054,0.0016445932553383,19.294641000000013
2026-04-21,1,0.004378365,78.97234816,-0.0447076503445131,-0.1155634564177439,15.421681199999997
2026-04-22,1,0.026871268,75.89737617,-0.1054595754452014,-0.000167968370734,23.555988600000006
2026-04-23,1,0.004600826,88.40524707,-0.1218261283973642,-0.0019270182690904,18.498835100000008
2026-04-24,0,0.008978042,87.72537558,0.02699076492285,-0.0420056856023762,16.59298099999998
2026-04-27,1,-2.78e-05,87.06581495,-0.0065506405977959,-0.0022709763695072,10.27912520000001
2026-04-28,1,0.021298418,87.89672039,0.0047136163616805,-0.0422111510556568,16.349823999999984
2026-04-29,1,0.003921269,84.11927051,-0.1484517843816739,-0.1002675075512606,11.872821799999995
2026-04-30,0,0.007482811,92.18491153,-0.0041668827898995,-0.2116727354568666,10.135623100000032
2026-05-04,1,-0.01384994,83.84621981,0.0058095165063809,-0.1681845136801429,-2.6613652000000343
2026-05-06,1,0.049969557,90.85189808,0.0974173986116184,0.0858309892199638,21.656785800000023
2026-05-07,1,0.062523345,92.43242769,0.1136784970337014,0.1340924474157501,49.19369799999998
2026-05-08,1,0.014184105,92.34925012,0.0228833709082172,-0.002536422750313,42.9191505
2026-05-11,1,0.001060871,91.71340893,0.0200556452046756,-0.1512228606079513,29.7331547
2026-05-12,0,0.04233467,94.91883416,0.1180990888261535,-0.0048830603247851,44.29452100000003
2026-05-13,1,-0.023161179,86.20502761,0.1487347128313425,0.0875696918198971,15.046492
2026-05-14,1,0.025940344,86.42235907,0.0791049330007744,-0.0223169506198677,22.26931689999998
