Target,US_GDP,US_M2,US_UNRATE,KR_Interest_Rate_3Y,KR_Spread_10Y_3Y
0,23982.379,20477.1,5.9,1.107,1.0100001
1,23982.379,20477.1,5.9,1.099,1.019
0,23982.379,20477.1,5.9,1.103,1.032
0,23982.379,20477.1,5.9,1.095,1.0279999
0,23982.379,20477.1,5.9,1.116,1.0039998
1,23982.379,20477.1,5.9,1.142,0.987
0,23982.379,20477.1,5.9,1.161,0.967
0,23982.379,20477.1,5.9,1.124,0.9870001
1,23982.379,20477.1,5.9,1.162,0.97
1,23982.379,20477.1,5.9,1.227,0.9519999
1,23982.379,20477.1,5.9,1.213,0.97300005
1,23982.379,20477.1,5.9,1.206,0.99599993
1,23982.379,20477.1,5.9,1.191,1.004
0,23982.379,20477.1,5.9,1.22,0.95300007
1,23982.379,20477.1,5.9,1.201,0.9549999
0,23982.379,20477.1,5.9,1.174,0.9419999
0,23982.379,20477.1,5.9,1.137,0.96599996
1,23982.379,20477.1,5.9,1.282,0.8030001
1,23982.379,20477.1,5.9,1.276,0.82500005
1,23982.379,20477.1,5.9,1.287,0.809
1,23982.379,20477.1,5.9,1.307,0.76400006
1,23982.379,20477.1,5.9,1.286,0.7839999
0,23982.379,20477.1,5.9,1.327,0.752
1,23982.379,20477.1,5.9,1.313,0.7279999
0,23982.379,20477.1,5.9,1.351,0.6550001
1,23982.379,20477.1,5.9,1.331,0.719
1,23982.379,20477.1,5.9,1.338,0.70299983
1,23982.379,20477.1,5.9,1.384,0.676
1,23982.379,20477.1,5.9,1.441,0.6589999
0,23982.379,20477.1,5.9,1.47,0.66700006
0,23982.379,20477.1,5.9,1.459,0.65
1,23982.379,20477.1,5.9,1.448,0.64400005
0,23982.379,20633.3,5.4,1.469,0.62099993
0,23982.379,20633.3,5.4,1.484,0.6170001
1,23982.379,20633.3,5.4,1.462,0.627
1,23982.379,20633.3,5.4,1.465,0.6539999
0,23982.379,20633.3,5.4,1.41,0.62900007
0,23982.379,20633.3,5.4,1.358,0.64400005
0,23982.379,20633.3,5.4,1.375,0.658
1,23982.379,20633.3,5.4,1.384,0.63800013
1,23982.379,20633.3,5.4,1.424,0.61100006
0,23982.379,20633.3,5.4,1.39,0.6179999
1,23982.379,20633.3,5.4,1.497,0.52699995
0,23982.379,20633.3,5.4,1.451,0.5569999
0,23982.379,20633.3,5.4,1.459,0.513
0,23982.379,20633.3,5.4,1.41,0.48300004
0,23982.379,20633.3,5.4,1.383,0.495
1,23982.379,20633.3,5.4,1.397,0.52400005
1,23982.379,20633.3,5.4,1.393,0.495
0,23982.379,20633.3,5.4,1.369,0.49400008
1,23982.379,20633.3,5.4,1.38,0.48800004
1,23982.379,20633.3,5.4,1.419,0.44299996
1,23982.379,20633.3,5.4,1.431,0.45800006
0,23982.379,20633.3,5.4,1.417,0.4569999
1,23982.379,20840.7,5.1,1.435,0.472
1,23982.379,20840.7,5.1,1.442,0.44799995
1,23982.379,20840.7,5.1,1.418,0.44800007
0,23982.379,20840.7,5.1,1.414,0.464
0,23982.379,20840.7,5.1,1.433,0.467
0,23982.379,20840.7,5.1,1.436,0.47800004
0,23982.379,20840.7,5.1,1.432,0.48399997
0,23982.379,20840.7,5.1,1.419,0.515
0,23982.379,20840.7,5.1,1.413,0.50900006
0,23982.379,20840.7,5.1,1.407,0.5170001
0,23982.379,20840.7,5.1,1.402,0.4840001
1,23982.379,20840.7,5.1,1.389,0.49199998
0,23982.379,20840.7,5.1,1.36,0.508
0,23982.379,20840.7,5.1,1.364,0.48900008
1,23982.379,20840.7,5.1,1.389,0.5
1,23982.379,20840.7,5.1,1.438,0.50100005
1,23982.379,20840.7,5.1,1.435,0.50100005
0,23982.379,20840.7,5.1,1.398,0.53
1,23982.379,20840.7,5.1,1.408,0.531
1,23982.379,20840.7,5.1,1.398,0.515
1,23982.379,20840.7,5.1,1.395,0.51699996
1,23982.379,20981.0,4.7,1.417,0.525
0,23982.379,20981.0,4.7,1.422,0.51899993
1,23982.379,20981.0,4.7,1.437,0.5059999
1,23982.379,20981.0,4.7,1.459,0.51100004
0,23982.379,20981.0,4.7,1.464,0.51100004
0,23982.379,20981.0,4.7,1.489,0.52700007
0,23982.379,20981.0,4.7,1.499,0.50100005
1,23982.379,20981.0,4.7,1.501,0.505
1,23982.379,20981.0,4.7,1.525,0.51199996
1,23982.379,20981.0,4.7,1.535,0.525
1,23982.379,20981.0,4.7,1.492,0.5330001
0,23982.379,20981.0,4.7,1.51,0.533
1,23982.379,20981.0,4.7,1.535,0.5330001
0,23982.379,20981.0,4.7,1.558,0.541
0,23982.379,20981.0,4.7,1.575,0.5769999
1,23982.379,20981.0,4.7,1.566,0.602
0,23982.379,20981.0,4.7,1.609,0.6470001
0,23982.379,20981.0,4.7,1.603,0.62
1,23982.379,20981.0,4.7,1.593,0.64399993
0,24813.6,21160.7,4.5,1.633,0.6249999
0,24813.6,21160.7,4.5,1.65,0.6409999
0,24813.6,21160.7,4.5,1.719,0.67999995
1,24813.6,21160.7,4.5,1.704,0.6830001
0,24813.6,21160.7,4.5,1.701,0.6730001
0,24813.6,21160.7,4.5,1.815,0.63199997
1,24813.6,21160.7,4.5,1.824,0.577
1,24813.6,21160.7,4.5,1.813,0.5380001
1,24813.6,21160.7,4.5,1.795,0.561
0,24813.6,21160.7,4.5,1.875,0.5250001
1,24813.6,21160.7,4.5,1.866,0.5129999
0,24813.6,21160.7,4.5,1.847,0.54499996
0,24813.6,21160.7,4.5,1.836,0.55200005
0,24813.6,21160.7,4.5,1.889,0.52199996
1,24813.6,21160.7,4.5,1.919,0.5070001
1,24813.6,21160.7,4.5,1.947,0.51
0,24813.6,21160.7,4.5,2.044,0.44300008
0,24813.6,21160.7,4.5,2.017,0.3800001
0,24813.6,21160.7,4.5,2.103,0.47200012
1,24813.6,21335.9,4.1,2.108,0.398
1,24813.6,21335.9,4.1,2.038,0.4419999
0,24813.6,21335.9,4.1,2.036,0.43400002
1,24813.6,21335.9,4.1,2.04,0.388
0,24813.6,21335.9,4.1,1.944,0.4059999
0,24813.6,21335.9,4.1,1.906,0.42299998
1,24813.6,21335.9,4.1,1.865,0.42799997
0,24813.6,21335.9,4.1,1.877,0.43200004
0,24813.6,21335.9,4.1,1.913,0.4280001
1,24813.6,21335.9,4.1,1.968,0.37600005
1,24813.6,21335.9,4.1,1.912,0.38600016
0,24813.6,21335.9,4.1,1.963,0.3699999
0,24813.6,21335.9,4.1,1.974,0.385
0,24813.6,21335.9,4.1,1.953,0.3850001
1,24813.6,21335.9,4.1,1.966,0.40600002
1,24813.6,21335.9,4.1,2.018,0.36800003
0,24813.6,21335.9,4.1,2.031,0.3690002
0,24813.6,21335.9,4.1,2.013,0.38100004
0,24813.6,21335.9,4.1,1.933,0.41500008
0,24813.6,21335.9,4.1,1.863,0.39200008
0,24813.6,21335.9,4.1,1.844,0.42200005
0,24813.6,21335.9,4.1,1.799,0.41400003
1,24813.6,21498.8,3.9,1.813,0.36899996
1,24813.6,21498.8,3.9,1.845,0.35299993
1,24813.6,21498.8,3.9,1.9,0.334
1,24813.6,21498.8,3.9,1.865,0.34800005
1,24813.6,21498.8,3.9,1.872,0.36800003
1,24813.6,21498.8,3.9,1.831,0.35399997
1,24813.6,21498.8,3.9,1.794,0.39399993
0,24813.6,21498.8,3.9,1.805,0.39600003
0,24813.6,21498.8,3.9,1.79,0.37899995
0,24813.6,21498.8,3.9,1.784,0.38499987
1,24813.6,21498.8,3.9,1.808,0.35799992
1,24813.6,21498.8,3.9,1.766,0.38100004
1,24813.6,21498.8,3.9,1.767,0.38600016
0,24813.6,21498.8,3.9,1.74,0.3670001
1,24813.6,21498.8,3.9,1.72,0.37899995
1,24813.6,21498.8,3.9,1.757,0.3900001
1,24813.6,21498.8,3.9,1.805,0.40699995
1,24813.6,21498.8,3.9,1.798,0.4080001
0,24813.6,21498.8,3.9,1.776,0.43499994
1,24813.6,21498.8,3.9,1.786,0.41199994
0,24813.6,21498.8,3.9,1.783,0.39700007
0,24813.6,21498.8,3.9,1.799,0.44899988
1,25250.347,21650.0,4.0,1.868,0.4519999
0,25250.347,21650.0,4.0,1.913,0.462
0,25250.347,21650.0,4.0,2.013,0.46799994
1,25250.347,21650.0,4.0,2.015,0.44299984
0,25250.347,21650.0,4.0,2.058,0.42599988
1,25250.347,21650.0,4.0,2.038,0.4469998
1,25250.347,21650.0,4.0,1.998,0.42999995
0,25250.347,21650.0,4.0,1.953,0.44400012
0,25250.347,21650.0,4.0,2.044,0.40900016
0,25250.347,21650.0,4.0,2.148,0.42000008
0,25250.347,21650.0,4.0,2.127,0.42599988
0,25250.347,21650.0,4.0,2.073,0.464
1,25250.347,21650.0,4.0,2.119,0.43900013
0,25250.347,21650.0,4.0,2.132,0.408
0,25250.347,21650.0,4.0,2.112,0.42799997
0,25250.347,21650.0,4.0,2.174,0.40199995
0,25250.347,21650.0,4.0,2.156,0.41700006
0,25250.347,21650.0,4.0,2.217,0.39499998
1,25250.347,21650.0,4.0,2.189,0.39700007
1,25250.347,21724.8,3.9,2.158,0.408
1,25250.347,21724.8,3.9,2.194,0.42499995
0,25250.347,21724.8,3.9,2.237,0.40100002
1,25250.347,21724.8,3.9,2.303,0.43000007
1,25250.347,21724.8,3.9,2.279,0.41199994
1,25250.347,21724.8,3.9,2.264,0.42200017
0,25250.347,21724.8,3.9,2.343,0.40400004
0,25250.347,21724.8,3.9,2.347,0.3670001
0,25250.347,21724.8,3.9,2.345,0.365
1,25250.347,21724.8,3.9,2.325,0.37699986
1,25250.347,21724.8,3.9,2.295,0.41299987
1,25250.347,21724.8,3.9,2.322,0.4059999
0,25250.347,21724.8,3.9,2.363,0.40700006
0,25250.347,21724.8,3.9,2.327,0.3900001
1,25250.347,21724.8,3.9,2.317,0.40499997
0,25250.347,21724.8,3.9,2.226,0.398
1,25250.347,21724.8,3.9,2.244,0.42700005
1,25250.347,21724.8,3.9,2.242,0.43299985
1,25250.347,21786.8,3.7,2.187,0.42599988
1,25250.347,21786.8,3.7,2.195,0.45300007
0,25250.347,21786.8,3.7,2.214,0.444
0,25250.347,21786.8,3.7,2.288,0.4189999
0,25250.347,21786.8,3.7,2.287,0.43499994
1,25250.347,21786.8,3.7,2.267,0.4590001
0,25250.347,21786.8,3.7,2.255,0.44499993
0,25250.347,21786.8,3.7,2.283,0.4560001
0,25250.347,21786.8,3.7,2.285,0.46799994
1,25250.347,21786.8,3.7,2.268,0.5
1,25250.347,21786.8,3.7,2.217,0.487
1,25250.347,21786.8,3.7,2.231,0.50600004
0,25250.347,21786.8,3.7,2.268,0.47300005
1,25250.347,21786.8,3.7,2.399,0.4330001
1,25250.347,21786.8,3.7,2.426,0.40199995
0,25250.347,21786.8,3.7,2.455,0.40100002
1,25250.347,21786.8,3.7,2.505,0.36599994
0,25250.347,21786.8,3.7,2.747,0.28399992
1,25250.347,21786.8,3.7,2.7,0.27199984
1,25250.347,21786.8,3.7,2.615,0.26999998
1,25250.347,21786.8,3.7,2.663,0.306
0,25861.292,21769.5,3.7,2.784,0.22300005
1,25861.292,21769.5,3.7,2.837,0.22800016
1,25861.292,21769.5,3.7,2.879,0.20099998
0,25861.292,21769.5,3.7,2.941,0.18799996
0,25861.292,21769.5,3.7,2.905,0.22300005
1,25861.292,21769.5,3.7,2.987,0.18199992
0,25861.292,21769.5,3.7,3.186,0.11899996
0,25861.292,21769.5,3.7,3.105,0.20799994
1,25861.292,21769.5,3.7,3.001,0.286
1,25861.292,21769.5,3.7,2.888,0.33200002
0,25861.292,21769.5,3.7,2.944,0.3570001
0,25861.292,21769.5,3.7,2.99,0.365
1,25861.292,21769.5,3.7,2.981,0.36899996
0,25861.292,21769.5,3.7,2.957,0.35599995
1,25861.292,21769.5,3.7,2.927,0.36899996
0,25861.292,21769.5,3.7,2.971,0.34299994
0,25861.292,21769.5,3.7,2.857,0.33099985
1,25861.292,21769.5,3.7,2.83,0.36000013
0,25861.292,21769.5,3.7,2.899,0.286
1,25861.292,21769.5,3.7,2.925,0.24099994
1,25861.292,21769.5,3.7,2.958,0.28400016
0,25861.292,21719.5,3.6,3.086,0.29400015
0,25861.292,21719.5,3.6,3.139,0.26699996
0,25861.292,21719.5,3.6,3.178,0.25600004
0,25861.292,21719.5,3.6,3.146,0.2850001
0,25861.292,21719.5,3.6,3.046,0.3570001
0,25861.292,21719.5,3.6,2.928,0.34100008
0,25861.292,21719.5,3.6,2.9,0.26899981
1,25861.292,21719.5,3.6,2.911,0.30999994
0,25861.292,21719.5,3.6,3.046,0.23099995
1,25861.292,21719.5,3.6,3.031,0.25600004
1,25861.292,21719.5,3.6,3.069,0.25099993
0,25861.292,21719.5,3.6,3.046,0.26099992
1,25861.292,21719.5,3.6,3.011,0.23399997
1,25861.292,21719.5,3.6,3.018,0.24000001
0,25861.292,21719.5,3.6,2.967,0.24699998
1,25861.292,21719.5,3.6,2.946,0.23099995
0,25861.292,21719.5,3.6,2.955,0.283
1,25861.292,21719.5,3.6,2.947,0.26499987
1,25861.292,21719.5,3.6,2.942,0.26900005
1,25861.292,21719.5,3.6,3.027,0.29900002
0,25861.292,21651.2,3.6,3.125,0.296
1,25861.292,21651.2,3.6,3.121,0.28399992
0,25861.292,21651.2,3.6,3.232,0.306
0,25861.292,21651.2,3.6,3.209,0.26299977
0,25861.292,21651.2,3.6,3.171,0.29999995
0,25861.292,21651.2,3.6,3.275,0.21999979
0,25861.292,21651.2,3.6,3.514,0.1400001
0,25861.292,21651.2,3.6,3.548,0.14299989
0,25861.292,21651.2,3.6,3.666,0.12900019
1,25861.292,21651.2,3.6,3.728,0.039000034
0,25861.292,21651.2,3.6,3.745,0.05000019
0,25861.292,21651.2,3.6,3.675,0.10899997
1,25861.292,21651.2,3.6,3.663,0.11199999
0,25861.292,21651.2,3.6,3.522,0.15999985
0,25861.292,21651.2,3.6,3.608,0.11800003
1,25861.292,21651.2,3.6,3.523,0.11199999
1,25861.292,21651.2,3.6,3.568,0.15199995
1,25861.292,21651.2,3.6,3.552,0.12800002
0,25861.292,21651.2,3.6,3.552,0.11500001
0,25861.292,21651.2,3.6,3.55,0.085999966
0,26336.304,21652.8,3.5,3.439,0.05100012
0,26336.304,21652.8,3.5,3.43,0.059000015
1,26336.304,21652.8,3.5,3.301,0.07799983
0,26336.304,21652.8,3.5,3.239,0.055999994
1,26336.304,21652.8,3.5,3.262,0.044999838
1,26336.304,21652.8,3.5,3.315,0.044999838
0,26336.304,21652.8,3.5,3.324,0.06100011
0,26336.304,21652.8,3.5,3.291,0.058000088
1,26336.304,21652.8,3.5,3.211,0.09000015
0,26336.304,21652.8,3.5,3.26,0.035000086
1,26336.304,21652.8,3.5,3.205,0.03700018
1,26336.304,21652.8,3.5,3.212,0.058000088
0,26336.304,21652.8,3.5,3.192,0.06100011
1,26336.304,21652.8,3.5,3.296,0.06399989
1,26336.304,21652.8,3.5,3.294,0.08000016
0,26336.304,21652.8,3.5,3.218,0.08400011
1,26336.304,21652.8,3.5,3.153,0.05799985
1,26336.304,21652.8,3.5,3.121,0.062000036
1,26336.304,21652.8,3.5,3.09,0.031000137
1,26336.304,21652.8,3.5,3.13,0.07099986
1,26336.304,21652.8,3.5,3.009,0.11800003
1,26336.304,21638.2,3.6,3.081,0.102999926
0,26336.304,21638.2,3.6,3.012,0.075999975
1,26336.304,21638.2,3.6,3.065,0.065999985
1,26336.304,21638.2,3.6,3.114,0.03799987
1,26336.304,21638.2,3.6,3.079,0.045000076
1,26336.304,21638.2,3.6,3.134,0.042999983
1,26336.304,21638.2,3.6,3.134,0.031999826
0,26336.304,21638.2,3.6,3.154,0.052999973
1,26336.304,21638.2,3.6,3.124,0.09500003
1,26336.304,21638.2,3.6,3.181,0.10100007
1,26336.304,21638.2,3.6,3.078,0.07799983
0,26336.304,21638.2,3.6,3.087,0.10100007
0,26336.304,21638.2,3.6,3.125,0.095999956
0,26336.304,21638.2,3.6,3.197,0.112999916
0,26336.304,21638.2,3.6,3.245,0.09700012
0,26336.304,21638.2,3.6,3.281,0.08000016
1,26336.304,21638.2,3.6,3.311,0.12199998
1,26336.304,21638.2,3.6,3.531,0.062000036
1,26336.304,21638.2,3.6,3.525,0.09099984
0,26336.304,21638.2,3.6,3.653,0.061999798
1,26336.304,21638.2,3.6,3.642,0.052999973
1,26336.304,21638.2,3.6,3.685,0.036000013
0,26336.304,21536.5,3.5,3.778,0.02699995
0,26336.304,21536.5,3.5,3.678,0.059999943
0,26336.304,21536.5,3.5,3.616,0.05400014
1,26336.304,21536.5,3.5,3.682,0.029999971
0,26336.304,21536.5,3.5,3.685,0.05100012
1,26336.304,21536.5,3.5,3.543,0.078999996
1,26336.304,21536.5,3.5,3.536,0.08399987
0,26336.304,21536.5,3.5,3.585,0.065999985
0,26336.304,21536.5,3.5,3.77,0.020999908
0,26336.304,21536.5,3.5,3.767,0.005000114
0,26336.304,21536.5,3.5,3.759,0.034999847
1,26336.304,21536.5,3.5,3.823,0.013000011
0,26336.304,21536.5,3.5,3.847,0.04400015
0,26336.304,21536.5,3.5,4.104,-0.10700011
0,26336.304,21536.5,3.5,4.199,-0.08699989
0,26336.304,21536.5,3.5,4.548,-0.21299982
1,26336.304,21536.5,3.5,4.304,-0.09599972
0,26336.304,21536.5,3.5,4.338,-0.006000042
1,26336.304,21536.5,3.5,4.303,-0.07399988
0,26336.304,21536.5,3.5,4.186,-0.089999676
1,26770.514,21461.5,3.6,4.081,-0.07499981
1,26770.514,21461.5,3.6,4.157,-0.05499983
1,26770.514,21461.5,3.6,4.145,-0.042999744
0,26770.514,21461.5,3.6,4.276,-0.061999798
0,26770.514,21461.5,3.6,4.342,-0.035999775
1,26770.514,21461.5,3.6,4.107,0.003000259
0,26770.514,21461.5,3.6,4.203,0.035999775
1,26770.514,21461.5,3.6,4.207,-0.025999546
1,26770.514,21461.5,3.6,4.239,-0.023999691
1,26770.514,21461.5,3.6,4.242,0.034999847
0,26770.514,21461.5,3.6,4.331,0.06500006
0,26770.514,21461.5,3.6,4.35,0.089000225
0,26770.514,21461.5,3.6,4.495,0.13700008
1,26770.514,21461.5,3.6,4.305,0.19799995
0,26770.514,21461.5,3.6,4.221,0.125
1,26770.514,21461.5,3.6,4.208,0.07099962
1,26770.514,21461.5,3.6,4.254,0.059000015
0,26770.514,21461.5,3.6,4.112,0.05499983
1,26770.514,21461.5,3.6,4.185,0.05700016
1,26770.514,21406.5,3.6,4.068,0.06700039
1,26770.514,21406.5,3.6,4.095,0.048000336
0,26770.514,21406.5,3.6,4.158,0.039000034
1,26770.514,21406.5,3.6,4.118,0.06400013
1,26770.514,21406.5,3.6,4.186,0.07200003
1,26770.514,21406.5,3.6,4.156,0.07999992
1,26770.514,21406.5,3.6,4.086,0.09100008
0,26770.514,21406.5,3.6,4.033,0.03700018
1,26770.514,21406.5,3.6,3.834,0.059999943
0,26770.514,21406.5,3.6,3.85,0.07800007
1,26770.514,21406.5,3.6,3.753,0.10800004
0,26770.514,21406.5,3.6,3.808,0.08799982
0,26770.514,21406.5,3.6,3.804,0.049000025
1,26770.514,21406.5,3.6,3.787,0.014000177
0,26770.514,21406.5,3.6,3.837,-0.072999954
0,26770.514,21406.5,3.6,3.844,-0.0710001
1,26770.514,21406.5,3.6,3.849,-0.07500005
1,26770.514,21406.5,3.6,3.689,-0.06699991
0,26770.514,21406.5,3.6,3.644,-0.021000147
0,26770.514,21406.5,3.6,3.669,-0.062999964
1,26770.514,21406.5,3.6,3.723,-0.049999952
1,26770.514,21406.5,3.6,3.689,-0.021999836
1,26770.514,21291.0,3.5,3.65,0.013000011
0,26770.514,21291.0,3.5,3.616,-0.032999992
0,26770.514,21291.0,3.5,3.609,-0.059999943
0,26770.514,21291.0,3.5,3.633,-0.12899995
0,26770.514,21291.0,3.5,3.672,-0.14899993
0,26770.514,21291.0,3.5,3.676,-0.14600015
1,26770.514,21291.0,3.5,3.657,-0.16600013
0,26770.514,21291.0,3.5,3.623,-0.17499995
0,26770.514,21291.0,3.5,3.623,-0.1539998
1,26770.514,21291.0,3.5,3.53,-0.12400007
0,26770.514,21291.0,3.5,3.536,-0.1559999
0,26770.514,21291.0,3.5,3.539,-0.17900014
0,26770.514,21291.0,3.5,3.545,-0.1500001
0,26770.514,21291.0,3.5,3.685,-0.08200002
0,26770.514,21291.0,3.5,3.638,-0.07200003
1,26770.514,21291.0,3.5,3.567,-0.07200003
0,26770.514,21291.0,3.5,3.623,-0.07099986
1,26770.514,21291.0,3.5,3.663,-0.024000168
1,26770.514,21291.0,3.5,3.662,-0.05099988
0,26770.514,21291.0,3.5,3.668,0.005000114
0,26770.514,21291.0,3.5,3.719,0.00699997
0,27216.445,21279.4,3.5,3.782,0.029000044
0,27216.445,21279.4,3.5,3.661,0.0
1,27216.445,21279.4,3.5,3.632,-0.035000086
1,27216.445,21279.4,3.5,3.644,-0.072999954
1,27216.445,21279.4,3.5,3.681,-0.10800004
1,27216.445,21279.4,3.5,3.577,-0.099999905
1,27216.445,21279.4,3.5,3.556,-0.0940001
1,27216.445,21279.4,3.5,3.472,-0.05499983
1,27216.445,21279.4,3.5,3.466,-0.05400014
1,27216.445,21279.4,3.5,3.369,-0.069000006
1,27216.445,21279.4,3.5,3.454,-0.0710001
0,27216.445,21279.4,3.5,3.484,-0.03999996
0,27216.445,21279.4,3.5,3.39,-0.05300021
1,27216.445,21279.4,3.5,3.248,-0.026000023
1,27216.445,21279.4,3.5,3.33,-0.05099988
1,27216.445,21279.4,3.5,3.285,-0.055999994
1,27216.445,21279.4,3.5,3.273,-0.042000055
1,27216.445,21279.4,3.5,3.304,-0.020999908
0,27216.445,21279.4,3.5,3.271,-0.032999992
0,27216.445,21279.4,3.5,3.325,-0.028000116
1,27216.445,21242.9,3.6,3.263,-0.02399993
1,27216.445,21242.9,3.6,3.183,0.02399993
1,27216.445,21242.9,3.6,3.11,0.038000107
0,27216.445,21242.9,3.6,3.283,0.0
1,27216.445,21242.9,3.6,3.315,-0.018000126
1,27216.445,21242.9,3.6,3.339,-0.019000053
0,27216.445,21242.9,3.6,3.401,-0.039000034
0,27216.445,21242.9,3.6,3.398,-0.032999992
0,27216.445,21242.9,3.6,3.452,-0.021999836
1,27216.445,21242.9,3.6,3.429,-0.030999899
0,27216.445,21242.9,3.6,3.502,-0.031000137
1,27216.445,21242.9,3.6,3.504,-0.027999878
0,27216.445,21242.9,3.6,3.639,-0.013000011
1,27216.445,21242.9,3.6,3.677,-0.036000013
1,27216.445,21242.9,3.6,3.623,-0.023000002
0,27216.445,21242.9,3.6,3.645,-0.006000042
1,27216.445,21242.9,3.6,3.599,-0.003999949
0,27216.445,21242.9,3.6,3.555,-0.029999971
0,27216.445,21242.9,3.6,3.683,-0.06400013
1,27216.445,21242.9,3.6,3.797,-0.04399991
1,27216.445,20946.8,3.5,3.878,-0.038000107
1,27216.445,20946.8,3.5,3.791,-0.014999867
1,27216.445,20946.8,3.5,3.774,-0.042999983
1,27216.445,20946.8,3.5,3.726,-0.06500006
0,27216.445,20946.8,3.5,3.855,-0.13499999
0,27216.445,20946.8,3.5,3.858,-0.11899996
0,27216.445,20946.8,3.5,3.703,-0.11899996
1,27216.445,20946.8,3.5,3.435,-0.029999971
0,27216.445,20946.8,3.5,3.381,-0.04400015
1,27216.445,20946.8,3.5,3.473,-0.055000067
0,27216.445,20946.8,3.5,3.4,-0.006000042
1,27216.445,20946.8,3.5,3.415,-0.009000063
0,27216.445,20946.8,3.5,3.264,0.03999996
1,27216.445,20946.8,3.5,3.294,0.00999999
1,27216.445,20946.8,3.5,3.284,0.003000021
1,27216.445,20946.8,3.5,3.206,0.059999943
0,27216.445,20946.8,3.5,3.16,0.049999952
0,27216.445,20946.8,3.5,3.22,0.03799987
1,27216.445,20946.8,3.5,3.258,0.023000002
1,27216.445,20946.8,3.5,3.249,0.030999899
1,27216.445,20946.8,3.5,3.24,0.06500006
1,27216.445,20946.8,3.5,3.27,0.06999993
0,27530.055,20761.4,3.4,3.342,0.04699993
1,27530.055,20761.4,3.4,3.279,0.03699994
1,27530.055,20761.4,3.4,3.264,0.062000036
0,27530.055,20761.4,3.4,3.211,0.06700015
1,27530.055,20761.4,3.4,3.24,0.049000025
1,27530.055,20761.4,3.4,3.192,0.04400015
1,27530.055,20761.4,3.4,3.231,0.024000168
1,27530.055,20761.4,3.4,3.233,0.029000044
1,27530.055,20761.4,3.4,3.199,0.07400012
1,27530.055,20761.4,3.4,3.215,0.0710001
1,27530.055,20761.4,3.4,3.287,0.062000036
0,27530.055,20761.4,3.4,3.294,0.058000088
1,27530.055,20761.4,3.4,3.337,0.032999992
0,27530.055,20761.4,3.4,3.334,0.07499981
0,27530.055,20761.4,3.4,3.267,0.075999975
0,27530.055,20761.4,3.4,3.23,0.075999975
0,27530.055,20761.4,3.4,3.265,0.05799985
0,27530.055,20761.4,3.4,3.259,0.049999952
1,27530.055,20761.4,3.4,3.288,0.0539999
1,27530.055,20761.4,3.4,3.293,0.06699991
1,27530.055,20829.6,3.6,3.335,0.03699994
0,27530.055,20829.6,3.6,3.281,0.042999983
0,27530.055,20829.6,3.6,3.21,0.06800008
1,27530.055,20829.6,3.6,3.261,0.049000025
0,27530.055,20829.6,3.6,3.256,0.062000036
0,27530.055,20829.6,3.6,3.273,0.06800008
0,27530.055,20829.6,3.6,3.22,0.07200003
0,27530.055,20829.6,3.6,3.225,0.049000025
1,27530.055,20829.6,3.6,3.279,0.052999973
1,27530.055,20829.6,3.6,3.242,0.06099987
1,27530.055,20829.6,3.6,3.274,0.045000076
1,27530.055,20829.6,3.6,3.316,0.05100012
1,27530.055,20829.6,3.6,3.34,0.078999996
1,27530.055,20829.6,3.6,3.321,0.0769999
1,27530.055,20829.6,3.6,3.373,0.10000014
0,27530.055,20829.6,3.6,3.378,0.12400007
0,27530.055,20829.6,3.6,3.48,0.116999865
1,27530.055,20829.6,3.6,3.524,0.11500001
1,27530.055,20829.6,3.6,3.56,0.09100008
0,27530.055,20829.6,3.6,3.459,0.072999954
0,27530.055,20799.3,3.6,3.478,0.0710001
1,27530.055,20799.3,3.6,3.436,0.058999777
1,27530.055,20799.3,3.6,3.502,0.059000015
1,27530.055,20799.3,3.6,3.471,0.05100012
0,27530.055,20799.3,3.6,3.543,0.08899999
1,27530.055,20799.3,3.6,3.506,0.106999874
0,27530.055,20799.3,3.6,3.493,0.082999945
1,27530.055,20799.3,3.6,3.484,0.0940001
0,27530.055,20799.3,3.6,3.545,0.089999914
0,27530.055,20799.3,3.6,3.626,0.059000015
1,27530.055,20799.3,3.6,3.585,0.07200003
0,27530.055,20799.3,3.6,3.583,0.049999952
0,27530.055,20799.3,3.6,3.567,0.07500005
0,27530.055,20799.3,3.6,3.571,0.049999952
1,27530.055,20799.3,3.6,3.592,0.055000067
0,27530.055,20799.3,3.6,3.609,0.05400014
1,27530.055,20799.3,3.6,3.568,0.042999983
0,27530.055,20799.3,3.6,3.538,0.06499982
0,27530.055,20799.3,3.6,3.557,0.05400014
0,27530.055,20799.3,3.6,3.584,0.041999817
1,27530.055,20799.3,3.6,3.662,0.013000011
1,28074.846,20791.2,3.5,3.613,-0.005999804
0,28074.846,20791.2,3.5,3.619,0.003999949
0,28074.846,20791.2,3.5,3.618,0.026000023
0,28074.846,20791.2,3.5,3.676,0.03699994
0,28074.846,20791.2,3.5,3.735,0.026000023
0,28074.846,20791.2,3.5,3.795,0.06799984
1,28074.846,20791.2,3.5,3.703,0.05499983
1,28074.846,20791.2,3.5,3.704,0.052000046
1,28074.846,20791.2,3.5,3.602,0.055000067
1,28074.846,20791.2,3.5,3.614,0.07099986
0,28074.846,20791.2,3.5,3.611,0.049000025
0,28074.846,20791.2,3.5,3.596,0.055000067
1,28074.846,20791.2,3.5,3.543,0.032000065
0,28074.846,20791.2,3.5,3.581,0.024999857
1,28074.846,20791.2,3.5,3.602,0.03399992
1,28074.846,20791.2,3.5,3.617,0.023000002
1,28074.846,20791.2,3.5,3.645,0.039000034
0,28074.846,20791.2,3.5,3.627,0.030999899
1,28074.846,20791.2,3.5,3.587,0.05000019
1,28074.846,20791.2,3.5,3.635,0.092999935
1,28074.846,20791.2,3.5,3.681,0.07999992
1,28074.846,20777.2,3.7,3.647,0.07999992
0,28074.846,20777.2,3.7,3.677,0.11599994
0,28074.846,20777.2,3.7,3.714,0.14700007
0,28074.846,20777.2,3.7,3.738,0.13800001
0,28074.846,20777.2,3.7,3.689,0.125
0,28074.846,20777.2,3.7,3.647,0.092999935
1,28074.846,20777.2,3.7,3.672,0.102
0,28074.846,20777.2,3.7,3.687,0.09899998
0,28074.846,20777.2,3.7,3.698,0.12599993
0,28074.846,20777.2,3.7,3.747,0.14199996
0,28074.846,20777.2,3.7,3.712,0.15500021
0,28074.846,20777.2,3.7,3.788,0.18799996
0,28074.846,20777.2,3.7,3.729,0.18499994
1,28074.846,20777.2,3.7,3.795,0.17799997
1,28074.846,20777.2,3.7,3.802,0.18400002
0,28074.846,20777.2,3.7,3.771,0.14900017
1,28074.846,20777.2,3.7,3.759,0.11899996
0,28074.846,20777.2,3.7,3.789,0.14599991
1,28074.846,20777.2,3.7,3.759,0.112999916
1,28074.846,20777.2,3.7,3.74,0.10400009
1,28074.846,20777.2,3.7,3.732,0.11799979
0,28074.846,20777.2,3.7,3.711,0.11000013
1,28074.846,20747.8,3.7,3.689,0.089000225
1,28074.846,20747.8,3.7,3.738,0.11800003
0,28074.846,20747.8,3.7,3.765,0.12099981
0,28074.846,20747.8,3.7,3.765,0.12799978
0,28074.846,20747.8,3.7,3.847,0.12200022
0,28074.846,20747.8,3.7,3.795,0.099999905
1,28074.846,20747.8,3.7,3.865,0.095999956
0,28074.846,20747.8,3.7,3.863,0.102
0,28074.846,20747.8,3.7,3.853,0.095999956
1,28074.846,20747.8,3.7,3.836,0.08100009
1,28074.846,20747.8,3.7,3.85,0.07800007
0,28074.846,20747.8,3.7,3.891,0.09100008
0,28074.846,20747.8,3.7,3.887,0.06499982
1,28074.846,20747.8,3.7,3.89,0.072999954
0,28074.846,20747.8,3.7,3.93,0.10100007
0,28074.846,20747.8,3.7,3.876,0.125
0,28074.846,20747.8,3.7,3.876,0.13600016
0,28074.846,20747.8,3.7,3.891,0.16299987
1,28074.846,20747.8,3.7,3.884,0.14600015
0,28424.722,20732.9,3.9,4.108,0.24300003
0,28424.722,20732.9,3.9,4.081,0.24100018
1,28424.722,20732.9,3.9,4.015,0.2249999
0,28424.722,20732.9,3.9,3.997,0.22199988
1,28424.722,20732.9,3.9,3.953,0.18900013
1,28424.722,20732.9,3.9,3.932,0.16899991
0,28424.722,20732.9,3.9,3.957,0.21200013
0,28424.722,20732.9,3.9,3.973,0.21799994
1,28424.722,20732.9,3.9,3.991,0.23300004
1,28424.722,20732.9,3.9,4.031,0.25600004
0,28424.722,20732.9,3.9,4.07,0.29199982
0,28424.722,20732.9,3.9,4.033,0.29400015
0,28424.722,20732.9,3.9,4.055,0.31900024
1,28424.722,20732.9,3.9,4.004,0.26499987
0,28424.722,20732.9,3.9,4.038,0.24300003
0,28424.722,20732.9,3.9,4.104,0.2880001
1,28424.722,20732.9,3.9,4.073,0.20700026
1,28424.722,20732.9,3.9,4.089,0.22299957
0,28424.722,20732.9,3.9,4.085,0.23999977
1,28424.722,20746.5,3.7,4.071,0.21700001
1,28424.722,20746.5,3.7,3.979,0.18900013
1,28424.722,20746.5,3.7,3.949,0.15600014
1,28424.722,20746.5,3.7,3.877,0.17900014
0,28424.722,20746.5,3.7,3.887,0.16799974
0,28424.722,20746.5,3.7,3.868,0.1539998
1,28424.722,20746.5,3.7,3.847,0.09800005
0,28424.722,20746.5,3.7,3.862,0.10700011
0,28424.722,20746.5,3.7,3.877,0.12800002
1,28424.722,20746.5,3.7,3.857,0.12299991
1,28424.722,20746.5,3.7,3.744,0.0710001
1,28424.722,20746.5,3.7,3.701,0.09800005
0,28424.722,20746.5,3.7,3.681,0.11500001
1,28424.722,20746.5,3.7,3.667,0.08800006
1,28424.722,20746.5,3.7,3.644,0.08200002
1,28424.722,20746.5,3.7,3.666,0.096000195
1,28424.722,20746.5,3.7,3.644,0.06799984
0,28424.722,20746.5,3.7,3.677,0.102
0,28424.722,20746.5,3.7,3.689,0.07800007
1,28424.722,20746.5,3.7,3.648,0.07800007
0,28424.722,20746.5,3.7,3.554,0.08700013
1,28424.722,20746.5,3.7,3.583,0.11599994
0,28424.722,20777.9,3.8,3.587,0.11199999
1,28424.722,20777.9,3.8,3.531,0.09500003
0,28424.722,20777.9,3.8,3.484,0.09500003
1,28424.722,20777.9,3.8,3.463,0.06999993
0,28424.722,20777.9,3.8,3.511,0.06500006
1,28424.722,20777.9,3.8,3.461,0.072999954
1,28424.722,20777.9,3.8,3.48,0.085999966
1,28424.722,20777.9,3.8,3.446,0.08099985
0,28424.722,20777.9,3.8,3.465,0.06000018
1,28424.722,20777.9,3.8,3.258,0.07400012
1,28424.722,20777.9,3.8,3.281,0.07700014
1,28424.722,20777.9,3.8,3.277,0.059000015
1,28424.722,20777.9,3.8,3.296,0.032000065
1,28424.722,20777.9,3.8,3.232,0.04799986
0,28424.722,20777.9,3.8,3.236,0.06099987
0,28424.722,20777.9,3.8,3.234,0.06700015
1,28424.722,20777.9,3.8,3.221,0.049999952
1,28424.722,20777.9,3.8,3.22,0.03999996
1,28424.722,20777.9,3.8,3.154,0.029000044
1,28708.161,20843.9,3.7,3.24,0.065999985
0,28708.161,20843.9,3.7,3.278,0.059999943
0,28708.161,20843.9,3.7,3.227,0.06100011
0,28708.161,20843.9,3.7,3.283,0.06100011
0,28708.161,20843.9,3.7,3.297,0.04700017
0,28708.161,20843.9,3.7,3.255,0.06799984
0,28708.161,20843.9,3.7,3.269,0.0769999
0,28708.161,20843.9,3.7,3.227,0.07999992
0,28708.161,20843.9,3.7,3.204,0.102
1,28708.161,20843.9,3.7,3.191,0.102
0,28708.161,20843.9,3.7,3.235,0.08700013
0,28708.161,20843.9,3.7,3.277,0.09200001
1,28708.161,20843.9,3.7,3.285,0.09500003
1,28708.161,20843.9,3.7,3.307,0.11500001
0,28708.161,20843.9,3.7,3.278,0.09399986
1,28708.161,20843.9,3.7,3.286,0.085999966
0,28708.161,20843.9,3.7,3.3,0.10000014
1,28708.161,20843.9,3.7,3.313,0.10599995
1,28708.161,20843.9,3.7,3.263,0.12299991
1,28708.161,20843.9,3.7,3.304,0.13200021
0,28708.161,20843.9,3.7,3.268,0.08200002
0,28708.161,20843.9,3.7,3.261,0.08400011
1,28708.161,20927.4,3.9,3.267,0.07200003
1,28708.161,20927.4,3.9,3.248,0.039000034
0,28708.161,20927.4,3.9,3.312,0.062000036
0,28708.161,20927.4,3.9,3.292,0.089999914
1,28708.161,20927.4,3.9,3.286,0.09200001
1,28708.161,20927.4,3.9,3.305,0.09500003
1,28708.161,20927.4,3.9,3.353,0.10000014
0,28708.161,20927.4,3.9,3.425,0.07700014
0,28708.161,20927.4,3.9,3.405,0.07200003
1,28708.161,20927.4,3.9,3.405,0.07700014
1,28708.161,20927.4,3.9,3.397,0.06999993
0,28708.161,20927.4,3.9,3.405,0.08400011
0,28708.161,20927.4,3.9,3.402,0.07200003
1,28708.161,20927.4,3.9,3.342,0.08200002
1,28708.161,20927.4,3.9,3.374,0.09399986
0,28708.161,20927.4,3.9,3.34,0.062000036
0,28708.161,20927.4,3.9,3.364,0.065999985
1,28708.161,20927.4,3.9,3.359,0.082999945
0,28708.161,20927.4,3.9,3.385,0.089999914
1,28708.161,20973.9,3.9,3.36,0.07400012
0,28708.161,20973.9,3.9,3.349,0.059999943
0,28708.161,20973.9,3.9,3.325,0.055999994
1,28708.161,20973.9,3.9,3.321,0.07799983
1,28708.161,20973.9,3.9,3.271,0.0630002
0,28708.161,20973.9,3.9,3.275,0.06699991
1,28708.161,20973.9,3.9,3.273,0.062000036
1,28708.161,20973.9,3.9,3.251,0.08000016
1,28708.161,20973.9,3.9,3.273,0.08100009
0,28708.161,20973.9,3.9,3.308,0.102
1,28708.161,20973.9,3.9,3.348,0.08699989
0,28708.161,20973.9,3.9,3.383,0.08899999
1,28708.161,20973.9,3.9,3.371,0.07999992
1,28708.161,20973.9,3.9,3.306,0.10500002
0,28708.161,20973.9,3.9,3.284,0.07800007
0,28708.161,20973.9,3.9,3.29,0.07999992
1,28708.161,20973.9,3.9,3.301,0.095999956
0,28708.161,20973.9,3.9,3.288,0.0849998
0,28708.161,20973.9,3.9,3.293,0.08400011
1,28708.161,20973.9,3.9,3.322,0.09100008
1,29147.044,20959.7,3.9,3.291,0.09000015
1,29147.044,20959.7,3.9,3.333,0.09200001
0,29147.044,20959.7,3.9,3.341,0.11099982
1,29147.044,20959.7,3.9,3.338,0.11899996
0,29147.044,20959.7,3.9,3.329,0.10400009
1,29147.044,20959.7,3.9,3.383,0.10500002
0,29147.044,20959.7,3.9,3.391,0.11199999
1,29147.044,20959.7,3.9,3.466,0.11899996
0,29147.044,20959.7,3.9,3.403,0.13499999
0,29147.044,20959.7,3.9,3.44,0.12100005
0,29147.044,20959.7,3.9,3.469,0.14899993
0,29147.044,20959.7,3.9,3.475,0.15700006
1,29147.044,20959.7,3.9,3.427,0.13499999
0,29147.044,20959.7,3.9,3.468,0.11500001
1,29147.044,20959.7,3.9,3.512,0.13800001
0,29147.044,20959.7,3.9,3.489,0.13599992
1,29147.044,20959.7,3.9,3.509,0.13599992
0,29147.044,20959.7,3.9,3.543,0.16400003
1,29147.044,20959.7,3.9,3.531,0.1630001
1,29147.044,20959.7,3.9,3.552,0.15199995
1,29147.044,20959.7,3.9,3.529,0.12699986
0,29147.044,21020.6,3.9,3.509,0.12899995
0,29147.044,21020.6,3.9,3.5,0.11400008
1,29147.044,21020.6,3.9,3.448,0.08800006
1,29147.044,21020.6,3.9,3.439,0.09100008
0,29147.044,21020.6,3.9,3.453,0.102999926
1,29147.044,21020.6,3.9,3.44,0.09800005
0,29147.044,21020.6,3.9,3.452,0.102
1,29147.044,21020.6,3.9,3.454,0.09200001
1,29147.044,21020.6,3.9,3.375,0.082999945
0,29147.044,21020.6,3.9,3.379,0.07500005
1,29147.044,21020.6,3.9,3.412,0.08500004
0,29147.044,21020.6,3.9,3.411,0.07999992
0,29147.044,21020.6,3.9,3.409,0.069000006
0,29147.044,21020.6,3.9,3.402,0.06999993
0,29147.044,21020.6,3.9,3.423,0.09200001
1,29147.044,21020.6,3.9,3.413,0.0849998
0,29147.044,21020.6,3.9,3.394,0.08699989
0,29147.044,21020.6,3.9,3.425,0.11100006
0,29147.044,21020.6,3.9,3.44,0.123999834
1,29147.044,21020.6,3.9,3.452,0.12600017
1,29147.044,21068.4,4.1,3.434,0.09800005
0,29147.044,21068.4,4.1,3.39,0.07999992
1,29147.044,21068.4,4.1,3.345,0.08500004
1,29147.044,21068.4,4.1,3.308,0.0769999
0,29147.044,21068.4,4.1,3.353,0.08000016
1,29147.044,21068.4,4.1,3.341,0.08399987
1,29147.044,21068.4,4.1,3.307,0.07500005
1,29147.044,21068.4,4.1,3.277,0.06800008
1,29147.044,21068.4,4.1,3.252,0.049999952
0,29147.044,21068.4,4.1,3.212,0.0710001
1,29147.044,21068.4,4.1,3.214,0.06500006
1,29147.044,21068.4,4.1,3.162,0.069000006
1,29147.044,21068.4,4.1,3.196,0.072999954
0,29147.044,21068.4,4.1,3.176,0.078999996
0,29147.044,21068.4,4.1,3.194,0.06999993
1,29147.044,21068.4,4.1,3.201,0.06999993
1,29147.044,21068.4,4.1,3.215,0.0630002
0,29147.044,21068.4,4.1,3.22,0.07999992
1,29147.044,21068.4,4.1,3.182,0.08400011
1,29511.664,21095.3,4.2,3.21,0.102
0,29511.664,21095.3,4.2,3.169,0.120000124
1,29511.664,21095.3,4.2,3.16,0.11399984
1,29511.664,21095.3,4.2,3.128,0.10599995
1,29511.664,21095.3,4.2,3.115,0.11199999
0,29511.664,21095.3,4.2,3.119,0.092999935
1,29511.664,21095.3,4.2,3.114,0.0769999
1,29511.664,21095.3,4.2,3.12,0.07800007
1,29511.664,21095.3,4.2,3.163,0.07099986
0,29511.664,21095.3,4.2,3.101,0.075999975
1,29511.664,21095.3,4.2,3.076,0.10100007
1,29511.664,21095.3,4.2,3.035,0.102
0,29511.664,21095.3,4.2,3.05,0.08899999
0,29511.664,21095.3,4.2,3.058,0.07999992
0,29511.664,21095.3,4.2,3.074,0.08200002
0,29511.664,21095.3,4.2,3.071,0.07399988
1,29511.664,21095.3,4.2,3.084,0.08699989
0,29511.664,21095.3,4.2,3.046,0.08500004
0,29511.664,21095.3,4.2,3.024,0.10400009
1,29511.664,21095.3,4.2,3.024,0.08400011
1,29511.664,21095.3,4.2,2.978,0.06800008
0,29511.664,21095.3,4.2,2.994,0.058000088
1,29511.664,21095.3,4.2,3.004,0.059999943
1,29511.664,21186.8,4.2,2.976,0.03399992
0,29511.664,21186.8,4.2,2.939,0.03700018
0,29511.664,21186.8,4.2,2.806,0.07200003
1,29511.664,21186.8,4.2,2.935,0.058000088
1,29511.664,21186.8,4.2,2.929,0.07200003
0,29511.664,21186.8,4.2,2.911,0.085999966
1,29511.664,21186.8,4.2,2.941,0.0710001
1,29511.664,21186.8,4.2,2.946,0.0539999
1,29511.664,21186.8,4.2,2.918,0.055999994
1,29511.664,21186.8,4.2,2.888,0.05699992
1,29511.664,21186.8,4.2,2.928,0.045000076
0,29511.664,21186.8,4.2,2.927,0.05799985
1,29511.664,21186.8,4.2,2.944,0.055000067
1,29511.664,21186.8,4.2,2.94,0.05699992
1,29511.664,21186.8,4.2,2.907,0.072999954
0,29511.664,21186.8,4.2,2.92,0.08500004
0,29511.664,21186.8,4.2,2.89,0.08399987
0,29511.664,21186.8,4.2,2.94,0.1329999
1,29511.664,21186.8,4.2,2.919,0.13499999
0,29511.664,21186.8,4.2,2.939,0.13600016
1,29511.664,21186.8,4.2,2.953,0.13499999
1,29511.664,21269.5,4.1,2.989,0.13199997
0,29511.664,21269.5,4.1,2.981,0.13899994
0,29511.664,21269.5,4.1,2.931,0.12100005
0,29511.664,21269.5,4.1,2.905,0.125
0,29511.664,21269.5,4.1,2.881,0.10899997
0,29511.664,21269.5,4.1,2.897,0.13499999
0,29511.664,21269.5,4.1,2.877,0.1329999
0,29511.664,21269.5,4.1,2.82,0.123000145
1,29511.664,21269.5,4.1,2.866,0.10400009
1,29511.664,21269.5,4.1,2.822,0.10599995
1,29511.664,21269.5,4.1,2.843,0.13600016
1,29511.664,21269.5,4.1,2.838,0.15100002
1,29511.664,21269.5,4.1,2.864,0.15799999
1,29511.664,21269.5,4.1,2.854,0.17199993
0,29511.664,21269.5,4.1,2.812,0.18499994
1,29511.664,21269.5,4.1,2.807,0.194
0,29511.664,21269.5,4.1,2.826,0.17400002
0,29511.664,21269.5,4.1,2.811,0.181
0,29825.182,21331.9,4.1,2.78,0.15199995
1,29825.182,21331.9,4.1,2.824,0.17200017
1,29825.182,21331.9,4.1,2.96,0.14100003
0,29825.182,21331.9,4.1,2.932,0.14499998
1,29825.182,21331.9,4.1,2.962,0.12600017
0,29825.182,21331.9,4.1,2.947,0.13800001
1,29825.182,21331.9,4.1,2.938,0.14899993
1,29825.182,21331.9,4.1,2.906,0.14400005
0,29825.182,21331.9,4.1,2.88,0.12799978
0,29825.182,21331.9,4.1,2.897,0.13100004
0,29825.182,21331.9,4.1,2.908,0.16400003
1,29825.182,21331.9,4.1,2.902,0.15199995
0,29825.182,21331.9,4.1,2.943,0.18700004
1,29825.182,21331.9,4.1,2.936,0.19199991
0,29825.182,21331.9,4.1,2.891,0.18299985
1,29825.182,21331.9,4.1,2.882,0.17199993
1,29825.182,21331.9,4.1,2.932,0.18500018
1,29825.182,21331.9,4.1,2.936,0.18199992
0,29825.182,21331.9,4.1,2.937,0.16799998
0,29825.182,21331.9,4.1,2.936,0.1639998
0,29825.182,21452.2,4.2,2.939,0.15100002
1,29825.182,21452.2,4.2,2.935,0.16100001
0,29825.182,21452.2,4.2,2.918,0.15499997
0,29825.182,21452.2,4.2,2.96,0.17400002
1,29825.182,21452.2,4.2,2.922,0.17600012
0,29825.182,21452.2,4.2,2.889,0.16000009
0,29825.182,21452.2,4.2,2.901,0.13700008
0,29825.182,21452.2,4.2,2.9,0.11399984
0,29825.182,21452.2,4.2,2.939,0.12800002
1,29825.182,21452.2,4.2,2.929,0.14499998
0,29825.182,21452.2,4.2,2.941,0.14300013
1,29825.182,21452.2,4.2,2.915,0.148
1,29825.182,21452.2,4.2,2.889,0.14700007
1,29825.182,21452.2,4.2,2.873,0.14400005
0,29825.182,21452.2,4.2,2.829,0.14899993
1,29825.182,21452.2,4.2,2.816,0.16000009
1,29825.182,21452.2,4.2,2.773,0.14700007
0,29825.182,21452.2,4.2,2.773,0.13000011
0,29825.182,21452.2,4.2,2.741,0.13900018
1,29825.182,21452.2,4.2,2.638,0.1500001
0,29825.182,21452.2,4.2,2.607,0.14399981
0,29825.182,21485.9,4.1,2.567,0.13000011
1,29825.182,21485.9,4.1,2.585,0.12800002
0,29825.182,21485.9,4.1,2.626,0.13900018
0,29825.182,21485.9,4.1,2.603,0.13499999
0,29825.182,21485.9,4.1,2.62,0.12400007
0,29825.182,21485.9,4.1,2.579,0.09800005
1,29825.182,21485.9,4.1,2.524,0.12100005
1,29825.182,21485.9,4.1,2.536,0.1559999
1,29825.182,21485.9,4.1,2.549,0.15100002
1,29825.182,21485.9,4.1,2.541,0.13500023
0,29825.182,21485.9,4.1,2.553,0.16799998
0,29825.182,21485.9,4.1,2.621,0.16899991
1,29825.182,21485.9,4.1,2.536,0.2019999
0,29825.182,21485.9,4.1,2.603,0.21099997
0,29825.182,21485.9,4.1,2.629,0.24399996
1,29825.182,21485.9,4.1,2.616,0.22800016
0,29825.182,21485.9,4.1,2.626,0.25
0,29825.182,21485.9,4.1,2.648,0.25600004
0,29825.182,21485.9,4.1,2.634,0.24199986
0,29825.182,21485.9,4.1,2.597,0.25800014
0,30042.113,21548.1,4.0,2.507,0.2420001
1,30042.113,21548.1,4.0,2.482,0.27199984
1,30042.113,21548.1,4.0,2.524,0.29299998
1,30042.113,21548.1,4.0,2.508,0.286
1,30042.113,21548.1,4.0,2.505,0.2909999
1,30042.113,21548.1,4.0,2.5,0.27800012
0,30042.113,21548.1,4.0,2.561,0.27599978
0,30042.113,21548.1,4.0,2.664,0.20700002
1,30042.113,21548.1,4.0,2.646,0.19500017
0,30042.113,21548.1,4.0,2.675,0.18499994
1,30042.113,21548.1,4.0,2.626,0.17600012
0,30042.113,21548.1,4.0,2.588,0.2249999
0,30042.113,21548.1,4.0,2.623,0.24500012
0,30042.113,21548.1,4.0,2.579,0.23900008
1,30042.113,21548.1,4.0,2.577,0.25
0,30042.113,21548.1,4.0,2.578,0.25899982
1,30042.113,21548.1,4.0,2.57,0.28900003
0,30042.113,21548.1,4.0,2.573,0.286
0,30042.113,21613.5,4.2,2.572,0.263
1,30042.113,21613.5,4.2,2.584,0.26
1,30042.113,21613.5,4.2,2.578,0.24000001
1,30042.113,21613.5,4.2,2.582,0.21399999
0,30042.113,21613.5,4.2,2.635,0.20099998
0,30042.113,21613.5,4.2,2.638,0.19199991
1,30042.113,21613.5,4.2,2.633,0.21600008
1,30042.113,21613.5,4.2,2.651,0.22799993
1,30042.113,21613.5,4.2,2.631,0.24099994
1,30042.113,21613.5,4.2,2.611,0.2349999
1,30042.113,21613.5,4.2,2.623,0.24600005
1,30042.113,21613.5,4.2,2.641,0.23699999
1,30042.113,21613.5,4.2,2.63,0.24299979
0,30042.113,21613.5,4.2,2.628,0.26
1,30042.113,21613.5,4.2,2.618,0.23799992
0,30042.113,21613.5,4.2,2.61,0.21500015
0,30042.113,21613.5,4.2,2.596,0.20099998
1,30042.113,21613.5,4.2,2.591,0.16100001
0,30042.113,21613.5,4.2,2.592,0.16199994
0,30042.113,21613.5,4.2,2.566,0.1400001
0,30042.113,21693.6,4.2,2.541,0.16200018
1,30042.113,21693.6,4.2,2.565,0.20799994
1,30042.113,21693.6,4.2,2.594,0.2119999
0,30042.113,21693.6,4.2,2.565,0.20799994
1,30042.113,21693.6,4.2,2.596,0.20500016
0,30042.113,21693.6,4.2,2.56,0.20000005
1,30042.113,21693.6,4.2,2.55,0.21300006
0,30042.113,21693.6,4.2,2.57,0.20000005
0,30042.113,21693.6,4.2,2.596,0.21700001
1,30042.113,21693.6,4.2,2.601,0.204
1,30042.113,21693.6,4.2,2.598,0.19000006
1,30042.113,21693.6,4.2,2.621,0.19000006
1,30042.113,21693.6,4.2,2.598,0.194
1,30042.113,21693.6,4.2,2.597,0.20800018
0,30042.113,21693.6,4.2,2.604,0.2119999
0,30042.113,21693.6,4.2,2.612,0.20900011
1,30042.113,21693.6,4.2,2.618,0.22099996
0,30042.113,21693.6,4.2,2.622,0.21600008
0,30042.113,21693.6,4.2,2.629,0.21300006
0,30042.113,21693.6,4.2,2.569,0.2019999
1,30485.729,21775.6,4.2,2.581,0.20599985
0,30485.729,21775.6,4.2,2.584,0.18299985
0,30485.729,21775.6,4.2,2.529,0.20899987
0,30485.729,21775.6,4.2,2.461,0.23099995
0,30485.729,21775.6,4.2,2.405,0.24300003
1,30485.729,21775.6,4.2,2.413,0.273
0,30485.729,21775.6,4.2,2.434,0.2980001
1,30485.729,21775.6,4.2,2.437,0.26499987
0,30485.729,21775.6,4.2,2.411,0.2850001
1,30485.729,21775.6,4.2,2.408,0.283
1,30485.729,21775.6,4.2,2.399,0.2650001
0,30485.729,21775.6,4.2,2.351,0.27799988
1,30485.729,21775.6,4.2,2.385,0.26
1,30485.729,21775.6,4.2,2.362,0.2579999
1,30485.729,21775.6,4.2,2.331,0.2709999
0,30485.729,21775.6,4.2,2.33,0.29100013
1,30485.729,21775.6,4.2,2.337,0.26100016
0,30485.729,21775.6,4.2,2.341,0.28199983
1,30485.729,21775.6,4.2,2.305,0.2709999
1,30485.729,21775.6,4.2,2.316,0.27200007
1,30485.729,21775.6,4.2,2.31,0.29299998
0,30485.729,21775.6,4.2,2.267,0.296
1,30485.729,21833.9,4.3,2.282,0.31099987
1,30485.729,21833.9,4.3,2.253,0.3499999
1,30485.729,21833.9,4.3,2.281,0.34100008
0,30485.729,21833.9,4.3,2.331,0.339
1,30485.729,21833.9,4.3,2.33,0.35500002
1,30485.729,21833.9,4.3,2.37,0.352
1,30485.729,21833.9,4.3,2.351,0.36699986
0,30485.729,21833.9,4.3,2.362,0.365
1,30485.729,21833.9,4.3,2.319,0.3570001
0,30485.729,21833.9,4.3,2.366,0.38100004
0,30485.729,21833.9,4.3,2.33,0.38300014
1,30485.729,21833.9,4.3,2.345,0.41499996
0,30485.729,21833.9,4.3,2.336,0.41900015
0,30485.729,21833.9,4.3,2.338,0.42799997
1,30485.729,21833.9,4.3,2.348,0.41799998
0,30485.729,21833.9,4.3,2.34,0.3690002
1,30485.729,21833.9,4.3,2.314,0.3920002
1,30485.729,21833.9,4.3,2.341,0.4189999
0,30485.729,21833.9,4.3,2.347,0.43900013
1,30485.729,21938.8,4.1,2.34,0.45300007
1,30485.729,21938.8,4.1,2.414,0.48000002
1,30485.729,21938.8,4.1,2.412,0.4790001
1,30485.729,21938.8,4.1,2.405,0.46200013
1,30485.729,21938.8,4.1,2.385,0.4460001
1,30485.729,21938.8,4.1,2.419,0.41799998
1,30485.729,21938.8,4.1,2.429,0.398
0,30485.729,21938.8,4.1,2.462,0.3570001
1,30485.729,21938.8,4.1,2.483,0.38100004
1,30485.729,21938.8,4.1,2.448,0.42000008
1,30485.729,21938.8,4.1,2.472,0.40400004
1,30485.729,21938.8,4.1,2.475,0.39900017
1,30485.729,21938.8,4.1,2.463,0.40400004
0,30485.729,21938.8,4.1,2.498,0.375
1,30485.729,21938.8,4.1,2.461,0.362
1,30485.729,21938.8,4.1,2.46,0.3599999
0,30485.729,21938.8,4.1,2.454,0.3340001
0,30485.729,21938.8,4.1,2.453,0.33200002
1,30485.729,21938.8,4.1,2.452,0.35300016
1,31098.027,22020.0,4.3,2.454,0.32999992
0,31098.027,22020.0,4.3,2.483,0.34899998
1,31098.027,22020.0,4.3,2.449,0.365
0,31098.027,22020.0,4.3,2.467,0.36100006
1,31098.027,22020.0,4.3,2.482,0.3579998
1,31098.027,22020.0,4.3,2.477,0.3699999
1,31098.027,22020.0,4.3,2.478,0.37600017
1,31098.027,22020.0,4.3,2.433,0.3809998
0,31098.027,22020.0,4.3,2.448,0.375
1,31098.027,22020.0,4.3,2.474,0.41199994
1,31098.027,22020.0,4.3,2.463,0.41400003
0,31098.027,22020.0,4.3,2.459,0.41799998
1,31098.027,22020.0,4.3,2.479,0.42599988
0,31098.027,22020.0,4.3,2.474,0.39899993
1,31098.027,22020.0,4.3,2.456,0.39899993
0,31098.027,22020.0,4.3,2.463,0.37599993
1,31098.027,22020.0,4.3,2.458,0.37199998
1,31098.027,22020.0,4.3,2.467,0.38199997
1,31098.027,22020.0,4.3,2.485,0.37000012
1,31098.027,22020.0,4.3,2.464,0.365
1,31098.027,22020.0,4.3,2.46,0.36299992
1,31098.027,22020.0,4.3,2.454,0.34299994
0,31098.027,22020.0,4.3,2.46,0.32500005
0,31098.027,22087.0,4.3,2.478,0.3540001
1,31098.027,22087.0,4.3,2.421,0.3570001
1,31098.027,22087.0,4.3,2.425,0.34100008
1,31098.027,22087.0,4.3,2.43,0.34899998
1,31098.027,22087.0,4.3,2.408,0.36400008
0,31098.027,22087.0,4.3,2.409,0.3670001
0,31098.027,22087.0,4.3,2.42,0.36099982
0,31098.027,22087.0,4.3,2.431,0.37000012
1,31098.027,22087.0,4.3,2.417,0.39199996
1,31098.027,22087.0,4.3,2.404,0.3829999
0,31098.027,22087.0,4.3,2.426,0.41099977
0,31098.027,22087.0,4.3,2.444,0.41400003
0,31098.027,22087.0,4.3,2.441,0.41199994
1,31098.027,22087.0,4.3,2.438,0.40700006
1,31098.027,22087.0,4.3,2.456,0.4039998
1,31098.027,22087.0,4.3,2.434,0.41799998
0,31098.027,22087.0,4.3,2.422,0.43799996
1,31098.027,22087.0,4.3,2.402,0.4230001
1,31098.027,22087.0,4.3,2.416,0.39900017
0,31098.027,22087.0,4.3,2.426,0.38899994
0,31098.027,22170.3,4.4,2.435,0.41199994
1,31098.027,22170.3,4.4,2.45,0.41999984
1,31098.027,22170.3,4.4,2.475,0.4380002
1,31098.027,22170.3,4.4,2.472,0.411
1,31098.027,22170.3,4.4,2.46,0.39499998
1,31098.027,22170.3,4.4,2.448,0.4000001
1,31098.027,22170.3,4.4,2.425,0.39300013
1,31098.027,22170.3,4.4,2.43,0.40299988
1,31098.027,22170.3,4.4,2.42,0.3929999
1,31098.027,22170.3,4.4,2.431,0.38199997
1,31098.027,22170.3,4.4,2.443,0.37800002
1,31098.027,22170.3,4.4,2.417,0.38699985
0,31098.027,22170.3,4.4,2.418,0.36899996
1,31098.027,22170.3,4.4,2.403,0.35299993
0,31098.027,22170.3,4.4,2.441,0.37400007
1,31098.027,22170.3,4.4,2.459,0.37399983
1,31098.027,22170.3,4.4,2.46,0.35299993
0,31098.027,22170.3,4.4,2.489,0.35899997
0,31098.027,22170.3,4.4,2.528,0.35699987
0,31098.027,22170.3,4.4,2.562,0.38100004
1,31098.027,22170.3,4.4,2.563,0.37599993
0,31098.027,22170.3,4.4,2.582,0.36899996
1,31422.526,22245.1,4.4,2.596,0.36400008
1,31422.526,22245.1,4.4,2.581,0.37800002
1,31422.526,22245.1,4.4,2.591,0.3729999
0,31422.526,22245.1,4.4,2.554,0.35000014
0,31422.526,22245.1,4.4,2.533,0.33800006
1,31422.526,22245.1,4.4,2.52,0.33599997
1,31422.526,22245.1,4.4,2.569,0.339
1,31422.526,22245.1,4.4,2.555,0.32999992
1,31422.526,22245.1,4.4,2.569,0.32299995
1,31422.526,22245.1,4.4,2.6,0.30400014
1,31422.526,22245.1,4.4,2.572,0.29699993
0,31422.526,22245.1,4.4,2.605,0.30699992
1,31422.526,22245.1,4.4,2.591,0.32200003
1,31422.526,22245.1,4.4,2.62,0.33900023
0,31422.526,22245.1,4.4,2.633,0.30200005
1,31422.526,22245.1,4.4,2.677,0.30699992
1,31422.526,22245.1,4.4,2.732,0.31799984
1,31422.526,22245.1,4.4,2.716,0.34500003
1,31422.526,22277.5,4.5,2.741,0.34500003
0,31422.526,22277.5,4.5,2.729,0.35299993
0,31422.526,22277.5,4.5,2.767,0.35800004
1,31422.526,22277.5,4.5,2.834,0.36899996
0,31422.526,22277.5,4.5,2.894,0.33200002
1,31422.526,22277.5,4.5,2.865,0.365
1,31422.526,22277.5,4.5,2.831,0.3699999
1,31422.526,22277.5,4.5,2.923,0.35899997
1,31422.526,22277.5,4.5,2.932,0.33500004
0,31422.526,22277.5,4.5,2.944,0.3729999
1,31422.526,22277.5,4.5,2.914,0.38700008
0,31422.526,22277.5,4.5,2.872,0.3959999
0,31422.526,22277.5,4.5,2.869,0.41199994
1,31422.526,22277.5,4.5,2.908,0.41700006
0,31422.526,22277.5,4.5,2.872,0.39899993
0,31422.526,22277.5,4.5,2.904,0.385
1,31422.526,22277.5,4.5,2.902,0.362
1,31422.526,22277.5,4.5,2.895,0.35599995
1,31422.526,22277.5,4.5,3.013,0.33800006
0,31422.526,22277.5,4.5,2.991,0.35300016
0,31422.526,22353.6,4.4,3.045,0.342
1,31422.526,22353.6,4.4,3.022,0.32399988
1,31422.526,22353.6,4.4,3.041,0.32700014
0,31422.526,22353.6,4.4,3.025,0.35099983
1,31422.526,22353.6,4.4,2.994,0.36400008
1,31422.526,22353.6,4.4,3.034,0.3670001
0,31422.526,22353.6,4.4,3.084,0.36899996
0,31422.526,22353.6,4.4,3.095,0.27600002
0,31422.526,22353.6,4.4,3.101,0.27699995
1,31422.526,22353.6,4.4,3.093,0.31599998
0,31422.526,22353.6,4.4,3.0,0.32500005
0,31422.526,22353.6,4.4,2.999,0.3139999
1,31422.526,22353.6,4.4,2.996,0.32799983
0,31422.526,22353.6,4.4,2.967,0.34500003
1,31422.526,22353.6,4.4,3.01,0.33200002
1,31422.526,22353.6,4.4,2.999,0.3599999
1,31422.526,22353.6,4.4,2.963,0.4159999
0,31422.526,22353.6,4.4,2.939,0.40600014
1,31422.526,22353.6,4.4,2.958,0.41600013
1,31422.526,22353.6,4.4,2.939,0.4150002
0,31422.526,22353.6,4.4,2.952,0.4330001
1,31856.257,22429.3,4.3,2.935,0.45099998
1,31856.257,22429.3,4.3,2.933,0.46299982
1,31856.257,22429.3,4.3,2.948,0.45000005
1,31856.257,22429.3,4.3,2.91,0.444
1,31856.257,22429.3,4.3,2.902,0.43900013
1,31856.257,22429.3,4.3,2.942,0.444
1,31856.257,22429.3,4.3,2.98,0.41199994
1,31856.257,22429.3,4.3,3.003,0.40899992
1,31856.257,22429.3,4.3,2.996,0.42199993
1,31856.257,22429.3,4.3,3.09,0.40300012
1,31856.257,22429.3,4.3,3.08,0.408
1,31856.257,22429.3,4.3,3.13,0.43499994
0,31856.257,22429.3,4.3,3.191,0.46200013
1,31856.257,22429.3,4.3,3.138,0.464
1,31856.257,22429.3,4.3,3.109,0.44900012
1,31856.257,22429.3,4.3,3.137,0.45299983
0,31856.257,22429.3,4.3,3.096,0.44799995
1,31856.257,22429.3,4.3,3.094,0.43599987
1,31856.257,22429.3,4.3,3.067,0.45099998
1,31856.257,22429.3,4.3,3.106,0.45099998
1,31856.257,22429.3,4.3,3.138,0.4690001
0,31856.257,22627.3,4.4,3.152,0.45099998
1,31856.257,22627.3,4.4,3.189,0.47200012
1,31856.257,22627.3,4.4,3.212,0.5
0,31856.257,22627.3,4.4,3.204,0.48300004
0,31856.257,22627.3,4.4,3.233,0.477
1,31856.257,22627.3,4.4,3.267,0.487
1,31856.257,22627.3,4.4,3.224,0.45700002
1,31856.257,22627.3,4.4,3.2,0.4389999
1,31856.257,22627.3,4.4,3.154,0.464
0,31856.257,22627.3,4.4,3.142,0.42900014
1,31856.257,22627.3,4.4,3.178,0.4100001
1,31856.257,22627.3,4.4,3.143,0.39700007
1,31856.257,22627.3,4.4,3.154,0.42400002
1,31856.257,22627.3,4.4,3.158,0.43499994
1,31856.257,22627.3,4.4,3.124,0.43199992
1,31856.257,22627.3,4.4,3.062,0.408
0,31856.257,22627.3,4.4,3.041,0.4050002
0,31856.257,22686.0,4.3,3.18,0.41400003
0,31856.257,22686.0,4.3,3.223,0.40899992
1,31856.257,22686.0,4.3,3.189,0.4000001
1,31856.257,22686.0,4.3,3.227,0.38899994
0,31856.257,22686.0,4.3,3.42,0.319
1,31856.257,22686.0,4.3,3.283,0.34599996
1,31856.257,22686.0,4.3,3.253,0.35500002
0,31856.257,22686.0,4.3,3.271,0.37800002
0,31856.257,22686.0,4.3,3.338,0.36299992
1,31856.257,22686.0,4.3,3.3,0.3800001
1,31856.257,22686.0,4.3,3.324,0.36800003
1,31856.257,22686.0,4.3,3.261,0.34500003
0,31856.257,22686.0,4.3,3.329,0.36400008
1,31856.257,22686.0,4.3,3.41,0.32599998
0,31856.257,22686.0,4.3,3.617,0.26199985
1,31856.257,22686.0,4.3,3.523,0.31200004
1,31856.257,22686.0,4.3,3.558,0.30099988
0,31856.257,22686.0,4.3,3.552,0.31299996
0,31856.257,22686.0,4.3,3.582,0.33299994
0,31856.257,22686.0,4.3,3.542,0.34899998
0,31856.257,22686.0,4.3,3.552,0.3269999
1,31856.257,22686.0,4.3,3.37,0.319
0,31856.257,22686.0,4.3,3.477,0.3269999
1,31856.257,22686.0,4.3,3.448,0.29900002
1,31856.257,22686.0,4.3,3.432,0.29299998
1,31856.257,22686.0,4.3,3.451,0.30299997
1,31856.257,22686.0,4.3,3.315,0.31299996
0,31856.257,22686.0,4.3,3.338,0.32200003
1,31856.257,22686.0,4.3,3.36,0.3260002
0,31856.257,22686.0,4.3,3.382,0.33299994
1,31856.257,22686.0,4.3,3.339,0.319
1,31856.257,22686.0,4.3,3.328,0.3269999
1,31856.257,22686.0,4.3,3.34,0.33500004
0,31856.257,22686.0,4.3,3.371,0.34599996
1,31856.257,22686.0,4.3,3.348,0.3399999
1,31856.257,22686.0,4.3,3.33,0.32500005
1,31856.257,22686.0,4.3,3.365,0.33200002
1,31856.257,22686.0,4.3,3.458,0.33299994
0,31856.257,22686.0,4.3,3.496,0.32099986
1,31856.257,22686.0,4.3,3.492,0.32799983
1,31856.257,22686.0,4.3,3.529,0.33200002
1,31856.257,22686.0,4.3,3.525,0.31799984
0,31856.257,22686.0,4.3,3.595,0.32800007
1,31856.257,22686.0,4.3,3.615,0.3169999
1,31856.257,22686.0,4.3,3.595,0.3369999
1,31856.257,22686.0,4.3,3.546,0.342
1,31856.257,22686.0,4.3,3.569,0.3399999
1,31856.257,22686.0,4.3,3.598,0.352
0,31856.257,22686.0,4.3,3.674,0.3820002
1,31856.257,22686.0,4.3,3.635,0.40900016
1,31856.257,22686.0,4.3,3.654,0.431
