Date,Rank 1 Feature,Rank 1 Importance,Rank 2 Feature,Rank 2 Importance,Rank 3 Feature,Rank 3 Importance,Rank 4 Feature,Rank 4 Importance,Rank 5 Feature,Rank 5 Importance,Rank 6 Feature,Rank 6 Importance,Rank 7 Feature,Rank 7 Importance,Rank 8 Feature,Rank 8 Importance,Rank 9 Feature,Rank 9 Importance,Rank 10 Feature,Rank 10 Importance,Rank 11 Feature,Rank 11 Importance,Rank 12 Feature,Rank 12 Importance,Rank 13 Feature,Rank 13 Importance,Rank 14 Feature,Rank 14 Importance,Rank 15 Feature,Rank 15 Importance,Rank 16 Feature,Rank 16 Importance,Rank 17 Feature,Rank 17 Importance,Rank 18 Feature,Rank 18 Importance,Rank 19 Feature,Rank 19 Importance,Rank 20 Feature,Rank 20 Importance,Rank 21 Feature,Rank 21 Importance,Rank 22 Feature,Rank 22 Importance,Rank 23 Feature,Rank 23 Importance,Rank 24 Feature,Rank 24 Importance
2023-08-23,ATR_14__logdiff1,0.079265,KR_Spread_10Y_3Y__diff1,0.078439,RSI_14,0.059844,Volume,0.053224,US_Interest_Rate_3Y__diff1,0.052674,Volume_ROC,0.052124,US_Interest_Rate_10Y__diff1,0.046015,Nikkei225__logdiff1,0.044821,Dollar_Index__logdiff1,0.044459,KR_Interest_Rate_3Y__diff1,0.041971,MACD__diff1,0.041105,S&P500__logdiff1,0.039934,Net_Purchase_Pension_Fund,0.039613,Net_Purchase_Financial_Investment,0.039052,Log_Return,0.038286,Transaction_Value__logdiff1,0.037395,Net_Purchase_Foreigner,0.037195,US_Spread_10Y_3Y__diff1,0.035341,USD_KRW__logdiff1,0.035257,Net_Purchase_Investment_Trust,0.034291,VIX,0.031894,TaiwanWeighted__logdiff1,0.026974,Volatility_20__logdiff1,0.010824,KR_Interest_Rate_10Y__diff1,0.0
2023-09-27,US_Interest_Rate_10Y__diff1,0.0,US_Interest_Rate_3Y__diff1,0.0,KR_Interest_Rate_10Y__diff1,0.0,KR_Interest_Rate_3Y__diff1,0.0,US_Spread_10Y_3Y__diff1,0.0,KR_Spread_10Y_3Y__diff1,0.0,VIX,0.0,S&P500__logdiff1,0.0,Nikkei225__logdiff1,0.0,TaiwanWeighted__logdiff1,0.0,USD_KRW__logdiff1,0.0,Dollar_Index__logdiff1,0.0,Log_Return,0.0,RSI_14,0.0,ATR_14__logdiff1,0.0,Volatility_20__logdiff1,0.0,MACD__diff1,0.0,Volume_ROC,0.0,Net_Purchase_Investment_Trust,0.0,Net_Purchase_Pension_Fund,0.0,Net_Purchase_Financial_Investment,0.0,Net_Purchase_Foreigner,0.0,Volume,0.0,Transaction_Value__logdiff1,0.0
2023-11-08,US_Interest_Rate_10Y__diff1,0.061139,US_Interest_Rate_3Y__diff1,0.057853,KR_Spread_10Y_3Y__diff1,0.056388,Nikkei225__logdiff1,0.046876,Net_Purchase_Foreigner,0.04585,RSI_14,0.045302,ATR_14__logdiff1,0.044113,Volume,0.044015,Transaction_Value__logdiff1,0.042322,Net_Purchase_Financial_Investment,0.041829,Dollar_Index__logdiff1,0.04103,Volatility_20__logdiff1,0.039668,Net_Purchase_Pension_Fund,0.039652,S&P500__logdiff1,0.038892,VIX,0.038766,MACD__diff1,0.038019,US_Spread_10Y_3Y__diff1,0.037815,USD_KRW__logdiff1,0.036559,KR_Interest_Rate_10Y__diff1,0.03577,Volume_ROC,0.034377,KR_Interest_Rate_3Y__diff1,0.034286,Log_Return,0.034153,TaiwanWeighted__logdiff1,0.033504,Net_Purchase_Investment_Trust,0.031824
2023-12-13,US_Interest_Rate_3Y__diff1,0.057091,KR_Spread_10Y_3Y__diff1,0.053705,US_Interest_Rate_10Y__diff1,0.053406,Volatility_20__logdiff1,0.050689,Net_Purchase_Financial_Investment,0.049043,ATR_14__logdiff1,0.046668,US_Spread_10Y_3Y__diff1,0.046102,Nikkei225__logdiff1,0.045905,Net_Purchase_Pension_Fund,0.044899,Volume,0.042744,S&P500__logdiff1,0.042674,Net_Purchase_Foreigner,0.041106,RSI_14,0.04007,Dollar_Index__logdiff1,0.039518,Volume_ROC,0.038255,Transaction_Value__logdiff1,0.038002,MACD__diff1,0.037347,KR_Interest_Rate_10Y__diff1,0.036713,Log_Return,0.036222,TaiwanWeighted__logdiff1,0.035114,VIX,0.032952,Net_Purchase_Investment_Trust,0.030919,USD_KRW__logdiff1,0.030713,KR_Interest_Rate_3Y__diff1,0.03014
2024-01-22,Net_Purchase_Pension_Fund,0.081577,US_Interest_Rate_10Y__diff1,0.055792,KR_Spread_10Y_3Y__diff1,0.050264,USD_KRW__logdiff1,0.049176,MACD__diff1,0.047564,KR_Interest_Rate_3Y__diff1,0.046813,RSI_14,0.045594,S&P500__logdiff1,0.043934,ATR_14__logdiff1,0.043078,US_Spread_10Y_3Y__diff1,0.04175,VIX,0.040473,Net_Purchase_Investment_Trust,0.03888,Net_Purchase_Foreigner,0.038467,US_Interest_Rate_3Y__diff1,0.038327,Volatility_20__logdiff1,0.037686,Transaction_Value__logdiff1,0.037134,Dollar_Index__logdiff1,0.036614,Volume,0.035954,Net_Purchase_Financial_Investment,0.034756,KR_Interest_Rate_10Y__diff1,0.034452,TaiwanWeighted__logdiff1,0.034006,Nikkei225__logdiff1,0.030679,Volume_ROC,0.029503,Log_Return,0.027527
2024-02-28,Dollar_Index__logdiff1,0.09971,Net_Purchase_Pension_Fund,0.092397,KR_Interest_Rate_10Y__diff1,0.088161,USD_KRW__logdiff1,0.085538,Volatility_20__logdiff1,0.065252,KR_Spread_10Y_3Y__diff1,0.065076,S&P500__logdiff1,0.062975,US_Interest_Rate_10Y__diff1,0.059058,Volume,0.053805,US_Interest_Rate_3Y__diff1,0.047755,TaiwanWeighted__logdiff1,0.042082,MACD__diff1,0.039978,Net_Purchase_Financial_Investment,0.036913,Net_Purchase_Foreigner,0.035674,ATR_14__logdiff1,0.033177,Transaction_Value__logdiff1,0.0326,Nikkei225__logdiff1,0.030821,Log_Return,0.017092,KR_Interest_Rate_3Y__diff1,0.011936,US_Spread_10Y_3Y__diff1,0.0,VIX,0.0,RSI_14,0.0,Volume_ROC,0.0,Net_Purchase_Investment_Trust,0.0
2024-04-04,Net_Purchase_Pension_Fund,0.075201,Net_Purchase_Foreigner,0.058101,Dollar_Index__logdiff1,0.056926,KR_Interest_Rate_3Y__diff1,0.056219,KR_Interest_Rate_10Y__diff1,0.05313,KR_Spread_10Y_3Y__diff1,0.052016,US_Spread_10Y_3Y__diff1,0.050257,RSI_14,0.049639,Nikkei225__logdiff1,0.047934,Transaction_Value__logdiff1,0.047537,TaiwanWeighted__logdiff1,0.047401,Volatility_20__logdiff1,0.043694,Volume,0.040367,USD_KRW__logdiff1,0.039709,ATR_14__logdiff1,0.037219,S&P500__logdiff1,0.036388,VIX,0.03602,Net_Purchase_Investment_Trust,0.033004,Net_Purchase_Financial_Investment,0.031112,Volume_ROC,0.031055,US_Interest_Rate_10Y__diff1,0.027355,Log_Return,0.026769,MACD__diff1,0.022945,US_Interest_Rate_3Y__diff1,0.0
2024-05-14,Dollar_Index__logdiff1,0.069769,US_Interest_Rate_10Y__diff1,0.059007,Log_Return,0.057833,Net_Purchase_Foreigner,0.053416,Nikkei225__logdiff1,0.050873,KR_Interest_Rate_3Y__diff1,0.04571,KR_Interest_Rate_10Y__diff1,0.045255,Volume,0.044555,Net_Purchase_Pension_Fund,0.041081,KR_Spread_10Y_3Y__diff1,0.03915,Net_Purchase_Investment_Trust,0.03903,TaiwanWeighted__logdiff1,0.038973,MACD__diff1,0.03837,Transaction_Value__logdiff1,0.037805,Volume_ROC,0.03754,ATR_14__logdiff1,0.037193,S&P500__logdiff1,0.036853,VIX,0.035035,Volatility_20__logdiff1,0.034534,Net_Purchase_Financial_Investment,0.03453,USD_KRW__logdiff1,0.033058,US_Spread_10Y_3Y__diff1,0.031866,US_Interest_Rate_3Y__diff1,0.031761,RSI_14,0.026803
2024-06-20,US_Interest_Rate_3Y__diff1,0.070524,Dollar_Index__logdiff1,0.05778,Nikkei225__logdiff1,0.053766,Net_Purchase_Foreigner,0.051996,KR_Interest_Rate_3Y__diff1,0.051281,Net_Purchase_Pension_Fund,0.04981,US_Interest_Rate_10Y__diff1,0.04778,MACD__diff1,0.045825,Volume,0.041406,Net_Purchase_Financial_Investment,0.041081,KR_Interest_Rate_10Y__diff1,0.04018,RSI_14,0.038609,TaiwanWeighted__logdiff1,0.037505,ATR_14__logdiff1,0.037399,Volatility_20__logdiff1,0.037184,KR_Spread_10Y_3Y__diff1,0.036844,US_Spread_10Y_3Y__diff1,0.035609,Volume_ROC,0.034822,Net_Purchase_Investment_Trust,0.034326,Transaction_Value__logdiff1,0.034191,USD_KRW__logdiff1,0.033777,Log_Return,0.029927,S&P500__logdiff1,0.029585,VIX,0.028795
2024-07-25,Dollar_Index__logdiff1,0.059694,US_Interest_Rate_3Y__diff1,0.058569,US_Interest_Rate_10Y__diff1,0.053855,Net_Purchase_Foreigner,0.049421,US_Spread_10Y_3Y__diff1,0.046986,KR_Interest_Rate_3Y__diff1,0.044774,TaiwanWeighted__logdiff1,0.044219,Volume_ROC,0.042517,S&P500__logdiff1,0.042464,Net_Purchase_Investment_Trust,0.04242,Log_Return,0.041185,KR_Spread_10Y_3Y__diff1,0.040189,Nikkei225__logdiff1,0.039572,MACD__diff1,0.039258,Net_Purchase_Pension_Fund,0.039171,Volume,0.03877,VIX,0.037998,Transaction_Value__logdiff1,0.036097,ATR_14__logdiff1,0.03586,Volatility_20__logdiff1,0.03522,USD_KRW__logdiff1,0.034596,KR_Interest_Rate_10Y__diff1,0.033603,RSI_14,0.032014,Net_Purchase_Financial_Investment,0.031548
2024-08-30,Dollar_Index__logdiff1,0.09177,US_Interest_Rate_10Y__diff1,0.054199,Net_Purchase_Financial_Investment,0.052833,KR_Interest_Rate_10Y__diff1,0.048992,Net_Purchase_Foreigner,0.048576,TaiwanWeighted__logdiff1,0.046104,Net_Purchase_Pension_Fund,0.044572,KR_Interest_Rate_3Y__diff1,0.044086,Volatility_20__logdiff1,0.043347,US_Interest_Rate_3Y__diff1,0.042796,US_Spread_10Y_3Y__diff1,0.042455,Net_Purchase_Investment_Trust,0.040934,Nikkei225__logdiff1,0.036866,ATR_14__logdiff1,0.036338,Volume_ROC,0.035924,VIX,0.035812,USD_KRW__logdiff1,0.035669,Transaction_Value__logdiff1,0.034661,MACD__diff1,0.03274,RSI_14,0.032326,KR_Spread_10Y_3Y__diff1,0.031246,Volume,0.030947,Log_Return,0.029767,S&P500__logdiff1,0.027039
2024-10-14,Dollar_Index__logdiff1,0.064456,US_Interest_Rate_3Y__diff1,0.050956,Net_Purchase_Foreigner,0.049084,USD_KRW__logdiff1,0.046943,US_Interest_Rate_10Y__diff1,0.045179,Volatility_20__logdiff1,0.044558,Net_Purchase_Pension_Fund,0.043741,MACD__diff1,0.042844,KR_Spread_10Y_3Y__diff1,0.042715,TaiwanWeighted__logdiff1,0.042621,Net_Purchase_Investment_Trust,0.042568,Transaction_Value__logdiff1,0.042458,ATR_14__logdiff1,0.042378,US_Spread_10Y_3Y__diff1,0.040888,KR_Interest_Rate_3Y__diff1,0.039768,VIX,0.038519,KR_Interest_Rate_10Y__diff1,0.038351,Volume_ROC,0.037776,RSI_14,0.036909,Nikkei225__logdiff1,0.036357,Net_Purchase_Financial_Investment,0.03462,Volume,0.033789,S&P500__logdiff1,0.032994,Log_Return,0.029526
2024-11-18,Dollar_Index__logdiff1,0.076732,US_Interest_Rate_3Y__diff1,0.066078,Transaction_Value__logdiff1,0.0594,Net_Purchase_Investment_Trust,0.049026,Net_Purchase_Foreigner,0.047782,KR_Spread_10Y_3Y__diff1,0.045516,Nikkei225__logdiff1,0.044243,Volume_ROC,0.041132,US_Interest_Rate_10Y__diff1,0.040723,ATR_14__logdiff1,0.040442,USD_KRW__logdiff1,0.039716,US_Spread_10Y_3Y__diff1,0.039451,MACD__diff1,0.038116,VIX,0.037925,Volatility_20__logdiff1,0.037533,S&P500__logdiff1,0.03574,TaiwanWeighted__logdiff1,0.035154,KR_Interest_Rate_10Y__diff1,0.034579,Volume,0.034018,RSI_14,0.033866,Log_Return,0.031722,Net_Purchase_Pension_Fund,0.031393,KR_Interest_Rate_3Y__diff1,0.030875,Net_Purchase_Financial_Investment,0.028836
2024-12-23,US_Interest_Rate_3Y__diff1,0.050788,Net_Purchase_Pension_Fund,0.050413,Volatility_20__logdiff1,0.049422,Net_Purchase_Foreigner,0.047901,RSI_14,0.046759,MACD__diff1,0.046645,Dollar_Index__logdiff1,0.046209,US_Spread_10Y_3Y__diff1,0.045738,Net_Purchase_Investment_Trust,0.043663,Volume_ROC,0.043334,Transaction_Value__logdiff1,0.042857,ATR_14__logdiff1,0.041803,USD_KRW__logdiff1,0.040343,US_Interest_Rate_10Y__diff1,0.039931,Nikkei225__logdiff1,0.039161,Volume,0.03767,VIX,0.037576,KR_Interest_Rate_10Y__diff1,0.037185,S&P500__logdiff1,0.036335,Log_Return,0.036076,TaiwanWeighted__logdiff1,0.035711,KR_Interest_Rate_3Y__diff1,0.035553,Net_Purchase_Financial_Investment,0.035092,KR_Spread_10Y_3Y__diff1,0.033834
2025-02-05,RSI_14,0.053819,Volume_ROC,0.051233,US_Interest_Rate_3Y__diff1,0.04762,Dollar_Index__logdiff1,0.047265,Net_Purchase_Foreigner,0.046793,Volatility_20__logdiff1,0.045376,VIX,0.045333,Log_Return,0.043383,MACD__diff1,0.043009,USD_KRW__logdiff1,0.041403,KR_Interest_Rate_10Y__diff1,0.040985,US_Interest_Rate_10Y__diff1,0.040771,TaiwanWeighted__logdiff1,0.040143,Transaction_Value__logdiff1,0.040045,KR_Interest_Rate_3Y__diff1,0.039864,Net_Purchase_Investment_Trust,0.039631,ATR_14__logdiff1,0.039588,US_Spread_10Y_3Y__diff1,0.038752,KR_Spread_10Y_3Y__diff1,0.037729,Nikkei225__logdiff1,0.0376,S&P500__logdiff1,0.03735,Net_Purchase_Financial_Investment,0.036313,Net_Purchase_Pension_Fund,0.034415,Volume,0.031579
2025-03-13,US_Spread_10Y_3Y__diff1,0.054107,Dollar_Index__logdiff1,0.051693,Volatility_20__logdiff1,0.050377,RSI_14,0.044827,Net_Purchase_Foreigner,0.044486,Net_Purchase_Pension_Fund,0.044234,Net_Purchase_Investment_Trust,0.043453,US_Interest_Rate_3Y__diff1,0.042773,VIX,0.042327,KR_Spread_10Y_3Y__diff1,0.04216,MACD__diff1,0.041943,Transaction_Value__logdiff1,0.041334,ATR_14__logdiff1,0.041088,Volume_ROC,0.040209,Log_Return,0.039951,Nikkei225__logdiff1,0.039286,Volume,0.038801,US_Interest_Rate_10Y__diff1,0.038707,KR_Interest_Rate_10Y__diff1,0.037829,S&P500__logdiff1,0.037718,USD_KRW__logdiff1,0.037302,TaiwanWeighted__logdiff1,0.03664,KR_Interest_Rate_3Y__diff1,0.035095,Net_Purchase_Financial_Investment,0.033658
2025-04-17,Dollar_Index__logdiff1,0.066745,Net_Purchase_Investment_Trust,0.056835,MACD__diff1,0.048473,RSI_14,0.046233,S&P500__logdiff1,0.045644,Volume_ROC,0.044885,Volume,0.044571,KR_Spread_10Y_3Y__diff1,0.044073,Net_Purchase_Foreigner,0.042163,Net_Purchase_Pension_Fund,0.041133,Volatility_20__logdiff1,0.041026,Net_Purchase_Financial_Investment,0.040683,Nikkei225__logdiff1,0.040398,TaiwanWeighted__logdiff1,0.039315,KR_Interest_Rate_3Y__diff1,0.039224,Transaction_Value__logdiff1,0.038875,US_Interest_Rate_10Y__diff1,0.038093,ATR_14__logdiff1,0.037016,US_Interest_Rate_3Y__diff1,0.036669,USD_KRW__logdiff1,0.03567,VIX,0.03567,KR_Interest_Rate_10Y__diff1,0.034637,Log_Return,0.033903,US_Spread_10Y_3Y__diff1,0.028067
2025-05-27,Dollar_Index__logdiff1,0.066456,Transaction_Value__logdiff1,0.053692,Net_Purchase_Foreigner,0.051109,Net_Purchase_Pension_Fund,0.047875,US_Interest_Rate_3Y__diff1,0.047444,Volume_ROC,0.046279,ATR_14__logdiff1,0.046091,MACD__diff1,0.045138,US_Interest_Rate_10Y__diff1,0.04505,KR_Spread_10Y_3Y__diff1,0.044057,Nikkei225__logdiff1,0.042928,Volatility_20__logdiff1,0.042373,RSI_14,0.041791,Net_Purchase_Investment_Trust,0.041527,USD_KRW__logdiff1,0.041332,Log_Return,0.038201,S&P500__logdiff1,0.037707,TaiwanWeighted__logdiff1,0.036104,Volume,0.035365,KR_Interest_Rate_10Y__diff1,0.035339,VIX,0.033181,KR_Interest_Rate_3Y__diff1,0.0326,Net_Purchase_Financial_Investment,0.029464,US_Spread_10Y_3Y__diff1,0.018896
2025-07-03,Dollar_Index__logdiff1,0.050137,Net_Purchase_Investment_Trust,0.048663,US_Interest_Rate_3Y__diff1,0.047257,TaiwanWeighted__logdiff1,0.045228,MACD__diff1,0.044539,US_Spread_10Y_3Y__diff1,0.043832,KR_Spread_10Y_3Y__diff1,0.043515,Volatility_20__logdiff1,0.042764,Nikkei225__logdiff1,0.042689,ATR_14__logdiff1,0.042165,US_Interest_Rate_10Y__diff1,0.042014,Transaction_Value__logdiff1,0.041522,USD_KRW__logdiff1,0.040996,Net_Purchase_Pension_Fund,0.040889,Net_Purchase_Foreigner,0.040716,Volume_ROC,0.040543,VIX,0.040399,KR_Interest_Rate_10Y__diff1,0.038934,KR_Interest_Rate_3Y__diff1,0.038554,Log_Return,0.037979,S&P500__logdiff1,0.037771,Volume,0.037249,RSI_14,0.036518,Net_Purchase_Financial_Investment,0.035127
2025-08-07,Dollar_Index__logdiff1,0.064234,USD_KRW__logdiff1,0.061233,Net_Purchase_Investment_Trust,0.058384,Net_Purchase_Foreigner,0.055961,Transaction_Value__logdiff1,0.053565,S&P500__logdiff1,0.052292,Volume_ROC,0.050696,VIX,0.049654,US_Interest_Rate_3Y__diff1,0.048746,US_Spread_10Y_3Y__diff1,0.042351,TaiwanWeighted__logdiff1,0.041974,Nikkei225__logdiff1,0.041119,KR_Interest_Rate_10Y__diff1,0.039774,Volatility_20__logdiff1,0.039386,Net_Purchase_Financial_Investment,0.038949,Net_Purchase_Pension_Fund,0.036595,MACD__diff1,0.035877,KR_Spread_10Y_3Y__diff1,0.035165,ATR_14__logdiff1,0.034434,US_Interest_Rate_10Y__diff1,0.033745,Volume,0.033393,KR_Interest_Rate_3Y__diff1,0.02784,Log_Return,0.024633,RSI_14,0.0
2025-09-12,Dollar_Index__logdiff1,0.073476,Transaction_Value__logdiff1,0.062983,US_Interest_Rate_3Y__diff1,0.05818,US_Interest_Rate_10Y__diff1,0.057078,KR_Spread_10Y_3Y__diff1,0.05024,Volume_ROC,0.047491,Net_Purchase_Investment_Trust,0.047324,TaiwanWeighted__logdiff1,0.043834,KR_Interest_Rate_10Y__diff1,0.043509,Log_Return,0.043124,Volatility_20__logdiff1,0.041423,VIX,0.040265,Net_Purchase_Pension_Fund,0.038032,S&P500__logdiff1,0.036788,US_Spread_10Y_3Y__diff1,0.035788,USD_KRW__logdiff1,0.035479,Volume,0.035184,RSI_14,0.034872,Nikkei225__logdiff1,0.033733,KR_Interest_Rate_3Y__diff1,0.033153,Net_Purchase_Foreigner,0.032935,MACD__diff1,0.029005,ATR_14__logdiff1,0.027797,Net_Purchase_Financial_Investment,0.018307
2025-10-24,Dollar_Index__logdiff1,0.074991,Volume_ROC,0.053916,Net_Purchase_Investment_Trust,0.053033,US_Interest_Rate_10Y__diff1,0.051042,KR_Interest_Rate_10Y__diff1,0.050323,Transaction_Value__logdiff1,0.050234,US_Interest_Rate_3Y__diff1,0.047643,Nikkei225__logdiff1,0.04759,VIX,0.046536,S&P500__logdiff1,0.044709,Net_Purchase_Pension_Fund,0.042566,MACD__diff1,0.041977,USD_KRW__logdiff1,0.03838,KR_Spread_10Y_3Y__diff1,0.038283,Net_Purchase_Foreigner,0.03797,Volatility_20__logdiff1,0.03577,TaiwanWeighted__logdiff1,0.035411,US_Spread_10Y_3Y__diff1,0.034909,Net_Purchase_Financial_Investment,0.033792,Volume,0.031865,RSI_14,0.031403,ATR_14__logdiff1,0.026903,KR_Interest_Rate_3Y__diff1,0.026349,Log_Return,0.024403
2025-11-28,Dollar_Index__logdiff1,0.111965,US_Interest_Rate_3Y__diff1,0.059464,US_Interest_Rate_10Y__diff1,0.054061,Net_Purchase_Investment_Trust,0.050718,Net_Purchase_Financial_Investment,0.048714,VIX,0.047222,Volatility_20__logdiff1,0.045008,Transaction_Value__logdiff1,0.044916,Volume_ROC,0.044558,S&P500__logdiff1,0.042245,Net_Purchase_Pension_Fund,0.042028,KR_Interest_Rate_10Y__diff1,0.038164,Net_Purchase_Foreigner,0.037549,KR_Interest_Rate_3Y__diff1,0.036952,Nikkei225__logdiff1,0.036445,TaiwanWeighted__logdiff1,0.036255,USD_KRW__logdiff1,0.034273,Log_Return,0.033896,RSI_14,0.033292,MACD__diff1,0.032944,US_Spread_10Y_3Y__diff1,0.032224,ATR_14__logdiff1,0.031445,Volume,0.025663,KR_Spread_10Y_3Y__diff1,0.0
2026-01-07,Dollar_Index__logdiff1,0.100687,Net_Purchase_Investment_Trust,0.057027,Volume_ROC,0.052953,VIX,0.052338,RSI_14,0.049229,KR_Interest_Rate_10Y__diff1,0.048974,Nikkei225__logdiff1,0.046308,Net_Purchase_Foreigner,0.044475,Volume,0.043255,Volatility_20__logdiff1,0.041376,Net_Purchase_Pension_Fund,0.041018,Transaction_Value__logdiff1,0.040756,Net_Purchase_Financial_Investment,0.038924,MACD__diff1,0.038334,KR_Interest_Rate_3Y__diff1,0.038166,US_Interest_Rate_3Y__diff1,0.036882,US_Interest_Rate_10Y__diff1,0.036693,KR_Spread_10Y_3Y__diff1,0.035962,S&P500__logdiff1,0.033844,TaiwanWeighted__logdiff1,0.033262,Log_Return,0.031037,USD_KRW__logdiff1,0.02969,ATR_14__logdiff1,0.022875,US_Spread_10Y_3Y__diff1,0.005934
2026-02-11,Dollar_Index__logdiff1,0.08693,Volume_ROC,0.068298,KR_Spread_10Y_3Y__diff1,0.067142,Nikkei225__logdiff1,0.065,Transaction_Value__logdiff1,0.058993,Net_Purchase_Pension_Fund,0.05549,Net_Purchase_Investment_Trust,0.052188,S&P500__logdiff1,0.049802,RSI_14,0.046847,Volatility_20__logdiff1,0.043723,MACD__diff1,0.043094,VIX,0.043035,ATR_14__logdiff1,0.042189,US_Interest_Rate_3Y__diff1,0.038847,KR_Interest_Rate_10Y__diff1,0.037466,Log_Return,0.036592,USD_KRW__logdiff1,0.036295,Net_Purchase_Financial_Investment,0.034454,Volume,0.033891,Net_Purchase_Foreigner,0.033212,TaiwanWeighted__logdiff1,0.026513,US_Interest_Rate_10Y__diff1,0.0,KR_Interest_Rate_3Y__diff1,0.0,US_Spread_10Y_3Y__diff1,0.0
2026-03-24,KR_Interest_Rate_10Y__diff1,0.048232,Dollar_Index__logdiff1,0.048142,S&P500__logdiff1,0.046156,ATR_14__logdiff1,0.045076,Nikkei225__logdiff1,0.045047,Net_Purchase_Investment_Trust,0.044675,Log_Return,0.04422,Volume_ROC,0.043366,US_Interest_Rate_10Y__diff1,0.042594,Volatility_20__logdiff1,0.041955,RSI_14,0.041541,VIX,0.041226,Net_Purchase_Foreigner,0.04121,US_Interest_Rate_3Y__diff1,0.040686,USD_KRW__logdiff1,0.040112,Transaction_Value__logdiff1,0.040093,Net_Purchase_Financial_Investment,0.040027,TaiwanWeighted__logdiff1,0.039845,Net_Purchase_Pension_Fund,0.039338,KR_Spread_10Y_3Y__diff1,0.039095,Volume,0.038297,KR_Interest_Rate_3Y__diff1,0.037108,MACD__diff1,0.036747,US_Spread_10Y_3Y__diff1,0.035212
2026-04-28,Dollar_Index__logdiff1,0.104036,US_Interest_Rate_10Y__diff1,0.066827,Nikkei225__logdiff1,0.051169,VIX,0.048684,Volume_ROC,0.044404,ATR_14__logdiff1,0.042774,KR_Interest_Rate_10Y__diff1,0.042279,US_Interest_Rate_3Y__diff1,0.041554,Log_Return,0.040846,MACD__diff1,0.040721,USD_KRW__logdiff1,0.040624,Net_Purchase_Pension_Fund,0.040158,S&P500__logdiff1,0.038981,RSI_14,0.037711,Net_Purchase_Financial_Investment,0.036552,Net_Purchase_Investment_Trust,0.036222,KR_Spread_10Y_3Y__diff1,0.03377,KR_Interest_Rate_3Y__diff1,0.03275,TaiwanWeighted__logdiff1,0.031882,Volume,0.031287,Transaction_Value__logdiff1,0.030554,US_Spread_10Y_3Y__diff1,0.029959,Volatility_20__logdiff1,0.02932,Net_Purchase_Foreigner,0.026939
