Target,TaiwanWeighted,USD_KRW,Dollar_Index,VIX
0,15353.88965,1125.530029,90.22000122,19.71999931
1,16145.98047,1135.51001,89.75,21.34000015
0,16042.36035,1130.369995,89.80999756,20.67000008
0,16302.05957,1127.050049,90.01999664,20.14999962
0,16338.29004,1126.790039,89.83000183,18.39999962
1,16595.66992,1122.189941,89.63999939,18.84000015
0,16643.68945,1121.380005,90.04000092,17.36000061
0,16601.60938,1115.52002,89.97000122,16.73999977
1,16870.85938,1117.300049,90.02999878,16.76000023
1,17068.42969,1112.849976,90.02999878,16.76000023
1,17162.38086,1106.97998,89.83000183,17.89999962
1,17165.03906,1107.209961,89.90000153,17.47999954
1,17246.16016,1109.880005,90.5,18.04000092
0,17147.41016,1115.439941,90.13999939,16.42000008
1,17083.91016,1109.680054,89.94999695,16.42000008
0,17076.21094,1109.319946,90.08000183,17.06999969
0,16966.2207,1116.890015,90.12000275,17.88999939
1,17159.2207,1116.410034,90.08000183,16.10000038
1,17213.51953,1111.26001,90.55999756,15.64999962
1,17213.51953,1115.550049,90.51999664,16.38999939
1,17371.28906,1116.319946,90.54000092,17.02000046
1,17307.85938,1116.030029,91.12999725,18.14999962
0,17390.60938,1131.949951,91.88999939,17.75
1,17318.53906,1133.540039,92.23000336,20.70000076
0,17062.98047,1134.25,91.86000061,17.88999939
1,17075.55078,1130.339966,91.73000336,16.65999985
1,17336.71094,1132.51001,91.80000305,16.31999969
1,17407.96094,1132.609985,91.81999969,15.97000027
1,17502.99023,1130.800049,91.80999756,15.61999989
0,17590.9707,1125.339966,91.87999725,15.76000023
0,17598.18945,1129.040039,92.05000305,16.02000046
1,17755.46094,1130.51001,92.44000244,15.82999992
0,17713.93945,1129.599976,92.59999847,15.47999954
0,17710.15039,1132.410034,92.23000336,15.06999969
1,17919.33008,1129.77002,92.23000336,15.06999969
1,17913.07031,1129.439941,92.55000305,16.44000053
0,17850.68945,1135.47998,92.63999939,16.20000076
0,17866.08984,1140.52002,92.36000061,19.0
0,17661.48047,1146.280029,92.12999725,16.18000031
1,17814.33008,1144.310059,92.23000336,16.17000008
1,17847.51953,1141.099976,92.75,17.12000084
0,17845.75,1148.699951,92.41000366,16.32999992
1,18034.18945,1143.410034,92.62000275,17.01000023
0,17895.25,1140.119995,92.69000244,18.45000076
0,17789.25,1141.5,92.88999939,22.5
0,17528.74023,1150.069946,92.97000122,19.72999954
0,17458.78906,1147.47998,92.75,17.90999985
1,17572.33008,1148.689941,92.81999969,17.69000053
1,17572.91992,1149.910034,92.91000366,17.20000076
0,17403.56055,1151.119995,92.65000153,17.57999992
1,17269.86914,1151.76001,92.43000031,19.36000061
1,17135.2207,1153.560059,92.31999969,18.30999947
1,17402.81055,1149.410034,91.86000061,17.70000076
0,17247.41016,1142.119995,92.16999817,18.23999977
1,17503.2793,1150.930054,92.05000305,19.45999908
1,17553.75977,1149.560059,92.08000183,18.04000092
1,17623.89063,1148.579956,92.26999664,17.96999931
0,17603.11914,1144.060059,92.23999786,17.28000069
0,17526.2793,1143.119995,92.80000305,16.14999962
0,17485.15039,1144.920044,92.94999695,16.71999931
0,17323.64063,1145.890015,93.05999756,16.79000092
0,17227.17969,1152.47998,92.91000366,16.17000008
0,17219.93945,1152.849976,93.04000092,15.59000015
0,16982.10938,1162.060059,92.51999664,15.44999981
0,16661.35938,1164.5,93.12999725,17.90999985
1,16826.26953,1176.449951,93.13999939,21.56999969
0,16375.40039,1169.680054,93.56999969,21.67000008
0,16341.94043,1175.390015,93.5,18.55999947
1,16741.83984,1174.23999,92.95999908,17.14999962
1,16818.73047,1167.609985,92.88999939,17.21999931
1,17045.85938,1163.469971,92.83000183,16.79000092
0,17066.96094,1163.329956,93.05999756,18.84000015
1,17209.92969,1170.0,92.69000244,16.38999939
1,17396.51953,1161.329956,92.65000153,16.19000053
1,17490.28906,1165.51001,92.62999725,16.47999954
1,17473.99023,1158.410034,92.44999695,16.11000061
0,17319.75977,1155.280029,92.23000336,16.40999985
1,17516.91992,1157.130005,92.04000092,16.40999985
1,17495.30078,1154.75,92.04000092,16.40999985
0,17428.86914,1155.540039,92.51999664,18.13999939
0,17270.49023,1161.0,92.65000153,17.95999908
0,17304.33008,1166.48999,92.48000336,18.79999924
1,17474.57031,1169.130005,92.58000183,20.95000076
1,17446.31055,1169.380005,92.62000275,19.37000084
1,17434.90039,1171.109985,92.65000153,19.45999908
1,17354.0,1170.800049,92.48999786,18.18000031
0,17278.69922,1165.219971,92.86000061,18.69000053
1,17276.78906,1174.420044,93.19999695,20.80999947
0,17078.2207,1181.030029,93.09999847,18.62999916
0,17260.18945,1174.699951,93.33000183,17.75
1,17313.76953,1179.199951,93.37999725,18.76000023
0,17181.43945,1176.959961,93.76999664,23.25
0,16855.46094,1186.890015,94.33999634,22.55999947
1,16934.76953,1187.430054,94.25,23.13999939
0,16570.89063,1183.719971,94.04000092,21.10000038
0,16460.75,1183.780029,93.98000336,21.29999924
0,16393.16016,1187.170044,94.26999664,21.0
1,16713.85938,1191.380005,94.22000122,19.54000092
0,16640.42969,1191.150024,94.06999969,18.77000046
0,16462.83984,1195.800049,94.51999664,19.85000038
1,16347.99023,1196.890015,94.08000183,18.63999939
1,16387.2793,1186.709961,93.95999908,16.86000061
1,16781.18945,1182.130005,93.94000244,16.29999924
0,16705.46094,1181.790039,93.94999695,16.30999947
1,16900.66992,1185.680054,93.79000092,15.69999981
0,16887.82031,1175.650024,93.55999756,15.48999977
0,16889.50977,1174.589966,93.76999664,15.01000023
0,16888.74023,1176.550049,93.61000061,15.43000031
1,16894.24023,1176.540039,93.80999756,15.23999977
1,17034.33984,1167.060059,93.94999695,15.97999954
0,17074.55078,1167.329956,93.86000061,16.97999954
0,17041.63086,1172.170044,93.34999847,16.53000069
0,16987.41016,1167.369995,94.12000275,16.26000023
1,17068.24023,1174.380005,93.87999725,16.40999985
1,17065.9707,1176.569946,94.08999634,16.03000069
0,17122.16016,1178.040039,93.86000061,15.10000038
1,17078.85938,1179.339966,94.34999847,15.43999958
0,17296.90039,1185.829956,94.31999969,16.47999954
0,17415.30078,1180.5,94.05000305,17.21999931
1,17541.35938,1199.859985,93.95999908,17.78000069
0,17559.65039,1177.5,94.84999847,18.72999954
0,17452.51953,1184.140015,95.18000031,17.65999985
1,17518.13086,1183.109985,95.12999725,16.29000092
1,17634.4707,1179.109985,95.41000366,16.48999977
0,17693.13086,1183.51001,95.91999817,16.37000084
0,17764.03906,1184.050049,95.83000183,17.11000061
0,17841.36914,1181.22998,95.54000092,17.59000015
1,17818.31055,1182.900024,96.06999969,17.90999985
1,17803.53906,1191.630005,96.5,19.17000008
0,17666.11914,1189.5,96.48999786,19.37999916
0,17642.51953,1189.949951,96.83999634,18.57999992
0,17654.18945,1187.880005,96.83999634,18.57999992
0,17369.39063,1190.219971,96.08999634,28.62000084
0,17328.08984,1194.609985,96.33999634,22.95999908
0,17427.75977,1190.73999,95.98999786,27.19000053
1,17585.99023,1182.859985,96.05000305,31.12000084
1,17724.88086,1177.109985,96.12999725,27.95000076
1,17697.14063,1176.77002,96.12000275,30.67000008
1,17688.21094,1183.140015,96.29000092,27.18000031
1,17796.91992,1180.560059,96.37000275,21.88999939
1,17832.41992,1176.839966,95.88999939,19.89999962
1,17914.11914,1172.560059,96.26999664,21.57999992
0,17826.25977,1177.329956,96.05000305,18.69000053
0,17767.59961,1178.969971,96.31999969,20.30999947
0,17599.36914,1185.099976,96.56999969,21.88999939
1,17660.09961,1184.22998,96.51000214,19.29000092
1,17785.74023,1184.400024,96.04000092,20.56999969
1,17812.58984,1186.150024,96.56999969,21.56999969
0,17669.10938,1186.390015,96.55000305,22.87000084
1,17789.26953,1190.119995,96.48999786,21.01000023
1,17826.83008,1191.27002,96.08000183,18.62999916
1,17946.66016,1187.77002,96.01999664,17.95999908
1,17961.64063,1185.5,96.01999664,17.95999908
0,18048.93945,1185.920044,96.08999634,17.68000031
1,18196.81055,1185.650024,96.19999695,17.54000092
0,18248.2793,1187.849976,95.93000031,16.95000076
0,18218.83984,1183.670044,95.97000122,17.32999992
1,18526.34961,1194.680054,96.29000092,16.90999985
0,18499.96094,1196.5,96.19000244,19.72999954
0,18367.91992,1199.25,96.25,19.61000061
1,18169.75977,1205.780029,95.73999786,18.76000023
0,18239.38086,1196.880005,95.98999786,19.39999962
1,18288.21094,1198.089966,95.62000275,18.40999985
1,18375.40039,1189.430054,95.0,17.62000084
0,18436.92969,1185.880005,94.79000092,20.30999947
0,18403.33008,1186.609985,95.16999817,19.19000053
0,18525.43945,1188.959961,95.16999817,19.19000053
0,18378.64063,1190.060059,95.73000336,22.79000092
0,18227.46094,1192.97998,95.51000214,23.85000038
1,18218.2793,1188.160034,95.73999786,25.59000015
0,17899.30078,1192.430054,95.63999939,28.85000038
0,17989.03906,1191.5,95.91999817,29.89999962
0,17701.11914,1195.660034,95.94999695,31.15999985
0,17674.40039,1196.099976,96.48999786,31.95999908
0,17674.40039,1200.630005,97.26000214,30.48999977
1,17674.40039,1203.459961,97.26999664,27.65999985
1,17674.40039,1199.959961,95.37999725,24.35000038
1,17674.40039,1200.329956,95.48000336,23.21999931
0,17900.30078,1197.089966,95.40000153,22.86000061
1,17966.56055,1196.849976,95.63999939,21.44000053
1,18151.75977,1196.359985,95.48999786,19.95999908
1,18338.05078,1194.030029,95.55000305,23.90999985
0,18310.93945,1199.349976,96.08000183,27.36000061
0,17997.66992,1199.23999,96.37000275,28.32999992
0,17951.81055,1197.359985,95.98999786,25.70000076
1,18231.4707,1196.829956,95.69999695,24.29000092
1,18268.57031,1196.75,95.80000305,28.11000061
1,18232.34961,1198.660034,96.04000092,27.75
0,18221.49023,1195.069946,96.04000092,27.75
0,17969.28906,1194.680054,96.02999878,28.80999947
1,18055.73047,1192.680054,96.19000244,31.02000046
0,17594.55078,1192.400024,97.13999939,30.31999969
1,17652.17969,1206.0,96.62000275,27.59000015
1,17652.17969,1197.589966,96.70999908,30.14999962
1,17867.59961,1205.369995,97.38999939,30.73999977
1,17934.40039,1203.150024,97.79000092,30.47999954
0,17736.51953,1205.98999,98.65000153,31.97999954
0,17178.68945,1216.709961,99.29000092,36.45000076
0,16825.25,1232.300049,99.05999756,35.13000107
1,17433.19922,1223.22998,98.51000214,30.22999954
0,17264.74023,1228.599976,99.12000275,30.75
0,17263.03906,1236.890015,99.05999756,31.77000046
0,16926.06055,1242.050049,99.06999969,29.82999992
1,16940.83008,1241.680054,98.37999725,26.67000008
1,17448.2207,1223.0,98.01000214,25.67000008
1,17456.51953,1210.329956,98.23000336,23.87000084
0,17560.35938,1210.369995,98.5,23.53000069
1,17559.71094,1219.780029,98.48999786,22.94000053
1,17731.36914,1214.949951,98.62000275,23.56999969
0,17699.06055,1218.01001,98.79000092,21.67000008
1,17676.94922,1217.550049,98.80999756,20.80999947
0,17520.00977,1224.380005,99.08999634,19.62999916
1,17548.66016,1223.660034,98.40000153,18.89999962
1,17740.56055,1209.130005,97.79000092,19.32999992
1,17693.4707,1210.439941,98.30999756,20.55999947
0,17625.58984,1214.5,98.62999725,19.62999916
1,17625.58984,1218.780029,98.98999786,18.56999969
1,17625.58984,1213.900024,99.47000122,21.03000069
0,17522.5,1218.75,99.59999847,22.10000038
0,17178.63086,1217.599976,99.75,21.54999924
1,17284.53906,1222.660034,99.80000305,21.15999985
0,17048.36914,1228.23999,99.93000031,24.37000084
0,16990.91016,1235.050049,100.2900009,24.26000023
1,17301.65039,1228.599976,99.87999725,21.81999969
1,17245.65039,1223.119995,100.3199997,22.70000076
0,17004.17969,1230.099976,100.3199997,22.70000076
0,16898.86914,1228.089966,100.7799988,22.17000008
1,16993.40039,1235.349976,100.9599991,21.37000084
0,17148.88086,1239.599976,100.3899994,20.31999969
1,17127.94922,1234.089966,100.5800018,22.68000031
0,17025.08984,1242.48999,101.2200012,28.20999908
0,16620.90039,1243.160034,101.75,27.02000046
1,16644.78906,1249.209961,102.3000031,33.52000046
0,16303.34961,1260.709961,102.9499969,31.60000038
1,16419.38086,1266.280029,103.6200027,29.98999977
1,16592.17969,1272.290039,102.9599991,33.40000153
0,16592.17969,1262.530029,103.7399979,32.34000015
0,16498.90039,1266.75,103.4700012,29.25
0,16565.83008,1261.060059,102.5899963,25.42000008
0,16408.19922,1268.699951,103.6600037,30.19000053
0,16061.7002,1274.859985,103.9199982,32.99000168
0,16006.25,1276.550049,103.8499985,32.56000137
0,15616.67969,1278.150024,104.8499985,31.77000046
1,15832.54004,1290.75,104.5599976,28.87000084
0,15901.04004,1277.569946,104.1900024,27.46999931
1,16056.08984,1279.849976,103.3600006,26.10000038
1,16296.86035,1266.660034,103.8099976,30.95999908
0,16020.32031,1275.579956,102.7200012,29.35000038
1,16144.84961,1263.550049,103.1500015,29.43000031
1,16156.41016,1273.209961,102.0800018,28.47999954
0,15963.62988,1258.819946,101.8600006,29.45000076
1,16104.03027,1260.98999,102.0599976,28.37000084
0,15968.83008,1266.599976,101.8300018,27.5
1,16266.21973,1258.890015,101.6699982,25.71999931
1,16610.61914,1251.589966,101.6699982,25.71999931
1,16807.76953,1236.170044,101.75,26.19000053
0,16552.57031,1246.949951,101.7699966,24.71999931
1,16552.57031,1240.839966,102.1399994,24.79000092
0,16512.88086,1254.47998,102.3199997,24.02000046
0,16670.50977,1254.579956,102.5400009,23.95999908
0,16621.33984,1256.73999,103.2200012,26.09000015
0,16460.11914,1264.02002,104.1500015,27.75
0,16070.98047,1278.280029,105.0800018,34.02000046
0,16047.37012,1291.800049,105.5199966,32.68999863
0,15999.25,1289.47998,105.1600037,29.62000084
1,15838.61035,1278.160034,103.6299973,32.95000076
0,15641.25977,1288.180054,104.6999969,31.12999916
0,15367.58008,1290.5,104.6999969,31.12999916
1,15728.63965,1292.380005,104.4400024,30.19000053
0,15347.75,1291.599976,104.1999969,28.95000076
0,15176.44043,1297.680054,104.4300003,29.04999924
1,15303.32031,1299.810059,104.1900024,27.22999954
1,15548.00977,1288.290039,103.9400024,26.95000076
1,15439.91992,1286.199951,104.5100021,28.36000061
0,15240.12988,1292.030029,105.1100006,28.15999985
0,14825.73047,1301.72998,104.6900024,28.70999908
0,14343.08008,1287.709961,105.1399994,26.70000076
0,14217.05957,1297.890015,105.1399994,26.70000076
1,14349.2002,1295.680054,106.5,27.54000092
0,13985.50977,1308.660034,107.0999985,26.72999954
1,14336.26953,1304.849976,107.1299973,26.07999992
1,14464.53027,1297.650024,107.0100021,24.63999939
0,14340.53027,1293.790039,108.0199966,26.17000008
0,13950.62012,1310.859985,108.0699997,27.29000092
1,14324.67969,1305.829956,107.9599991,26.81999969
0,14438.51953,1304.849976,108.5400009,26.39999962
1,14550.62012,1316.180054,108.0599976,24.22999954
1,14719.63965,1318.119995,107.3700027,25.29999924
0,14694.08008,1318.910034,106.6800003,24.5
1,14733.21973,1305.5,107.0800018,23.87999916
1,14937.7002,1312.869995,106.9100037,23.11000061
0,14949.36035,1306.849976,106.7300034,23.03000069
1,14936.33008,1309.319946,106.4800034,23.36000061
1,14806.78027,1310.400024,107.1900024,24.69000053
1,14921.58984,1310.900024,106.4499969,23.23999977
1,14891.90039,1305.949951,106.3499985,22.32999992
1,15000.07031,1295.150024,105.9000015,21.32999992
1,14981.69043,1302.280029,105.4499969,22.84000015
0,14747.23047,1306.75,106.2399979,23.93000031
1,14777.01953,1314.630005,106.5100021,21.95000076
1,14702.2002,1307.380005,105.6900024,21.44000053
1,15036.04004,1302.079956,106.6200027,21.14999962
1,15020.41016,1302.73999,106.4400024,21.29000092
1,15050.28027,1299.030029,106.3700027,21.77000046
0,14939.01953,1307.560059,105.1999969,19.73999977
1,15197.84961,1296.699951,105.0899963,20.20000076
1,15288.96973,1306.829956,105.6299973,19.53000069
1,15420.57031,1313.180054,106.5,19.69000053
0,15465.4502,1311.0,106.5699997,19.89999962
0,15396.75977,1314.829956,107.4800034,19.55999947
0,15408.78027,1326.910034,108.1699982,20.60000038
0,15245.13965,1334.859985,109.0500031,23.79999924
0,15095.88965,1343.359985,108.6200027,24.11000061
1,15069.19043,1339.079956,108.6800003,22.81999969
1,15200.04004,1340.0,108.4700012,21.78000069
1,15278.44043,1334.439941,108.8000031,25.55999947
0,14926.19043,1341.180054,108.8399963,26.20999908
1,14953.62988,1345.72998,108.7699966,26.20999908
1,15095.44043,1350.189941,108.6999969,25.87000084
0,14801.86035,1342.26001,109.6900024,25.55999947
0,14673.04004,1355.099976,109.5299988,25.46999931
0,14661.09961,1361.51001,109.5299988,25.46999931
1,14677.2002,1361.810059,110.2099991,26.90999985
0,14410.0498,1378.109985,109.8399963,24.63999939
1,14583.41992,1374.310059,109.7099991,23.61000061
1,14894.41016,1375.810059,109.8199997,27.27000046
0,14658.30957,1393.469971,109.6600037,26.15999985
0,14670.04004,1391.180054,109.7399979,26.27000046
0,14561.75977,1398.630005,109.7600021,26.29999924
0,14425.67969,1385.22998,109.7399979,25.76000023
1,14549.2998,1390.109985,110.2200012,27.15999985
0,14424.51953,1392.51001,110.6399994,27.98999977
0,14284.62988,1397.560059,111.3499985,27.35000038
0,14118.37988,1403.660034,113.1900024,29.92000008
0,13778.19043,1421.810059,114.0999985,32.25999832
1,13826.58984,1429.77002,114.1100006,32.59999847
0,13466.07031,1426.26001,112.5999985,30.18000031
1,13534.25977,1421.949951,112.25,31.84000015
0,13424.58008,1430.170044,112.1200027,31.62000084
1,13576.51953,1433.339966,110.0699997,29.06999969
1,13801.42969,1416.530029,111.0699997,28.54999924
1,13892.0498,1416.76001,112.2600021,30.52000046
0,13702.28027,1408.449951,112.8000031,31.36000061
0,13106.03027,1428.349976,113.2200012,33.63000107
1,13081.24023,1430.800049,113.3199997,33.56999969
0,12810.73047,1423.900024,112.3600006,31.94000053
1,13128.12012,1430.300049,113.3099976,32.02000046
1,12966.0498,1440.76001,112.0400009,31.37000084
1,13124.67969,1430.150024,112.1299973,30.5
0,12976.75977,1425.02002,112.9800034,30.76000023
0,12946.09961,1435.01001,112.8799973,29.97999954
0,12819.2002,1430.310059,112.0100021,29.69000053
1,12856.98047,1428.109985,111.9899979,29.85000038
0,12666.12012,1443.959961,110.9499969,28.45999908
1,12729.0498,1426.930054,109.6999969,27.28000069
1,12926.37012,1412.689941,110.5899963,27.38999939
0,12788.41992,1420.650024,110.6699982,25.75
1,12949.75,1421.650024,111.5299988,25.87999916
1,13037.20996,1424.670044,111.4800034,25.80999947
1,13100.16992,1416.599976,111.3499985,25.86000061
0,12986.59961,1423.099976,112.9300003,25.29999924
1,13026.70996,1423.650024,110.8799973,24.54999924
1,13223.73047,1402.109985,110.1200027,24.35000038
1,13347.75977,1392.699951,109.6200027,25.54000092
1,13638.80957,1374.150024,110.5500031,26.09000015
0,13503.75977,1370.550049,108.2099991,23.53000069
1,14007.55957,1349.369995,106.2900009,22.52000046
0,14174.90039,1313.030029,106.6600037,23.72999954
1,14546.30957,1324.079956,106.4000015,24.54000092
0,14537.34961,1316.26001,106.2799988,24.11000061
0,14535.23047,1336.430054,106.6900024,23.93000031
1,14504.99023,1342.75,106.9300003,23.12000084
0,14449.38965,1339.030029,107.8399963,22.36000061
0,14542.2002,1359.75,107.2200012,21.29000092
1,14608.54004,1352.689941,106.0800018,20.35000038
1,14784.0,1336.810059,106.0800018,20.35000038
0,14778.50977,1317.890015,105.9599991,20.5
0,14556.87012,1334.560059,106.6800003,22.20999908
1,14709.63965,1340.119995,106.8199997,21.88999939
1,14879.5498,1325.369995,105.9499969,20.57999992
1,15012.7998,1279.800049,104.7300034,19.84000015
0,14970.67969,1303.25,104.5500031,19.05999947
0,14980.74023,1299.170044,105.2900009,20.75
0,14728.87988,1304.369995,105.5800018,22.17000008
0,14630.00977,1319.709961,105.0999985,22.68000031
0,14553.04004,1314.099976,104.7699966,22.29000092
1,14705.42969,1316.630005,104.8099976,22.82999992
0,14612.58984,1303.170044,105.1299973,25.0
0,14522.95996,1305.920044,103.9800034,22.54999924
1,14739.36035,1288.97998,103.7699966,21.13999939
0,14734.12988,1295.680054,104.5599976,22.82999992
0,14528.5498,1317.099976,104.6999969,22.62000084
0,14433.32031,1308.859985,104.7200012,22.42000008
0,14170.03027,1301.329956,103.9700012,21.47999954
0,14234.40039,1283.640015,104.1600037,20.06999969
1,14442.94043,1280.77002,104.4300003,21.96999931
0,14271.62988,1290.199951,104.3099976,20.87000084
1,14285.12988,1279.23999,104.3099976,20.87000084
1,14328.42969,1275.130005,104.1800003,21.64999962
0,14173.09961,1272.280029,104.4599991,22.13999939
0,14085.01953,1274.319946,103.8399963,21.44000053
0,14137.69043,1260.910034,103.5199966,21.67000008
0,14224.12012,1270.099976,104.5199966,22.89999962
1,14199.12988,1279.079956,104.25,22.01000023
1,14301.0498,1271.079956,105.0400009,22.45999908
1,14373.33984,1274.180054,103.8799973,21.12999916
1,14752.20996,1252.880005,103.0,21.96999931
1,14802.95996,1239.280029,103.2399979,20.57999992
1,14751.44043,1240.160034,103.1900024,21.09000015
1,14731.63965,1241.599976,102.25,18.82999992
1,14824.12988,1239.130005,102.1999969,18.35000038
1,14927.00977,1236.589966,102.1999969,18.35000038
0,14932.92969,1240.709961,102.3899994,19.36000061
0,14932.92969,1237.0,102.3600006,20.34000015
1,14932.92969,1237.880005,102.0599976,20.52000046
1,14932.92969,1232.180054,102.0100021,19.85000038
1,14932.92969,1232.660034,101.6399994,19.07999992
1,14932.92969,1232.589966,101.8399963,18.72999954
1,14932.92969,1231.849976,101.9300003,18.51000023
0,15493.82031,1228.949951,102.2799988,19.94000053
0,15265.2002,1231.5,102.0999985,19.39999962
1,15420.12988,1232.150024,101.2200012,17.87000084
1,15595.16016,1221.949951,101.75,18.72999954
1,15602.66016,1224.900024,102.9199982,18.32999992
0,15392.82031,1246.75,103.6200027,19.43000031
1,15400.91016,1261.22998,103.4300003,18.65999985
1,15618.16992,1255.349976,103.4100037,19.62999916
0,15598.70996,1260.469971,103.2200012,20.70999908
0,15586.65039,1264.550049,103.6299973,20.53000069
0,15544.28027,1266.869995,103.3499985,20.34000015
1,15654.48047,1272.939941,103.2300034,18.90999985
0,15432.88965,1272.25,103.9199982,18.22999954
1,15550.5,1283.719971,103.8600006,20.17000008
0,15479.7002,1288.959961,103.8600006,20.02000046
1,15551.23047,1293.920044,103.8600006,20.02000046
1,15563.0,1296.109985,104.1800003,22.87000084
0,15418.76953,1305.829956,104.5899963,22.29000092
1,15615.41016,1302.829956,104.5999985,21.13999939
0,15503.79004,1298.079956,105.2099991,21.67000008
0,15503.79004,1313.699951,104.6699982,20.95000076
1,15503.79004,1318.349976,104.8700027,20.70000076
1,15598.71973,1305.72998,105.0299988,19.59000015
1,15608.41992,1311.060059,104.5199966,18.48999977
1,15763.50977,1294.780029,104.3499985,18.61000061
1,15857.88965,1299.0,105.6200027,19.59000015
0,15818.2002,1317.900024,105.6600037,19.11000061
0,15770.66016,1316.449951,105.3099976,22.61000061
0,15526.2002,1325.550049,104.5800018,24.79999924
1,15560.49023,1319.540039,103.5999985,26.52000046
0,15360.41992,1296.380005,103.5999985,23.72999954
1,15387.58984,1304.579956,104.6500015,26.13999939
0,15221.12012,1311.73999,104.4199982,22.98999977
1,15452.95996,1301.619995,103.7099991,25.51000023
0,15419.96973,1307.650024,103.2799988,24.14999962
1,15513.4502,1304.939941,103.2600021,21.37999916
1,15760.45996,1303.439941,102.3499985,22.26000023
1,15863.9502,1298.25,102.5299988,22.61000061
0,15914.7002,1286.290039,103.1200027,21.73999977
0,15830.30957,1294.829956,102.8600006,20.60000038
1,15701.48047,1297.800049,102.4300003,19.96999931
1,15769.75977,1296.97998,102.6399994,19.12000084
1,15849.42969,1307.130005,102.1399994,19.02000046
1,15868.05957,1296.5,102.5100021,18.70000076
0,15868.05957,1305.47998,102.0899963,18.54999924
1,15868.05957,1308.050049,101.5899963,19.0
1,15868.05957,1312.410034,101.8499985,19.07999992
0,15810.76953,1316.209961,101.8199997,18.39999962
1,15836.5,1317.939941,101.8199997,18.39999962
1,15876.16992,1315.449951,102.5800018,18.96999931
1,15913.87988,1320.880005,102.1999969,19.10000038
1,15932.96973,1322.089966,101.5,19.09000015
1,15804.75977,1322.829956,101.0100021,17.79999924
1,15929.42969,1301.430054,101.5500031,17.06999969
1,15963.5498,1303.380005,102.0999985,16.95000076
0,15869.44043,1316.069946,101.75,16.82999992
1,15770.46973,1315.900024,101.9700012,16.45999908
0,15707.51953,1326.76001,101.8399963,17.17000008
0,15602.99023,1323.599976,101.8199997,16.77000046
0,15626.87012,1329.380005,101.3499985,16.88999939
0,15370.73047,1332.800049,101.8600006,18.76000023
0,15374.62988,1341.0,101.4700012,18.84000015
1,15411.49023,1337.829956,101.5,17.03000069
1,15579.17969,1339.390015,101.6699982,15.77999973
1,15636.48047,1342.790039,101.9599991,17.78000069
0,15553.41016,1342.300049,101.3399963,18.34000015
0,15609.03027,1335.22998,101.4000015,20.09000015
1,15699.57031,1316.959961,101.3700027,16.97999954
0,15727.7002,1322.410034,101.6399994,17.70999908
0,15641.75977,1326.050049,101.4800034,16.94000053
0,15514.63965,1318.050049,102.0599976,16.93000031
0,15502.36035,1329.880005,102.6800003,17.03000069
1,15475.0498,1341.52002,102.4300003,17.12000084
1,15673.90039,1335.400024,102.5599976,17.98999977
1,15925.29004,1342.430054,102.8799973,16.87000084
1,16101.87988,1334.150024,103.5800018,16.04999924
1,16174.91992,1334.73999,103.1999969,16.80999947
1,16180.88965,1324.209961,103.1999969,17.20999908
1,16188.03027,1313.829956,103.4899979,18.53000069
0,16159.32031,1319.839966,103.8899994,20.03000069
0,16292.0,1318.52002,104.2099991,19.13999939
1,16505.05078,1330.890015,104.2099991,17.95000076
1,16622.74023,1324.589966,104.1699982,17.45999908
0,16578.96094,1319.790039,104.3199997,17.94000053
0,16512.65039,1321.73999,103.5599976,15.64999962
1,16706.91016,1312.849976,104.0199966,14.60000038
1,16714.42969,1305.140015,104.0,14.72999954
1,16922.48047,1299.199951,104.0999985,13.93999958
0,16733.68945,1308.339966,103.3399963,13.64999962
1,16886.40039,1296.329956,103.5599976,13.82999992
0,16955.36914,1286.689941,103.6299973,15.01000023
1,17216.59961,1284.579956,103.3399963,14.60999966
0,17238.14063,1267.619995,103.0100021,13.88000011
0,17334.98047,1273.98999,102.1200027,14.5
1,17288.91016,1270.050049,102.3000031,13.53999996
0,17274.56055,1276.310059,102.3000031,13.53999996
0,17184.91016,1283.23999,102.5400009,13.88000011
0,17202.40039,1287.540039,102.0699997,13.19999981
1,17202.40039,1288.380005,102.3899994,12.90999985
0,17202.40039,1298.209961,102.9000015,13.43999958
1,17059.24023,1307.670044,102.6900024,14.25
0,16887.90039,1302.660034,102.4899979,13.73999977
0,16935.63086,1296.599976,102.9100037,13.43000031
0,16942.30078,1309.01001,103.3399963,13.53999996
1,16915.53906,1323.069946,102.9100037,13.59000015
1,17084.19922,1315.300049,102.9899979,13.56999969
0,17140.76953,1306.099976,102.9899979,13.56999969
0,17056.42969,1295.5,103.3700027,14.18000031
0,16762.16992,1302.969971,103.1699982,15.43999958
0,16664.21094,1309.219971,102.2699966,14.82999992
0,16652.80078,1297.369995,101.9700012,15.06999969
1,16898.91016,1299.540039,101.7300034,14.84000015
1,16962.0293,1291.51001,100.5199966,13.53999996
1,17061.40039,1274.699951,99.76999664,13.60999966
1,17283.71094,1266.829956,99.91000366,13.34000015
0,17334.28906,1268.339966,99.83999634,13.47999954
0,17227.91016,1265.449951,99.94000244,13.30000019
1,17116.43945,1264.939941,100.2799988,13.76000023
0,17164.89063,1265.089966,100.8799973,13.98999977
1,17030.69922,1278.400024,101.0699997,13.60000038
1,17033.60938,1285.650024,101.3499985,13.90999985
1,17198.89063,1280.530029,101.3499985,13.85999966
0,17162.55078,1274.119995,100.8899994,13.18999958
1,17241.82031,1275.170044,101.7699966,14.40999985
1,17292.92969,1283.880005,101.6200027,13.32999992
1,17145.42969,1272.390015,101.8600006,13.63000011
1,17212.86914,1277.930054,102.3000031,13.93000031
0,16893.73047,1289.050049,102.5899963,16.09000015
0,16893.73047,1295.369995,102.5400009,15.92000008
0,16843.67969,1296.400024,102.0199966,17.10000038
0,16996.0,1303.050049,102.0500031,15.77000046
0,16877.07031,1307.75,102.5299988,15.98999977
1,16870.93945,1316.670044,102.4899979,15.96000004
0,16634.69922,1313.640015,102.5199966,15.85000038
0,16601.25,1318.329956,102.8399963,14.84000015
0,16393.66016,1329.609985,103.1900024,14.81999969
0,16446.7793,1338.73999,103.4199982,16.78000069
0,16516.66016,1343.329956,103.4400024,17.88999939
0,16381.30957,1339.079956,103.3799973,17.29999924
1,16381.49023,1339.170044,103.3300018,17.12999916
1,16437.60938,1339.73999,103.5599976,16.96999931
0,16576.90039,1339.689941,103.3600006,15.97999954
1,16770.86914,1327.780029,103.9800034,17.20000076
0,16481.58008,1326.619995,104.0800018,15.68000031
1,16509.25977,1323.609985,104.0599976,15.07999992
1,16623.65039,1322.819946,103.5500031,14.44999981
1,16719.82031,1321.069946,103.1600037,13.88000011
0,16634.50977,1323.030029,103.6200027,13.56999969
1,16644.93945,1324.640015,104.2399979,13.09000015
1,16789.68945,1317.459961,104.2399979,13.09000015
0,16791.60938,1317.949951,104.8099976,14.01000023
0,16738.16016,1331.72998,104.8600006,14.44999981
0,16619.14063,1333.459961,105.0599976,14.39999962
0,16576.01953,1334.02002,105.0899963,13.84000015
1,16432.94922,1335.319946,104.5699997,13.80000019
0,16572.71094,1320.439941,104.7099991,14.22999954
0,16581.50977,1324.099976,104.7699966,13.47999954
1,16807.56055,1329.77002,105.4100037,12.81999969
1,16920.91992,1327.060059,105.3199997,13.78999996
0,16698.24023,1328.420044,105.1999969,14.0
0,16636.32031,1329.660034,105.1999969,14.10999966
1,16534.75,1328.530029,105.1600037,15.14000034
0,16316.66992,1332.339966,105.3600006,17.54000092
0,16344.48047,1341.170044,105.5800018,17.20000076
0,16452.23047,1334.660034,106.0,16.89999962
0,16276.07031,1338.449951,106.2300034,18.94000053
1,16310.36035,1353.75,106.6699982,18.21999931
0,16273.37988,1359.219971,106.8000031,18.57999992
0,16453.51953,1351.160034,106.3300018,18.48999977
1,16520.57031,1346.060059,106.0400009,17.45000076
0,16520.57031,1346.890015,105.8300018,17.03000069
1,16672.0293,1341.890015,105.8199997,16.09000015
1,16825.91016,1338.26001,106.5699997,16.69000053
0,16782.57031,1348.339966,106.6500015,19.31999969
0,16652.24023,1352.069946,106.2399979,17.20999908
1,16642.55078,1347.76001,106.25,17.87999916
1,16440.91016,1352.98999,106.5699997,19.21999931
0,16452.73047,1354.560059,106.25,21.39999962
0,16440.7207,1356.22998,106.1600037,21.70999908
0,16251.36035,1349.339966,105.5400009,20.37000084
1,16309.75977,1334.439941,106.2699966,18.96999931
0,16358.88965,1343.640015,106.5299988,20.19000053
0,16073.74023,1352.680054,106.5999985,20.68000031
1,16134.61035,1350.339966,106.5599976,21.27000046
1,16149.67969,1355.219971,106.1200027,19.75
0,16001.26953,1348.069946,106.6600037,18.13999939
1,16038.55957,1350.160034,106.8799973,16.87000084
1,16396.94922,1347.839966,106.1200027,15.65999985
1,16507.65039,1333.680054,105.0199966,14.90999985
1,16649.35938,1307.839966,105.2200012,14.89000034
0,16684.94922,1297.109985,105.5400009,14.81000042
0,16740.83008,1304.550049,105.5899963,14.44999981
1,16745.65039,1308.119995,105.9100037,15.28999996
0,16682.66992,1315.199951,105.8600006,14.17000008
0,16839.28906,1319.619995,105.6600037,14.76000023
1,16915.71094,1319.069946,104.1100006,14.15999985
1,17128.7793,1304.23999,104.3899994,14.18000031
1,17171.17969,1301.859985,104.3700027,14.31999969
0,17208.94922,1292.449951,103.8199997,13.80000019
1,17210.4707,1294.5,103.4700012,13.40999985
1,17416.69922,1288.150024,103.5899963,13.35000038
1,17310.25977,1295.189941,103.9199982,12.85000038
1,17294.55078,1298.790039,103.9199982,12.85000038
0,17287.41992,1300.180054,103.4000015,12.46000004
0,17137.41992,1289.790039,103.1999969,12.68999958
1,17341.25,1302.530029,102.75,12.68999958
0,17370.56055,1287.530029,102.7699966,12.97999954
1,17433.84961,1288.359985,103.5,12.92000008
0,17438.34961,1296.660034,103.2699966,12.63000011
1,17421.48047,1299.189941,103.6399994,13.07999992
0,17328.00977,1307.800049,104.0500031,12.85000038
1,17360.7207,1313.369995,104.1500015,12.97000027
0,17278.74023,1313.719971,103.5400009,13.06000042
1,17383.99023,1312.76001,104.0100021,12.35000038
1,17418.33984,1316.51001,104.0999985,12.63000011
1,17450.63086,1313.619995,103.8700027,12.06999969
0,17468.92969,1310.140015,102.8700027,12.18999958
1,17653.10938,1292.01001,101.9599991,12.47999954
1,17673.86914,1291.920044,102.5500031,12.27999973
1,17652.0293,1276.469971,102.5100021,12.56000042
1,17576.55078,1302.930054,102.1699982,12.52999973
1,17635.19922,1297.76001,102.4100037,13.67000008
0,17543.74023,1296.97998,101.8399963,13.64999962
0,17596.63086,1291.709961,101.6999969,13.02999973
1,17751.73047,1294.579956,101.4700012,12.98999977
1,17891.5,1293.920044,100.9899979,12.43000031
1,17910.36914,1294.76001,101.2300034,12.47000027
1,17853.75977,1293.540039,102.1999969,13.19999981
0,17559.31055,1307.619995,102.4599991,14.03999996
0,17549.65039,1309.530029,102.4199982,14.13000011
0,17519.14063,1311.25,102.4100037,13.35000038
0,17572.66016,1313.130005,102.2099991,13.07999992
0,17535.49023,1311.800049,102.5699997,12.76000023
0,17465.63086,1319.790039,102.3600006,12.68999958
0,17545.32031,1317.5,102.2900009,12.43999958
0,17512.83008,1311.98999,102.4000015,12.69999981
1,17546.82031,1312.849976,102.4000015,12.69999981
0,17346.86914,1319.709961,103.3600006,13.84000015
0,17161.78906,1337.790039,103.4499969,14.78999996
1,17227.78906,1344.050049,103.5400009,14.13000011
1,17681.51953,1337.660034,103.2900009,13.30000019
0,17815.09961,1333.209961,103.3300018,13.18999958
1,17874.58984,1338.73999,103.6200027,12.55000019
0,17875.83008,1336.780029,103.2399979,13.14000034
1,18002.61914,1329.890015,103.5699997,13.44999981
1,17995.0293,1336.030029,103.4700012,13.26000023
1,18119.63086,1336.76001,103.6100006,13.60000038
0,18034.63086,1333.209961,103.4000015,13.31000042
0,17889.56055,1326.619995,103.2699966,14.35000038
1,17968.10938,1333.910034,103.0500031,13.88000011
1,18059.92969,1328.949951,103.9199982,13.85000038
0,18096.07031,1337.72998,104.4499969,13.67000008
0,18096.07031,1333.390015,104.1800003,13.06000042
1,18096.07031,1326.790039,104.0400009,12.82999992
1,18096.07031,1327.619995,104.1500015,12.78999996
1,18096.07031,1328.5,104.9599991,15.85000038
0,18096.07031,1340.790039,104.7200012,14.38000011
0,18644.57031,1326.0,104.3000031,14.01000023
1,18607.25,1327.660034,104.2799988,14.23999977
1,18635.80078,1331.579956,104.2799988,14.23999977
0,18753.16016,1333.339966,104.0800018,15.42000008
0,18676.31055,1333.75,104.0100021,15.34000015
1,18852.7793,1332.869995,103.9599991,14.53999996
1,18889.18945,1327.170044,103.9400024,13.75
0,18948.05078,1330.0,103.8300018,13.73999977
0,18854.41016,1331.719971,103.8300018,13.43000031
1,18854.41016,1331.790039,103.9800034,13.84000015
0,18966.76953,1333.380005,104.1600037,13.39999962
1,19305.31055,1330.900024,103.8300018,13.48999977
0,19386.91992,1328.939941,103.8000031,14.46000004
0,19499.44922,1333.430054,103.3700027,14.5
1,19693.51953,1327.089966,102.8199997,14.43999958
1,19785.32031,1321.180054,102.7399979,14.73999977
0,19726.08008,1315.97998,102.8700027,15.22000027
1,19914.55078,1310.540039,102.9599991,13.84000015
1,19928.50977,1311.150024,102.7900009,13.75
1,19937.91992,1313.650024,103.3600006,14.39999962
0,19682.5,1321.920044,103.4300003,14.40999985
1,19879.84961,1329.339966,103.5800018,14.32999992
0,19857.19922,1336.089966,103.8099976,13.81999969
1,19784.44922,1337.02002,103.4100037,13.03999996
1,20199.08984,1330.109985,104.0,12.92000008
0,20228.42969,1334.680054,104.4300003,13.06000042
0,20192.25,1343.599976,104.2300034,13.18999958
1,20126.49023,1339.130005,104.2900009,13.23999977
0,20200.11914,1343.060059,104.3499985,12.77999973
0,20146.55078,1349.800049,104.5500031,13.01000023
1,20294.44922,1349.800049,104.5500031,13.01000023
1,20222.33008,1345.310059,105.0199966,13.64999962
1,20466.57031,1355.530029,104.8199997,14.60999966
0,20337.59961,1350.72998,104.25,14.32999992
1,20337.59961,1344.839966,104.1200027,16.35000038
0,20337.59961,1351.359985,104.3000031,16.03000069
1,20417.69922,1350.27002,104.1399994,15.18999958
0,20796.19922,1354.219971,104.1500015,14.97999954
1,20753.2207,1363.76001,105.2799988,14.90999985
0,20736.57031,1367.839966,106.0400009,17.30999947
0,20449.76953,1379.609985,106.2099991,19.22999954
0,19901.96094,1387.670044,106.2600021,18.39999962
0,20213.33008,1387.339966,105.9499969,18.20999908
1,20301.19922,1379.540039,106.1500015,18.0
0,19527.11914,1379.400024,106.1500015,18.70999908
1,19411.2207,1373.930054,106.0800018,16.94000053
0,19599.2793,1378.839966,105.6900024,15.68999958
1,20131.74023,1370.47998,105.8600006,15.97000027
0,19857.41992,1376.969971,105.5999985,15.36999989
1,20120.50977,1371.699951,105.9400024,15.02999973
1,20495.51953,1377.089966,105.5800018,14.67000008
1,20396.59961,1374.640015,106.2200012,15.64999962
0,20222.43945,1375.0,105.3000031,14.68000031
0,20330.32031,1364.640015,105.0299988,13.48999977
1,20653.5293,1352.170044,105.4100037,13.22999954
1,20700.50977,1357.72998,105.5500031,13.0
0,20560.76953,1361.939941,105.2300034,12.68999958
1,20708.83984,1365.400024,105.3099976,12.55000019
0,20857.71094,1370.109985,105.2200012,13.60000038
1,20985.84961,1363.790039,105.0100021,13.42000008
1,21304.25977,1353.599976,104.4599991,12.42000008
0,21258.4707,1346.040039,104.4499969,11.98999977
1,21271.63086,1353.390015,104.5699997,12.14999962
0,21236.75,1360.160034,104.6600037,11.85999966
0,21551.83008,1363.420044,104.9400024,12.28999996
0,21607.42969,1365.810059,105.1100006,12.77000046
0,21565.33984,1367.619995,104.7200012,11.93000031
1,21803.76953,1365.709961,104.7200012,11.93000031
0,21858.41016,1360.930054,104.6100006,12.92000008
0,21662.5,1362.76001,105.0999985,14.27999973
0,21364.48047,1370.550049,104.7200012,14.47000027
1,21174.2207,1375.619995,104.6699982,12.92000008
1,21536.75977,1382.099976,104.1399994,13.10999966
0,21356.61914,1370.790039,104.1100006,13.15999985
1,21484.88086,1373.719971,104.2699966,12.63000011
1,21858.38086,1365.25,104.8899994,12.22000027
0,21858.38086,1379.050049,105.1500015,12.73999977
1,21792.11914,1373.959961,105.2300034,12.85000038
1,22048.96094,1377.359985,104.6500015,12.03999996
1,22312.03906,1370.410034,105.1999969,11.93999958
1,22504.7207,1373.73999,105.5500031,12.65999985
0,22496.5293,1382.280029,105.3199997,12.75
1,22757.42969,1379.060059,105.2600021,12.30000019
1,23209.53906,1378.609985,105.2600021,12.30000019
1,23406.09961,1381.150024,105.5899963,13.27999973
0,23253.39063,1391.819946,105.8000031,13.19999981
0,22813.69922,1388.390015,105.4700012,13.32999992
1,22875.9707,1386.109985,105.6100006,12.84000015
1,22986.68945,1390.890015,106.0500031,12.55000019
0,22905.98047,1393.380005,105.9100037,12.23999977
1,23032.25,1386.949951,105.8700027,12.43999958
1,23058.57031,1380.290039,105.9000015,12.22000027
0,22879.36914,1383.420044,105.7200012,12.02999973
1,23172.42969,1383.420044,105.4000015,12.09000015
1,23522.5293,1385.77002,105.4000015,12.09000015
1,23556.58984,1380.25,104.8799973,12.47999954
0,23878.15039,1376.569946,105.0100021,12.36999989
1,23900.08008,1382.75,105.1200027,12.51000023
1,24007.08008,1382.420044,105.0500031,12.85000038
1,24390.0293,1382.98999,104.4400024,12.92000008
0,23916.92969,1371.27002,104.0899963,12.46000004
1,23879.35938,1374.109985,104.1900024,13.11999989
1,23997.25,1383.689941,104.2699966,13.18999958
0,23769.82031,1382.640015,103.75,14.47999954
0,23398.4707,1378.650024,104.1699982,15.93000031
0,22869.25977,1385.23999,104.4000015,16.52000046
0,22256.99023,1388.810059,104.3099976,14.90999985
1,22871.83984,1387.099976,104.4499969,14.72000027
0,22871.83984,1384.569946,104.3899994,18.04000092
0,22871.83984,1382.650024,104.3600006,18.45999908
1,22119.21094,1381.430054,104.3199997,16.38999939
1,22164.49023,1382.089966,104.5599976,16.60000038
0,22223.57031,1381.359985,104.5500031,17.69000053
1,22199.34961,1383.5,104.0999985,16.36000061
1,22642.09961,1367.920044,104.4199982,18.59000015
0,21638.08984,1368.969971,103.2099991,23.38999939
0,19830.88086,1357.170044,102.6900024,38.56999969
1,20501.01953,1367.400024,102.9700012,27.70999908
1,21295.2793,1370.310059,103.1999969,27.85000038
0,20870.09961,1375.329956,103.2099991,23.79000092
1,21469.0,1373.76001,103.1399994,20.37000084
1,21773.25977,1363.839966,103.1399994,20.70999908
1,21796.57031,1369.540039,102.5599976,18.12000084
1,22027.25,1362.170044,102.5699997,16.19000053
1,22349.33008,1363.51001,102.4599991,14.80000019
0,22409.63086,1348.97998,101.8899994,14.64999962
1,22429.09961,1330.880005,101.4400024,15.88000011
1,22237.89063,1327.579956,101.0400009,16.27000046
1,22148.83008,1333.660034,101.5100021,17.54999924
0,22158.05078,1339.540039,100.7200012,15.85999966
0,22240.11914,1323.880005,100.8499985,16.14999962
0,22185.0,1326.640015,100.5500031,15.43000031
1,22370.66016,1326.359985,101.0899963,17.11000061
0,22201.84961,1336.689941,101.3399963,15.64999962
1,22268.08984,1332.880005,101.6999969,15.0
1,22235.09961,1336.579956,101.6999969,15.0
0,22092.21094,1337.550049,101.8300018,20.71999931
0,21092.75,1340.410034,101.3600006,21.31999969
0,21187.71094,1331.01001,101.1100006,19.89999962
0,21435.18945,1332.790039,101.1800003,22.37999916
0,21144.43945,1337.77002,101.5500031,19.45000076
0,21064.08008,1341.27002,101.6299973,19.07999992
0,21031.0,1343.339966,101.6800003,17.69000053
1,21653.25,1339.180054,101.3700027,17.06999969
1,21759.65039,1335.689941,101.1100006,16.55999947
1,22042.68945,1322.26001,100.6100006,16.32999992
1,22159.41992,1327.609985,100.7200012,16.14999962
1,22285.5293,1331.5,100.9199982,15.89000034
1,22431.7793,1333.619995,100.3700027,15.39000034
0,22761.59961,1324.890015,100.9199982,15.40999985
1,22858.81055,1335.050049,100.5599976,15.36999989
0,22822.78906,1313.300049,100.4199982,16.95999908
0,22224.53906,1309.300049,100.7799988,16.72999954
0,22390.39063,1324.839966,101.6800003,18.89999962
1,22302.71094,1334.410034,102.5199966,19.20999908
1,22702.56055,1345.880005,102.5400009,22.63999939
0,22611.39063,1342.369995,102.5500031,21.42000008
1,22659.08008,1343.02002,102.9899979,20.93000031
0,22901.64063,1349.73999,102.8899994,20.45999908
1,22975.28906,1348.329956,103.3000031,19.70000076
1,23292.03906,1357.27002,103.2600021,20.63999939
0,23010.98047,1363.180054,103.5899963,19.57999992
0,23053.83984,1364.199951,103.8300018,19.11000061
0,23487.26953,1370.050049,103.4899979,18.03000069
1,23542.5293,1369.01001,104.0100021,18.37000084
0,23535.42969,1376.5,104.0800018,18.20000076
1,23334.75977,1376.630005,104.4300003,19.23999977
0,23192.51953,1377.339966,104.0599976,19.07999992
1,23348.44922,1376.319946,104.2600021,20.32999992
1,23198.07031,1387.660034,104.3199997,19.79999924
1,22926.58984,1381.969971,104.2799988,19.34000015
0,22820.42969,1383.180054,103.9899979,20.35000038
0,22820.42969,1378.569946,103.9800034,23.15999985
0,22780.08008,1372.930054,104.2799988,21.87999916
1,22965.39063,1379.339966,103.8899994,21.97999954
0,23106.78906,1372.859985,103.4199982,20.48999977
0,23217.38086,1378.0,105.0899963,16.27000046
1,23408.82031,1399.800049,104.5100021,15.19999981
0,23553.89063,1372.079956,105.0,14.93999958
0,23529.64063,1397.199951,105.5400009,14.97000027
0,22981.76953,1400.550049,106.0199966,14.71000004
0,22860.23047,1406.650024,106.4800034,14.02000046
1,22715.38086,1399.0,106.6699982,14.31000042
0,22742.76953,1400.829956,106.6900024,16.13999939
1,22546.53906,1394.349976,106.2799988,15.57999992
1,22848.80078,1389.5,106.2099991,16.35000038
1,22688.35938,1392.160034,106.6800003,17.15999985
0,22555.66016,1397.619995,106.9700012,16.87000084
1,22904.32031,1399.599976,107.4899979,15.23999977
1,22948.36914,1403.51001,106.8199997,14.60000038
0,22678.75977,1395.560059,107.0100021,14.10000038
0,22334.7793,1395.27002,106.0800018,14.10000038
1,22298.90039,1388.469971,106.0800018,14.10000038
0,22262.5,1393.300049,105.7399979,13.51000023
0,22736.92969,1399.859985,106.4499969,13.34000015
1,23027.46094,1401.060059,106.3700027,13.30000019
0,23255.33008,1411.670044,106.3399963,13.44999981
0,23267.93945,1410.800049,105.7099991,13.53999996
0,23193.26953,1399.98999,105.9700012,12.77000046
0,23273.25,1424.219971,106.1500015,14.18999958
1,23125.08008,1426.599976,106.4000015,14.18000031
1,22903.63086,1433.949951,106.7099991,13.57999992
1,23046.80078,1429.150024,106.9599991,13.92000008
1,23020.48047,1427.859985,107.0,13.81000042
0,23039.90039,1434.449951,106.8600006,14.68999958
0,23018.00977,1431.349976,106.9599991,15.86999989
1,23168.66992,1436.420044,108.0299988,27.62000084
0,22932.25,1451.5,108.4100037,24.09000015
0,22510.25,1437.449951,107.6200027,18.36000061
1,23104.53906,1445.420044,108.0400009,16.78000069
0,23120.24023,1442.699951,108.2600021,14.27000046
0,23246.93945,1457.609985,108.1299973,14.72999954
0,23275.67969,1466.98999,108.0,15.94999981
0,23190.19922,1472.800049,108.1299973,17.39999962
0,22832.06055,1473.52002,109.3899994,17.93000031
1,22908.30078,1471.650024,108.9499969,16.12999916
1,23547.71094,1465.530029,108.2600021,16.04000092
1,23651.26953,1459.449951,108.5400009,17.81999969
1,23407.33008,1451.880005,109.0899963,17.70000076
1,23081.13086,1457.969971,109.1800003,17.70000076
0,23011.85938,1455.22998,109.6500015,19.54000092
0,22488.33008,1472.25,109.9599991,19.19000053
1,22797.51953,1458.890015,109.2699966,18.70999908
0,22514.57031,1460.439941,109.0899963,16.12000084
1,23025.09961,1437.219971,108.9599991,16.60000038
0,23148.08008,1453.319946,109.3499985,15.97000027
0,23266.82031,1457.380005,109.3499985,15.97000027
0,23300.00977,1435.530029,108.0599976,15.06000042
1,23525.41016,1425.790039,108.1699982,15.10000038
0,23525.41016,1434.339966,108.0500031,15.02000046
1,23525.41016,1433.930054,107.4400024,14.85000038
0,23525.41016,1441.660034,108.3700027,16.43000031
0,22694.71094,1456.780029,108.9899979,18.62000084
1,22793.96094,1459.050049,107.9599991,17.20999908
1,23161.58008,1450.160034,107.5800018,15.77000046
1,23316.59961,1443.890015,107.6900024,15.5
0,23478.26953,1442.150024,108.0400009,16.54000092
0,23252.14063,1450.619995,108.3199997,15.81000042
1,23384.05078,1453.209961,107.9599991,16.02000046
1,23289.75,1450.75,107.9400024,15.89000034
1,23399.41016,1452.119995,107.3099976,15.10000038
1,23152.60938,1438.73999,106.5699997,14.77000046
1,23505.33008,1432.599976,106.5699997,14.77000046
1,23666.10938,1441.290039,107.0500031,15.35000038
1,23604.08008,1440.079956,107.1699982,15.27000046
0,23487.46094,1439.97998,106.3399963,15.65999985
1,23730.25,1431.699951,106.6100006,18.20999908
0,23565.31055,1434.290039,106.5999985,18.97999954
0,23285.7207,1428.650024,106.3099976,19.43000031
1,23402.55078,1429.5,106.4199982,19.10000038
0,23053.17969,1434.420044,107.2399979,21.12999916
0,23053.17969,1449.859985,107.6100006,19.62999916
0,22596.88086,1457.930054,105.7399979,23.51000023
1,22871.90039,1452.849976,105.7399979,21.93000031
1,22715.42969,1443.030029,104.0599976,24.87000084
0,22576.07031,1446.5,103.8399963,23.37000084
1,22459.15039,1446.26001,103.9100037,27.86000061
0,22071.08984,1457.030029,103.4400024,26.92000008
1,22278.35938,1451.02002,103.6100006,24.22999954
0,21961.67969,1448.75,103.8300018,24.65999985
0,21968.05078,1453.22998,103.7200012,21.77000046
1,22118.63086,1449.050049,103.3700027,20.51000023
1,22271.66992,1442.48999,103.2399979,21.70000076
1,21960.83008,1448.939941,103.4300003,19.89999962
1,22377.25977,1443.390015,103.8499985,19.79999924
1,22209.09961,1465.819946,104.0899963,19.28000069
0,22106.64063,1464.780029,104.2600021,17.47999954
0,22273.18945,1466.27002,104.1800003,17.14999962
1,22260.28906,1462.089966,104.5500031,18.32999992
0,21951.75977,1465.680054,104.0699997,18.69000053
0,21602.89063,1461.890015,104.0400009,21.64999962
0,20695.90039,1469.410034,104.2099991,22.28000069
1,21280.16992,1471.959961,104.2600021,21.77000046
0,21298.2207,1469.969971,103.8099976,21.51000023
0,21298.2207,1466.040039,102.0699997,30.02000046
0,21298.2207,1450.680054,103.0199966,45.31000137
0,19232.34961,1458.52002,103.2600021,46.97999954
1,18459.94922,1469.949951,102.9599991,52.33000183
0,17391.75977,1486.130005,102.9000015,33.61999893
1,19000.0293,1443.949951,100.8700027,40.72000122
0,19528.76953,1452.040039,99.77999878,37.56000137
1,19513.08984,1419.050049,99.63999939,30.88999939
1,19857.66992,1419.420044,100.2200012,30.12000084
0,19468.0,1427.02002,99.37999725,32.63999939
1,19338.73047,1414.22998,99.37999725,29.64999962
1,19395.0293,1414.22998,99.37999725,29.64999962
1,19106.19922,1414.22998,98.27999878,33.81999969
0,18793.42969,1421.640015,98.91999817,30.56999969
1,19639.14063,1429.219971,99.83999634,28.45000076
0,19478.81055,1426.449951,99.29000092,26.46999931
1,19872.73047,1430.060059,99.47000122,24.84000015
1,20034.41016,1437.359985,99.01000214,25.14999962
1,20232.63086,1435.880005,99.23999786,24.17000008
0,20235.0293,1431.160034,99.47000122,24.70000076
1,20787.64063,1435.099976,100.0,22.68000031
1,20546.49023,1374.77002,99.61000061,23.54999924
1,20543.40039,1397.290039,100.6399994,22.47999954
0,20915.03906,1403.849976,100.3399963,21.89999962
1,21129.53906,1395.170044,101.7900009,18.38999939
1,21330.14063,1416.030029,101.0,18.21999931
1,21782.86914,1416.0,101.0400009,18.62000084
0,21730.25,1407.329956,100.8799973,17.82999992
1,21843.68945,1397.02002,101.0899963,17.23999977
0,21523.83008,1398.130005,100.4300003,18.13999939
0,21526.0293,1388.550049,100.1200027,18.09000015
1,21803.91016,1392.72998,99.55999756,20.87000084
0,21670.96094,1373.859985,99.95999908,20.28000069
0,21652.24023,1381.339966,99.11000061,22.29000092
1,21536.57031,1364.72998,98.93000031,22.29000092
0,21336.53906,1368.099976,99.51999664,18.95999908
1,21357.7207,1374.800049,99.87999725,19.30999947
1,21347.30078,1373.599976,99.27999878,19.18000031
0,21347.30078,1370.410034,99.33000183,18.56999969
1,21002.71094,1381.98999,98.69999695,18.36000061
1,21618.08984,1377.719971,98.79000092,17.61000061
1,21674.42969,1361.089966,98.73999786,18.47999954
1,21790.28906,1359.189941,98.94000244,17.15999985
1,22242.14063,1353.849976,99.05000305,16.95000076
1,22470.09961,1363.880005,98.62999725,17.26000023
1,22287.82031,1365.689941,97.91999817,18.02000046
0,22072.94922,1349.790039,98.18000031,20.81999969
1,22049.90039,1365.140015,98.0,19.11000061
1,22211.58984,1357.780029,98.81999969,21.60000038
1,22356.73047,1380.5,98.91000366,20.13999939
1,22003.5,1370.75,98.91000366,20.13999939
1,22045.74023,1374.890015,98.70999908,20.62000084
0,21732.01953,1369.469971,98.41999817,19.82999992
1,22188.75977,1361.939941,97.86000061,17.47999954
1,22430.60938,1353.780029,97.68000031,16.76000023
0,22492.33984,1357.030029,97.15000153,16.59000015
0,22580.08008,1352.76001,97.40000153,16.31999969
1,22256.01953,1363.589966,96.87999725,16.72999954
1,22553.7207,1348.5,96.81999969,16.82999992
0,22577.74023,1355.589966,96.77999878,16.63999939
1,22712.9707,1354.75,97.18000031,16.37999916
0,22547.5,1357.099976,97.18000031,16.37999916
1,22428.7207,1362.199951,97.48000336,17.79000092
1,22362.26953,1374.640015,97.51000214,16.80999947
1,22527.00977,1370.300049,97.47000122,15.93999958
1,22693.25,1373.0,97.65000153,15.77999973
0,22751.0293,1372.640015,97.84999847,16.39999962
1,22614.9707,1378.170044,98.08000183,17.20000076
1,22835.93945,1382.01001,98.62000275,17.37999916
0,23042.90039,1386.449951,98.38999939,17.15999985
1,23113.2793,1384.920044,98.73000336,16.52000046
0,23383.13086,1391.579956,98.48000336,16.40999985
1,23340.56055,1390.569946,97.84999847,16.64999962
0,22987.91992,1381.819946,97.38999939,16.5
1,23318.66992,1379.780029,97.20999908,15.36999989
1,23373.73047,1373.719971,97.37999725,15.39000034
1,23364.38086,1372.0,97.65000153,14.93000031
1,23412.98047,1382.780029,98.66000366,15.02999973
1,23201.51953,1388.290039,98.91000366,15.97999954
1,23461.7207,1388.859985,99.94000244,15.47999954
0,23542.51953,1392.52002,100.0299988,16.71999931
0,23434.38086,1391.51001,98.69000244,20.37999916
1,23378.93945,1390.180054,98.77999878,17.52000046
1,23660.58984,1383.589966,98.77999878,17.85000038
1,23447.35938,1386.579956,98.18000031,16.77000046
1,24003.76953,1384.390015,98.40000153,16.56999969
0,24021.25977,1384.969971,98.18000031,15.14999962
0,24135.5,1387.810059,98.51999664,16.25
0,24158.35938,1389.790039,98.09999847,14.72999954
1,24370.01953,1383.089966,97.83999634,14.48999977
1,24238.09961,1378.780029,98.25,14.82999992
0,24482.51953,1387.97998,98.16999817,14.98999977
0,24353.5,1386.910034,98.26999664,15.56999969
0,23625.43945,1391.339966,98.22000122,15.68999958
1,23962.13086,1396.910034,98.62000275,16.60000038
1,23764.4707,1399.609985,97.72000122,14.22000027
1,24277.38086,1382.890015,98.43000031,14.78999996
0,24305.09961,1389.050049,98.23000336,14.61999989
1,24519.90039,1393.949951,98.23000336,14.85000038
1,24236.44922,1392.75,97.80999756,14.43000031
0,24233.09961,1384.410034,97.76999664,15.35999966
0,24071.73047,1388.839966,97.76999664,15.35999966
1,24016.7793,1392.939941,98.40000153,17.17000008
1,24100.30078,1394.569946,98.13999939,16.35000038
1,24179.84961,1389.630005,98.34999847,15.30000019
1,24494.58008,1392.060059,97.76999664,15.18000031
1,24547.38086,1385.51001,97.44999695,15.10999966
1,24855.17969,1385.719971,97.79000092,15.03999996
1,25192.58984,1387.25,97.77999878,15.35000038
1,25215.71094,1387.199951,97.54000092,14.71000004
1,25474.64063,1389.5,97.55000305,14.76000023
1,25357.16016,1393.699951,97.30000305,15.68999958
1,25629.64063,1385.01001,96.62999725,16.36000061
0,25438.25,1377.640015,96.87000275,15.72000027
1,25769.35938,1378.689941,97.34999847,15.69999981
0,25578.36914,1386.75,97.63999939,15.44999981
1,25880.59961,1396.22998,97.33000183,16.10000038
1,26247.36914,1389.390015,97.26000214,16.63999939
0,26196.73047,1391.849976,97.87000275,16.18000031
0,26023.84961,1403.650024,98.55000305,16.73999977
0,25580.32031,1408.920044,98.15000153,15.28999996
1,25580.32031,1408.709961,97.91000366,16.12000084
0,25820.53906,1399.329956,97.76999664,16.28000069
1,25982.91016,1403.150024,97.70999908,16.29000092
1,26378.39063,1401.819946,97.84999847,16.62999916
1,27301.91992,1421.51001,98.98000336,21.65999985
0,26923.41992,1429.030029,99.26999664,19.03000069
0,26793.15039,1426.069946,99.05000305,20.80999947
1,27275.71094,1429.430054,98.79000092,20.63999939
1,27647.86914,1420.089966,98.38999939,25.30999947
1,27302.36914,1415.719971,98.43000031,20.78000069
1,27688.63086,1419.73999,98.58999634,18.22999954
1,27752.41016,1419.73999,98.93000031,17.87000084
1,27648.91016,1430.73999,98.90000153,18.60000038
0,27532.25977,1430.400024,98.94000244,17.29999924
1,27532.25977,1435.839966,98.94999695,16.37000084
1,27993.63086,1436.969971,98.77999878,15.78999996
0,27949.10938,1430.969971,98.69000244,16.42000008
1,28294.74023,1425.969971,99.22000122,16.92000008
1,28287.5293,1424.01001,99.52999878,16.90999985
1,28233.34961,1424.02002,99.80000305,17.44000053
1,28334.58984,1427.170044,99.87000275,17.17000008
0,28116.56055,1428.969971,100.2200012,19.0
0,27717.06055,1439.810059,100.1999969,18.01000023
1,27899.44922,1439.73999,99.73000336,19.5
0,27651.41016,1447.900024,99.59999847,19.07999992
1,27869.50977,1454.0,99.62000275,17.60000038
1,27784.94922,1456.089966,99.45999908,17.28000069
1,27947.08984,1459.839966,99.48000336,17.51000023
1,27903.56055,1468.02002,99.18000031,20.0
0,27397.5,1468.709961,99.26999664,19.82999992
1,27447.31055,1446.530029,99.58999634,22.37999916
0,26756.11914,1461.689941,99.55000305,24.69000053
0,26580.11914,1456.550049,100.2300034,23.65999985
1,27426.35938,1466.130005,100.1600037,26.42000008
0,26434.93945,1473.25,100.1800003,23.43000031
0,26504.24023,1467.72998,100.1399994,20.52000046
1,26912.16992,1474.859985,99.66000366,18.55999947
1,27409.53906,1464.920044,99.59999847,17.19000053
1,27554.5293,1470.589966,99.59999847,17.19000053
0,27626.48047,1461.400024,99.45999908,16.35000038
0,27342.5293,1465.619995,99.41000366,17.23999977
1,27564.26953,1470.170044,99.36000061,16.59000015
1,27793.03906,1467.359985,98.84999847,16.07999992
0,27795.71094,1465.030029,98.98999786,15.77999973
1,27980.89063,1472.380005,98.98999786,15.40999985
1,28303.7793,1471.810059,99.08999634,16.65999985
0,28182.59961,1468.51001,99.22000122,16.93000031
0,28400.73047,1467.930054,98.79000092,15.77000046
0,28024.75,1469.040039,98.34999847,14.85000038
1,28198.01953,1470.849976,98.40000153,15.73999977
0,27866.93945,1472.910034,98.15000153,16.5
0,27536.66016,1467.47998,98.15000153,16.47999954
1,27525.16992,1471.73999,98.37000275,17.62000084
0,27468.5293,1474.0,98.43000031,16.87000084
1,27696.34961,1474.359985,98.59999847,14.90999985
1,28149.64063,1473.719971,98.29000092,14.07999992
1,28310.4707,1476.839966,97.94000244,14.0
0,28371.98047,1478.670044,97.98000336,13.47000027
1,28556.01953,1446.52002,98.01999664,13.60000038
1,28810.89063,1441.329956,98.04000092,14.19999981
0,28707.13086,1434.709961,98.23999786,14.32999992
1,29349.81055,1443.640015,98.41999817,14.51000023
1,30105.03906,1440.47998,98.26999664,14.89999962
1,30576.30078,1445.560059,98.58000183,14.75
1,30435.4707,1444.959961,98.68000031,15.38000011
1,30360.55078,1446.140015,98.93000031,15.44999981
1,30288.96094,1450.079956,99.12999725,14.48999977
1,30567.28906,1455.23999,98.86000061,15.11999989
1,30707.2207,1464.930054,99.12999725,15.97999954
1,30941.7793,1473.01001,99.12999725,16.75
1,30810.58008,1462.900024,99.31999969,15.84000015
1,31408.69922,1468.839966,99.38999939,15.85999966
1,31639.28906,1471.579956,99.38999939,15.85999966
0,31759.99023,1471.52002,98.63999939,20.09000015
1,31246.36914,1477.780029,98.76000214,16.89999962
1,31746.08008,1464.829956,98.36000061,15.64000034
1,31961.50977,1463.26001,97.59999847,16.09000015
0,32064.51953,1444.810059,97.04000092,16.14999962
1,32317.91992,1440.97998,96.22000122,16.35000038
1,32803.82031,1432.51001,96.44999695,16.35000038
1,32536.26953,1429.27002,96.27999878,16.87999916
1,32063.75,1428.76001,96.98999786,17.44000053
0,31624.0293,1448.800049,97.61000061,16.34000015
1,32195.35938,1452.540039,97.44000244,18.0
1,32289.81055,1446.680054,97.62000275,18.63999939
0,31801.26953,1460.109985,97.81999969,21.77000046
0,31782.91992,1470.680054,97.62999725,20.37000084
1,32404.61914,1462.400024,96.81999969,17.36000061
1,33072.96875,1458.540039,96.80000305,17.79000092
1,33605.71094,1455.329956,96.83000183,17.64999962
1,33605.71094,1444.189941,96.93000031,20.81999969
0,33605.71094,1440.900024,96.87999725,20.60000038
1,33605.71094,1440.160034,97.93000031,20.22999954
1,33605.71094,1447.75,97.80000305,19.09000015
1,33773.26172,1443.439941,97.69999695,21.01000023
1,34700.82031,1442.199951,97.87999725,19.54999924
1,35413.07031,1439.98999,97.69999695,17.93000031
1,35414.48828,1426.930054,97.79000092,18.62999916
0,35414.48828,1432.319946,97.61000061,19.86000061
0,34323.64844,1452.27002,99.05000305,23.56999969
0,32828.87891,1483.069946,98.76999664,21.14999962
1,33672.94141,1460.75,99.31999969,23.75
1,33599.53906,1479.51001,98.98999786,29.48999977
0,32110.41992,1483.890015,99.18000031,25.5
1,32771.87109,1464.469971,98.83000183,24.93000031
1,34114.19141,1472.780029,99.23000336,24.22999954
0,33581.85938,1475.339966,99.73999786,27.29000092
0,33400.32031,1470.579956,100.3600006,27.19000053
1,33342.51172,1501.75,99.70999908,23.51000023
1,33836.57031,1488.910034,99.58000183,22.37000084
1,34348.57813,1484.869995,100.0899963,25.09000015
0,33689.67969,1505.25,99.23000336,24.05999947
1,33543.87891,1489.839966,99.65000153,26.78000069
0,32722.5,1504.209961,98.94999695,26.14999962
1,32612.24023,1485.359985,99.43000031,26.95000076
1,33439.10938,1497.310059,99.59999847,25.32999992
0,33337.62109,1500.969971,99.90000153,27.44000053
0,33112.58984,1508.359985,100.1500015,31.04999924
0,32518.16016,1507.02002,100.5100021,30.61000061
0,31722.99023,1516.130005,99.95999908,25.25
1,33174.82031,1503.329956,99.65000153,24.54000092
0,32572.42969,1512.089966,100.0299988,23.87000084
1,32572.42969,1509.219971,100.0299988,23.87000084
1,32572.42969,1509.26001,99.98000336,24.17000008
1,33229.82031,1507.849976,99.63999939,25.78000069
1,34761.37891,1499.130005,99.12999725,21.04000092
0,34861.16016,1477.599976,98.81999969,19.48999977
1,35417.82813,1473.280029,98.65000153,19.22999954
0,35457.28906,1482.180054,98.37000275,19.12000084
1,36296.12109,1476.839966,98.12000275,18.36000061
1,36722.14063,1469.420044,98.05999756,18.17000008
1,37132.01953,1474.060059,98.22000122,17.94000053
0,36804.33984,1477.920044,98.09999847,17.47999954
1,36958.80078,1465.150024,98.05000305,18.87000084
1,37605.10938,1469.26001,98.41000366,19.5
1,37878.46875,1485.800049,98.58999634,18.92000008
1,37714.14844,1477.959961,98.80000305,19.30999947
0,38932.39844,1479.949951,98.51000214,18.70999908
1,39616.62891,1474.689941,98.48000336,18.02000046
1,39521.73047,1473.0,98.62000275,17.82999992
1,39303.5,1471.98999,98.91999817,18.80999947
0,38926.62891,1487.380005,98.08000183,16.88999939
1,40705.14063,1471.72998,98.47000122,18.29000092
1,41138.85156,1473.959961,98.01999664,17.38999939
1,41933.78125,1444.449951,98.25,17.07999992
1,41603.94141,1454.790039,97.83999634,17.19000053
1,41790.05859,1460.550049,97.94000244,18.37999916
0,41898.32031,1474.449951,98.29000092,17.98999977
1,41374.5,1492.98999,98.48000336,17.87000084
1,41751.75,1489.839966,98.87999725,17.26000023
