Date,Target,US_Interest_Rate_10Y__diff1,US_Interest_Rate_3Y__diff1,KR_Interest_Rate_10Y__diff1,KR_Interest_Rate_3Y__diff1,US_Spread_10Y_3Y__diff1,KR_Spread_10Y_3Y__diff1
2023-05-02,1,,,,,,
2023-05-03,0,-0.06000000000000005,-0.0899999999999998,-0.048,-0.0539999999999998,0.03,0.0060000429999999
2023-05-04,0,-0.009999999999999787,-0.1099999999999998,-0.0459999999999998,-0.0710000000000001,0.1,0.025000097
2023-05-08,1,0.1499999999999999,0.2299999999999999,0.032,0.0510000000000001,-0.0799999999999999,-0.019000055
2023-05-09,0,0.009999999999999787,-0.0300000000000002,0.008,-0.0050000000000003,0.0399999999999999,0.0130000109999999
2023-05-10,0,-0.09999999999999964,-0.1200000000000001,0.0230000000000001,0.0170000000000003,0.02,0.006000044
2023-05-11,0,-0.040000000000000036,0.0100000000000002,-0.0490000000000003,-0.0529999999999999,-0.05,0.00399995
2023-05-12,0,0.06999999999999984,0.0899999999999998,-0.0179999999999997,0.0049999999999998,-0.0199999999999999,-0.023000005
2023-05-15,1,0.040000000000000036,0.02,0.0579999999999998,0.0539999999999998,0.0199999999999999,0.0039999479999999
2023-05-16,1,0.040000000000000036,0.0700000000000002,-0.0289999999999999,-0.0369999999999999,-0.03,0.0079998969999999
2023-05-17,1,0.029999999999999805,0.0599999999999996,0.016,0.032,-0.03,-0.0159997939999999
2023-05-18,1,0.08000000000000007,0.1400000000000001,0.048,0.0419999999999998,-0.0599999999999999,0.006000044
2023-05-19,1,0.050000000000000266,0.04,0.052,0.024,0.0099999999999999,0.027999876
2023-05-22,1,0.020000000000000018,0.0,-0.0209999999999999,-0.0189999999999996,0.02,-0.002000096
2023-05-23,1,-0.020000000000000018,0.0100000000000002,0.0749999999999997,0.052,-0.0299999999999999,0.02300024
2023-05-24,0,0.029999999999999805,0.0499999999999998,0.0289999999999999,0.0049999999999998,-0.02,0.02399993
2023-05-25,0,0.10000000000000009,0.1699999999999999,0.0950000000000002,0.1019999999999998,-0.07,-0.007000205
2023-05-26,1,-0.03000000000000025,0.0200000000000004,0.0419999999999998,0.044,-0.0499999999999999,-0.0019998549999999
2023-05-30,1,-0.10999999999999988,-0.1300000000000007,0.012,0.036,0.02,-0.02399993
2023-05-31,0,-0.04999999999999982,-0.0599999999999996,-0.1189999999999997,-0.1009999999999999,0.0099999999999999,-0.0180001259999999
2023-06-01,0,-0.03000000000000025,-0.06,0.0169999999999999,0.0190000000000001,0.03,-0.001999854
2023-06-02,1,0.08000000000000007,0.1499999999999999,-0.0539999999999998,-0.0420000000000002,-0.07,-0.0120003229999999
2023-06-05,1,0.0,-0.0300000000000002,0.0659999999999998,0.0659999999999998,0.03,2.379999999996274e-07
2023-06-07,1,0.10000000000000009,0.1100000000000003,-0.0390000000000001,-0.0309999999999996,-0.01,-0.007999895
2023-06-08,0,-0.06000000000000005,-0.04,0.1100000000000003,0.072,-0.02,0.03799987
2023-06-09,1,0.020000000000000018,0.0600000000000005,-0.0190000000000001,-0.0370000000000003,-0.0399999999999999,0.0179998839999999
2023-06-12,0,-0.020000000000000018,-0.0700000000000002,-0.0369999999999999,-0.0129999999999999,0.0499999999999999,-0.0239999289999999
2023-06-13,1,0.10999999999999988,0.1399999999999996,0.0019999999999997,-0.0089999999999998,-0.03,0.0110001549999999
2023-06-14,0,-0.009999999999999787,0.0700000000000002,0.0569999999999999,0.0609999999999999,-0.08,-0.004000186
2023-06-15,0,-0.10999999999999988,-0.1399999999999996,0.0500000000000002,0.0809999999999999,0.03,-0.0309998989999999
2023-06-16,1,0.04999999999999982,0.0899999999999998,-0.028,-0.0409999999999999,-0.04,0.013000015
2023-06-19,0,0.0,0.0,-0.024,-0.0019999999999997,0.0,-0.022000078
2023-06-20,0,-0.029999999999999805,-0.0300000000000002,0.0089999999999998,-0.016,0.0,0.025000098
2023-06-21,0,-0.020000000000000018,0.0,-0.0209999999999999,0.004,-0.0199999999999999,-0.025000098
2023-06-22,1,0.07999999999999963,0.08,0.0259999999999998,0.0209999999999999,0.0,0.0050001149999999
2023-06-23,0,-0.05999999999999961,-0.0499999999999998,0.016,0.0169999999999999,-0.01,-0.0009999269999999
2023-06-26,1,-0.020000000000000018,-0.0200000000000004,-0.0519999999999996,-0.0409999999999999,0.0,-0.011000157
2023-06-27,0,0.04999999999999982,0.08,-0.008,-0.0300000000000002,-0.03,0.021999837
2023-06-28,0,-0.06000000000000005,-0.0599999999999996,0.008,0.0190000000000001,0.0,-0.0109996799999999
2023-06-29,0,0.14000000000000012,0.1699999999999999,0.0149999999999996,0.0270000000000001,-0.03,-0.012000323
2023-06-30,1,-0.040000000000000036,0.0,0.0489999999999999,0.0779999999999998,-0.04,-0.028999806
2023-07-03,1,0.04999999999999982,0.0699999999999994,-0.0679999999999996,-0.0489999999999999,-0.0199999999999999,-0.018999815
2023-07-04,0,0.0,0.0,0.016,0.0060000000000002,0.0,0.009999753
2023-07-05,0,0.0900000000000003,0.0300000000000002,0.0209999999999999,-0.0010000000000003,0.0599999999999999,0.022000074
2023-07-06,0,0.09999999999999964,0.0899999999999998,0.0689999999999999,0.0580000000000002,0.01,0.010999917
2023-07-07,0,0.009999999999999787,-0.04,0.048,0.0589999999999997,0.05,-0.010999917
2023-07-10,0,-0.04999999999999982,-0.0999999999999996,0.1019999999999998,0.06,0.0499999999999999,0.041999817
2023-07-11,1,-0.019999999999999574,-0.0200000000000004,-0.1049999999999999,-0.092,0.0,-0.01300001
2023-07-12,1,-0.13000000000000034,-0.1599999999999992,-0.0020000000000002,0.0010000000000003,0.03,-0.0029997839999999
2023-07-13,1,-0.10000000000000009,-0.1500000000000003,-0.0989999999999997,-0.1020000000000003,0.0499999999999999,0.0030000209999999
2023-07-14,1,0.07000000000000028,0.1399999999999996,0.028,0.012,-0.07,0.015999793
2023-07-17,0,-0.020000000000000018,-0.0099999999999997,-0.0249999999999999,-0.0029999999999996,-0.01,-0.0219998349999999
2023-07-18,0,-0.010000000000000231,0.0099999999999997,-0.0090000000000003,-0.0150000000000001,-0.02,0.0060000419999999
2023-07-19,1,-0.04999999999999982,-0.0099999999999997,-0.0759999999999996,-0.0529999999999999,-0.0399999999999999,-0.023000002
2023-07-20,0,0.10000000000000009,0.0899999999999998,0.0309999999999996,0.0379999999999998,0.01,-0.007000208
2023-07-21,1,-0.010000000000000231,0.0100000000000006,0.0300000000000002,0.0209999999999999,-0.02,0.009000063
2023-07-24,1,0.020000000000000018,0.04,0.004,0.0150000000000001,-0.02,-0.010999918
2023-07-25,1,0.050000000000000266,0.0499999999999998,0.044,0.028,0.0,0.016000032
2023-07-26,0,-0.050000000000000266,-0.0600000000000005,-0.0260000000000002,-0.0180000000000002,0.01,-0.008000135
2023-07-27,1,0.1499999999999999,0.1100000000000003,-0.0209999999999999,-0.0399999999999995,0.04,0.019000291
2023-07-28,1,-0.04999999999999982,-0.0600000000000005,0.0910000000000001,0.0479999999999996,0.0099999999999998,0.042999745
2023-07-31,1,0.010000000000000231,-0.0099999999999997,0.0329999999999999,0.0460000000000002,0.02,-0.013000015
2023-08-01,1,0.07999999999999963,0.0600000000000005,-0.0340000000000002,-0.0340000000000002,0.02,0.0
2023-08-02,0,0.03000000000000025,-0.0300000000000002,0.0660000000000002,0.0300000000000002,0.06,0.0360000199999999
2023-08-03,0,0.1200000000000001,0.04,0.068,0.0369999999999999,0.08,0.03100013
2023-08-04,0,-0.15000000000000036,-0.1299999999999999,0.0149999999999996,0.024,-0.02,-0.00900006
2023-08-07,0,0.040000000000000036,-0.0099999999999997,-0.0619999999999998,-0.0489999999999999,0.05,-0.01300001
2023-08-08,0,-0.07000000000000028,-0.08,-0.0739999999999998,-0.0420000000000002,0.0099999999999999,-0.0320000649999999
2023-08-09,1,-0.019999999999999574,0.0499999999999998,0.0339999999999998,0.0250000000000003,-0.0699999999999999,0.0090000649999999
2023-08-10,0,0.08999999999999986,0.0599999999999996,0.012,0.0149999999999996,0.0299999999999999,-0.0030000199999999
2023-08-11,0,0.07000000000000028,0.0899999999999998,0.0379999999999998,0.0110000000000001,-0.02,0.02699995
2023-08-14,0,0.03000000000000025,0.08,0.0649999999999999,0.0489999999999999,-0.0499999999999999,0.01600003
2023-08-16,0,0.08999999999999986,0.04,-0.0219999999999997,-0.0349999999999997,0.0499999999999999,0.0130002499999999
2023-08-17,0,0.019999999999999574,-0.0099999999999997,0.1089999999999999,0.0759999999999996,0.03,0.0329997499999999
2023-08-18,0,-0.040000000000000036,-0.04,-0.0619999999999998,-0.0589999999999997,0.0,-0.0030000199999999
2023-08-21,1,0.08000000000000007,0.0700000000000002,0.0589999999999997,0.0659999999999998,0.01,-0.0069999699999999
2023-08-22,1,0.0,0.0499999999999998,0.0130000000000003,0.0070000000000001,-0.0499999999999999,0.0060000499999999
2023-08-23,0,-0.14999999999999947,-0.1100000000000003,-0.0660000000000002,-0.0310000000000001,-0.04,-0.03499985
2023-08-24,1,0.040000000000000036,0.0500000000000007,-0.0419999999999998,-0.012,-0.01,-0.0300002099999999
2023-08-25,0,0.019999999999999574,0.0299999999999993,0.0569999999999999,0.0300000000000002,-0.0099999999999999,0.02699995
2023-08-28,1,-0.04999999999999982,-0.0299999999999993,-0.0630000000000001,-0.0300000000000002,-0.02,-0.032999994
2023-08-29,1,-0.08000000000000007,-0.1300000000000007,-0.028,-0.0189999999999996,0.0499999999999999,-0.008999826
2023-08-30,1,0.0,0.0100000000000006,0.0060000000000002,-0.008,-0.01,0.0139996999999999
2023-08-31,0,-0.03000000000000025,-0.0300000000000002,-0.0289999999999999,-0.0210000000000003,0.0,-0.0079996599999999
2023-09-01,1,0.08999999999999986,0.0300000000000002,-0.0430000000000001,-0.0219999999999997,0.06,-0.020999905
2023-09-04,1,0.0,0.0,0.0779999999999998,0.0489999999999999,0.0,0.028999805
2023-09-05,0,0.08999999999999986,0.08,0.0300000000000002,0.0270000000000001,0.01,0.0029997799999999
2023-09-06,0,0.03000000000000025,0.08,0.0069999999999996,0.0,-0.0499999999999999,0.00699997
2023-09-07,0,-0.03000000000000025,-0.0700000000000002,0.076,0.0819999999999998,0.0399999999999999,-0.00599956
2023-09-08,0,-0.009999999999999787,0.0199999999999995,-0.0739999999999998,-0.052,-0.0299999999999999,-0.022000315
2023-09-11,1,0.03000000000000025,-0.04,0.0659999999999998,0.0700000000000002,0.07,-0.003999949
2023-09-12,0,-0.020000000000000462,0.0200000000000004,0.004,-0.0020000000000002,-0.04,0.0060000439999999
2023-09-13,0,-0.019999999999999574,-0.0200000000000004,-0.016,-0.0099999999999997,0.0,-0.0060000439999999
2023-09-14,1,0.040000000000000036,0.04,-0.032,-0.0170000000000003,0.0,-0.014999866
2023-09-15,1,0.040000000000000036,0.04,0.0110000000000001,0.0140000000000002,0.0,-0.0030000199999999
2023-09-18,0,-0.009999999999999787,0.0200000000000004,0.0540000000000002,0.0409999999999999,-0.0299999999999999,0.0130000099999999
2023-09-19,0,0.04999999999999982,0.0499999999999998,-0.0300000000000002,-0.004,0.0,-0.0260002599999999
2023-09-20,1,-0.020000000000000462,0.0300000000000002,0.0110000000000001,0.0030000000000001,-0.0499999999999999,0.008000134
2023-09-21,0,0.14000000000000057,0.0299999999999993,0.0679999999999996,0.04,0.1099999999999999,0.0280001159999999
2023-09-22,0,-0.04999999999999982,-0.0499999999999998,-0.0299999999999993,-0.0540000000000002,0.0,0.02399993
2023-09-25,0,0.10999999999999943,0.0300000000000002,0.0109999999999992,0.0,0.0799999999999999,0.01100016
2023-09-26,0,0.009999999999999787,0.0099999999999997,0.0420000000000007,0.0150000000000001,0.0,0.0269997099999999
2023-09-27,1,0.05000000000000071,0.0499999999999998,-0.024,-0.0070000000000001,0.0,-0.0169997199999999
2023-10-04,0,0.1200000000000001,-0.04,0.3209999999999997,0.2239999999999997,0.16,0.09699988
2023-10-05,0,-0.010000000000000675,-0.0299999999999993,-0.0289999999999999,-0.0269999999999992,0.0199999999999999,-0.0019998499999999
2023-10-06,1,0.0600000000000005,0.0499999999999998,-0.0819999999999998,-0.0660000000000007,0.01,-0.01600028
2023-10-10,0,-0.1200000000000001,-0.1299999999999999,-0.0209999999999999,-0.0179999999999997,0.0099999999999999,-0.0030000199999999
2023-10-11,1,-0.08000000000000007,-0.0099999999999997,-0.0769999999999999,-0.044,-0.0699999999999999,-0.03299975
2023-10-12,1,0.1200000000000001,0.0899999999999998,-0.0410000000000003,-0.0209999999999999,0.03,-0.0200002199999999
2023-10-13,0,-0.07000000000000028,-0.0200000000000004,0.0679999999999996,0.0249999999999999,-0.05,0.04300022
2023-10-16,0,0.08000000000000007,0.0700000000000002,0.0220000000000002,0.016,0.01,0.0059998099999999
2023-10-17,1,0.1200000000000001,0.1399999999999996,0.0330000000000003,0.0180000000000002,-0.0199999999999999,0.0150000999999999
2023-10-18,1,0.08000000000000007,0.0200000000000004,0.0629999999999997,0.0399999999999995,0.06,0.0229999999999999
2023-10-19,0,0.07000000000000028,-0.0200000000000004,0.0750000000000001,0.0390000000000005,0.09,0.03599978
2023-10-20,0,-0.05000000000000071,-0.08,-0.0350000000000001,-0.0369999999999999,0.03,0.0020003299999999
2023-10-23,0,-0.0699999999999994,-0.04,0.0469999999999997,0.0219999999999993,-0.03,0.0250000899999999
2023-10-24,1,-0.03000000000000025,0.0200000000000004,-0.1049999999999995,-0.0510000000000001,-0.05,-0.0540003699999999
2023-10-25,0,0.1200000000000001,0.0700000000000002,0.0119999999999995,0.0340000000000006,0.05,-0.02199984
2023-10-26,0,-0.08999999999999986,-0.0900000000000007,0.1110000000000006,0.0659999999999998,0.0,0.0450000699999999
2023-10-27,1,-0.020000000000000462,-0.0499999999999998,-0.1120000000000001,-0.0309999999999996,0.03,-0.0809998399999999
2023-10-30,1,0.040000000000000036,0.0300000000000002,0.032,0.016,0.01,0.01599931
2023-10-31,0,0.0,0.0300000000000002,0.0129999999999999,-0.0040000000000004,-0.03,0.0170001999999999
2023-11-01,1,-0.11000000000000032,-0.1400000000000005,-0.0369999999999999,-0.0140000000000002,0.03,-0.02299976
2023-11-02,1,-0.09999999999999964,0.0200000000000004,-0.1200000000000001,-0.0919999999999996,-0.12,-0.02799988
2023-11-03,1,-0.09999999999999964,-0.1600000000000001,-0.0629999999999997,-0.0300000000000002,0.06,-0.0329999899999999
2023-11-06,1,0.09999999999999964,0.0999999999999996,-0.0490000000000003,-0.072,0.0,0.0229999999999999
2023-11-07,0,-0.08999999999999986,-0.08,-0.0010000000000003,0.0100000000000002,-0.0099999999999999,-0.0110003999999999
2023-11-08,0,-0.08999999999999986,0.0100000000000006,-0.0329999999999994,-0.0190000000000001,-0.1,-0.01399994
2023-11-09,1,0.1299999999999999,0.1199999999999992,-0.0770000000000004,-0.0209999999999999,0.01,-0.0559997499999999
2023-11-10,0,-0.009999999999999787,0.0300000000000002,0.024,0.0150000000000001,-0.04,0.0090000599999999
2023-11-13,0,0.019999999999999574,0.0,0.036,0.0149999999999996,0.0199999999999999,0.0209999099999999
2023-11-14,1,-0.1899999999999995,-0.2400000000000002,-0.0249999999999999,-0.0199999999999995,0.05,-0.0050001099999999
2023-11-15,1,0.08999999999999986,0.1200000000000001,-0.165,-0.1129999999999999,-0.03,-0.05199981
2023-11-16,1,-0.08000000000000007,-0.0899999999999998,-0.016,-0.0430000000000001,0.0099999999999999,0.02699995
2023-11-17,0,-0.009999999999999787,0.0499999999999998,-0.0030000000000001,-0.02,-0.06,0.0169999599999999
2023-11-20,1,-0.020000000000000462,-0.0199999999999995,-0.0409999999999999,-0.0140000000000002,0.0,-0.0269999499999999
2023-11-21,1,-0.009999999999999787,-0.0200000000000004,-0.0289999999999999,-0.0229999999999996,0.01,-0.0060000399999999
2023-11-22,1,0.009999999999999787,0.0200000000000004,0.036,0.0219999999999997,-0.01,0.0140001749999999
2023-11-23,1,0.0,0.0,-0.0499999999999998,-0.0219999999999997,0.0,-0.0280003549999999
2023-11-24,0,0.04999999999999982,0.0499999999999998,0.0669999999999997,0.0329999999999999,0.0,0.0340001599999999
2023-11-27,0,-0.08000000000000007,-0.0700000000000002,-0.012,0.012,-0.0099999999999999,-0.0239999299999999
2023-11-28,1,-0.04999999999999982,-0.1099999999999994,-0.0409999999999999,-0.0409999999999999,0.06,0.0
2023-11-29,0,-0.07000000000000028,-0.0899999999999998,-0.0849999999999999,-0.0940000000000003,0.0199999999999999,0.0090000599999999
2023-11-30,1,0.10000000000000053,0.08,0.0579999999999998,0.0290000000000003,0.02,0.02899981
2023-12-01,0,-0.15000000000000036,-0.1700000000000008,0.0,0.004,0.02,-0.00399995
2023-12-04,1,0.0600000000000005,0.0900000000000007,-0.0729999999999999,-0.056,-0.03,-0.0169999599999999
2023-12-05,0,-0.10000000000000053,-0.0700000000000002,-0.0469999999999997,-0.0470000000000001,-0.03,0.0
2023-12-06,1,-0.05999999999999961,0.0,-0.0460000000000002,-0.0209999999999999,-0.06,-0.0250000999999999
2023-12-07,0,0.019999999999999574,-0.0200000000000004,0.0430000000000001,0.048,0.0399999999999999,-0.00499987
2023-12-08,1,0.09000000000000075,0.1400000000000005,-0.0420000000000002,-0.0500000000000002,-0.0499999999999999,0.007999894
2023-12-11,1,0.0,-0.0300000000000002,0.032,0.0190000000000001,0.03,0.0130000119999999
2023-12-12,1,-0.03000000000000025,0.0,-0.0389999999999997,-0.0339999999999998,-0.03,-0.0050001159999999
2023-12-13,0,-0.16000000000000014,-0.2400000000000002,-0.0020000000000002,0.0189999999999996,0.0799999999999999,-0.0209996699999999
2023-12-14,1,-0.1200000000000001,-0.0899999999999998,-0.193,-0.2069999999999998,-0.03,0.01399994
2023-12-15,1,-0.009999999999999787,0.04,0.0260000000000002,0.0230000000000001,-0.0499999999999999,0.0030000199999999
2023-12-18,1,0.040000000000000036,0.0200000000000004,-0.0220000000000002,-0.004,0.0199999999999999,-0.0180001249999999
2023-12-19,1,-0.020000000000000018,0.0,-0.008,0.0189999999999996,-0.0199999999999999,-0.02699995
2023-12-20,1,-0.07000000000000028,-0.0900000000000007,-0.048,-0.0639999999999996,0.0199999999999999,0.0159997949999999
2023-12-21,0,0.03000000000000025,0.0,0.0170000000000003,0.004,0.03,0.01300001
2023-12-22,0,0.009999999999999787,-0.0199999999999995,0.004,-0.0020000000000002,0.03,0.0060002799999999
2023-12-26,1,-0.009999999999999787,0.0099999999999997,-0.0300000000000002,-0.0129999999999999,-0.0199999999999999,-0.0170001979999999
2023-12-27,1,-0.10000000000000009,-0.0799999999999996,-0.0110000000000001,-0.0009999999999998,-0.0199999999999999,-0.009999992
2023-12-28,1,0.04999999999999982,0.0499999999999993,-0.0769999999999999,-0.0660000000000002,0.0,-0.010999916
2024-01-02,1,0.11000000000000032,0.0700000000000002,0.1230000000000002,0.0860000000000003,0.0399999999999999,0.0369999409999999
2024-01-03,0,-0.040000000000000036,-0.0199999999999995,0.032,0.0379999999999998,-0.0199999999999999,-0.0060000419999999
2024-01-04,0,0.08000000000000007,0.0699999999999994,-0.0500000000000002,-0.0510000000000001,0.01,0.001000167
2024-01-05,0,0.05999999999999961,0.0300000000000002,0.056,0.056,0.03,0.0
2024-01-08,0,-0.040000000000000036,-0.0599999999999996,0.0,0.0140000000000002,0.0199999999999999,-0.01399994
2024-01-09,0,0.009999999999999787,-0.0200000000000004,-0.0209999999999999,-0.0420000000000002,0.03,0.02099967
2024-01-10,0,0.020000000000000462,0.0099999999999997,0.0230000000000001,0.0140000000000002,0.01,0.0090000599999999
2024-01-11,0,-0.06000000000000005,-0.08,-0.0390000000000001,-0.0420000000000002,0.0199999999999999,0.00300002
2024-01-12,0,-0.020000000000000018,-0.0999999999999996,-0.0009999999999998,-0.0229999999999996,0.08,0.0220000799999999
2024-01-15,1,0.0,0.0,-0.0129999999999999,-0.0130000000000003,0.0,0.0
2024-01-16,0,0.11000000000000032,0.0999999999999996,0.0289999999999999,0.044,0.01,-0.0149998699999999
2024-01-17,0,0.02999999999999936,0.1000000000000005,0.0470000000000001,0.0420000000000002,-0.07,0.0049998799999999
2024-01-18,1,0.040000000000000036,0.0099999999999997,0.0109999999999996,0.008,0.03,0.00300002
2024-01-19,1,0.010000000000000675,0.0499999999999998,0.0420000000000002,0.0219999999999997,-0.04,0.01999998
2024-01-22,0,-0.040000000000000036,-0.04,-0.0500000000000002,-0.0289999999999999,0.0,-0.0210001499999999
2024-01-23,1,0.02999999999999936,0.0200000000000004,0.0,0.008,0.0099999999999999,-0.007999894
2024-01-24,0,0.040000000000000036,0.0300000000000002,0.028,0.0139999999999997,0.01,0.014000174
2024-01-25,1,-0.040000000000000036,-0.0700000000000002,0.0190000000000001,0.0130000000000003,0.03,0.0059998099999999
2024-01-26,1,0.010000000000000675,0.0300000000000002,-0.0329999999999999,-0.0500000000000002,-0.02,0.01699996
2024-01-29,1,-0.07000000000000028,-0.0500000000000007,0.0499999999999998,0.0409999999999999,-0.02,0.0090003
2024-01-30,0,-0.020000000000000462,0.04,-0.0859999999999998,-0.036,-0.06,-0.05000019
2024-01-31,0,-0.0699999999999994,-0.0899999999999998,-0.0049999999999998,-0.0069999999999996,0.02,0.0020000899999999
2024-02-01,1,-0.1200000000000001,-0.0899999999999998,-0.0060000000000002,0.0059999999999997,-0.03,-0.0120000799999999
2024-02-02,1,0.16000000000000014,0.1799999999999997,-0.052,-0.0189999999999996,-0.02,-0.032999996
2024-02-05,0,0.13999999999999968,0.1299999999999999,0.0870000000000001,0.0639999999999996,0.0099999999999999,0.023000002
2024-02-06,0,-0.08000000000000007,-0.1299999999999999,0.008,-0.02,0.05,0.027999878
2024-02-07,1,0.0,0.0200000000000004,-0.004,-0.0059999999999997,-0.02,0.0020000959999999
2024-02-08,1,0.0600000000000005,0.0599999999999996,0.0219999999999997,0.0190000000000001,0.0,0.00300002
2024-02-13,1,0.15999999999999925,0.2200000000000006,0.0529999999999999,0.048,-0.06,0.00500011
2024-02-14,0,-0.040000000000000036,-0.0600000000000005,0.0489999999999999,0.0719999999999996,0.02,-0.023
2024-02-15,0,-0.02999999999999936,-0.0199999999999995,-0.0249999999999999,-0.02,-0.0099999999999999,-0.0050001099999999
2024-02-16,1,0.05999999999999961,0.0699999999999994,0.0050000000000003,0.0,-0.01,0.0050001099999999
2024-02-19,1,0.0,0.0,-0.0150000000000001,-0.008,0.0,-0.0070002099999999
2024-02-20,0,-0.03000000000000025,-0.0499999999999998,0.0219999999999997,0.008,0.02,0.01400018
2024-02-21,0,0.05000000000000071,0.0499999999999998,-0.0149999999999996,-0.0029999999999996,0.0,-0.0120000799999999
2024-02-22,1,0.009999999999999787,0.0600000000000005,-0.0500000000000002,-0.06,-0.05,0.00999999
2024-02-23,1,-0.07000000000000028,-0.04,0.044,0.032,-0.03,0.0119998399999999
2024-02-26,0,0.020000000000000462,0.0300000000000002,-0.0659999999999998,-0.0340000000000002,-0.01,-0.031999824
2024-02-27,0,0.02999999999999936,0.0199999999999995,0.028,0.024,0.01,0.0039999489999999
2024-02-28,1,-0.040000000000000036,-0.0599999999999996,0.012,-0.0049999999999998,0.0199999999999999,0.01699996
2024-02-29,0,-0.019999999999999574,-0.0100000000000006,0.0329999999999999,0.0259999999999998,-0.0099999999999999,0.0069999689999999
2024-03-04,1,-0.03000000000000025,-0.04,-0.0409999999999999,-0.0249999999999999,0.0099999999999999,-0.0159997939999999
2024-03-05,0,-0.08999999999999986,-0.0699999999999994,-0.0250000000000003,-0.0109999999999996,-0.0199999999999999,-0.014000177
2024-03-06,0,-0.019999999999999574,0.0,-0.028,-0.024,-0.0199999999999999,-0.003999949
2024-03-07,1,-0.020000000000000462,-0.04,0.0180000000000002,-0.004,0.0199999999999999,0.021999836
2024-03-08,1,0.0,-0.0300000000000002,-0.0649999999999999,-0.0500000000000002,0.03,-0.01499963
2024-03-11,0,0.009999999999999787,0.0099999999999997,0.008,0.004,0.0,0.0039997099999999
2024-03-12,1,0.0600000000000005,0.0700000000000002,-0.0070000000000001,-0.0019999999999997,-0.01,-0.0049998739999999
2024-03-13,1,0.03000000000000025,0.04,-0.004,-0.0220000000000002,-0.0099999999999999,0.018000124
2024-03-14,1,0.09999999999999964,0.0899999999999998,0.0230000000000001,0.0220000000000002,0.0099999999999999,0.0009999299999999
2024-03-15,0,0.019999999999999574,0.0499999999999998,0.056,0.0349999999999997,-0.03,0.0209999099999999
2024-03-18,1,0.03000000000000025,0.0099999999999997,0.0249999999999999,0.04,0.02,-0.0150001099999999
2024-03-19,0,-0.040000000000000036,-0.0499999999999998,0.0369999999999999,0.0350000000000001,0.0099999999999999,0.0020001
2024-03-20,1,-0.03000000000000025,-0.0599999999999996,-0.0209999999999999,-0.012,0.03,-0.0090000699999999
2024-03-21,1,0.0,0.0099999999999997,-0.04,-0.0649999999999999,-0.0099999999999999,0.0250000999999999
2024-03-22,0,-0.04999999999999982,-0.0599999999999996,-0.0489999999999999,-0.0220000000000002,0.0099999999999999,-0.0269999499999999
2024-03-25,0,0.03000000000000025,0.0299999999999993,0.008,0.0060000000000002,0.0,0.0019998499999999
2024-03-26,1,-0.009999999999999787,-0.0099999999999997,0.0269999999999996,0.0110000000000001,0.0,0.0160000359999999
2024-03-27,0,-0.040000000000000036,-0.0199999999999995,-0.0239999999999995,-0.0130000000000003,-0.0199999999999999,-0.0110001559999999
2024-03-28,0,0.0,0.04,0.0039999999999995,0.0050000000000003,-0.04,-0.0009996899999999
2024-03-29,1,0.0,0.0,0.036,0.0289999999999999,0.0,0.0069999699999999
2024-04-01,1,0.1299999999999999,0.1099999999999994,-0.032,-0.0310000000000001,0.02,-0.0009999299999999
2024-04-02,1,0.03000000000000025,0.0,0.044,0.0420000000000002,0.03,0.0019998599999999
2024-04-03,0,0.0,-0.0299999999999993,0.0270000000000001,0.008,0.03,0.01899981
2024-04-04,1,-0.05000000000000071,-0.0200000000000004,0.0049999999999998,-0.0030000000000001,-0.03,0.00800014
2024-04-05,0,0.08000000000000007,0.08,-0.024,-0.0089999999999998,0.0,-0.0149998699999999
2024-04-08,1,0.03000000000000025,0.0599999999999996,0.0550000000000001,0.0539999999999998,-0.03,0.0009999299999999
2024-04-09,0,-0.05999999999999961,-0.08,0.0150000000000001,0.008,0.0199999999999999,0.0069999699999999
2024-04-11,1,0.1999999999999993,0.25,0.0819999999999998,0.0750000000000001,-0.0499999999999999,0.00699997
2024-04-12,0,-0.05999999999999961,-0.0699999999999994,-0.0470000000000001,-0.0630000000000001,0.0099999999999999,0.0160000299999999
2024-04-15,0,0.1299999999999999,0.08,0.0230000000000001,0.0369999999999999,0.05,-0.0139999399999999
2024-04-16,0,0.040000000000000036,0.0499999999999998,0.0569999999999999,0.0289999999999999,-0.01,0.02799988
2024-04-17,0,-0.08000000000000007,-0.0600000000000005,0.0140000000000002,0.0060000000000002,-0.0199999999999999,0.0080001299999999
2024-04-18,1,0.04999999999999982,0.0600000000000005,-0.0700000000000002,-0.048,-0.01,-0.02200007
2024-04-19,0,-0.019999999999999574,-0.0200000000000004,0.0210000000000003,0.0409999999999999,0.0,-0.0199999799999999
2024-04-22,1,0.0,0.0,0.0669999999999997,0.044,0.0,0.023
2024-04-23,0,-0.009999999999999787,-0.0499999999999998,-0.0249999999999999,-0.0230000000000001,0.04,-0.00200009
2024-04-24,1,0.040000000000000036,0.0200000000000004,0.02,0.02,0.0199999999999999,0.0
2024-04-25,0,0.04999999999999982,0.0699999999999994,0.0619999999999998,0.0340000000000002,-0.0199999999999999,0.0280001099999999
2024-04-26,1,-0.03000000000000025,-0.0099999999999997,-0.0129999999999999,-0.012,-0.02,-0.0009999299999999
2024-04-29,1,-0.040000000000000036,-0.04,0.0100000000000002,0.0209999999999999,0.0,-0.01100015
2024-04-30,1,0.0600000000000005,0.0700000000000002,-0.048,-0.0230000000000001,-0.0099999999999999,-0.02500009
2024-05-02,0,-0.11000000000000032,-0.1600000000000001,-0.0180000000000002,-0.02,0.0499999999999999,0.00200009
2024-05-03,0,-0.08000000000000007,-0.08,-0.024,-0.0089999999999998,0.0,-0.0149998699999999
2024-05-07,1,-0.03000000000000025,-0.0300000000000002,-0.0779999999999998,-0.052,0.0,-0.02600002
2024-05-08,1,0.010000000000000675,0.0300000000000002,-0.0060000000000002,-0.0089999999999998,-0.0199999999999999,0.0030000199999999
2024-05-09,0,-0.03000000000000025,-0.0300000000000002,0.0260000000000002,0.0139999999999997,0.0,0.011999846
2024-05-10,1,0.04999999999999982,0.0500000000000007,-0.0180000000000002,-0.0129999999999999,0.0,-0.004999876
2024-05-13,0,-0.019999999999999574,0.0099999999999997,0.016,0.012,-0.03,0.0039999499999999
2024-05-14,1,-0.03000000000000025,-0.04,-0.008,0.0020000000000002,0.0099999999999999,-0.00999999
2024-05-16,1,-0.07000000000000028,-0.04,-0.0879999999999996,-0.0790000000000001,-0.03,-0.0090000649999999
2024-05-17,0,0.040000000000000036,0.0199999999999995,-0.004,0.004,0.02,-0.007999895
2024-05-20,1,0.020000000000000462,0.0200000000000004,0.0429999999999997,0.0329999999999999,0.0,0.00999999
2024-05-21,0,-0.03000000000000025,-0.0099999999999997,-0.0059999999999997,-0.0009999999999998,-0.02,-0.0050001199999999
2024-05-22,0,0.019999999999999574,0.0299999999999993,-0.0129999999999999,-0.0020000000000002,-0.0099999999999999,-0.010999914
2024-05-23,0,0.040000000000000036,0.0700000000000002,-0.0060000000000002,-0.0069999999999996,-0.03,0.0009999239999999
2024-05-24,0,-0.009999999999999787,0.0,0.0430000000000001,0.0209999999999999,-0.01,0.0220000799999999
2024-05-27,1,0.0,0.0,-0.0169999999999999,-0.0100000000000002,0.0,-0.0070002099999999
2024-05-28,0,0.08000000000000007,0.04,-0.0170000000000003,-0.0189999999999996,0.04,0.0020000899999999
2024-05-29,0,0.07000000000000028,0.04,0.0550000000000001,0.0309999999999996,0.03,0.02400017
2024-05-30,0,-0.0600000000000005,-0.0499999999999998,0.028,0.0150000000000001,-0.01,0.012999774
2024-05-31,1,-0.040000000000000036,-0.0499999999999998,0.0139999999999997,0.012,0.01,0.0020003359999999
2024-06-03,1,-0.09999999999999964,-0.0700000000000002,-0.0459999999999998,-0.0179999999999997,-0.03,-0.0280001199999999
2024-06-04,0,-0.08000000000000007,-0.0700000000000002,-0.0619999999999998,-0.044,-0.01,-0.01800013
2024-06-05,1,-0.040000000000000036,-0.0499999999999998,-0.04,-0.0449999999999999,0.01,0.0050001199999999
2024-06-07,1,0.13999999999999968,0.1500000000000003,-0.0450000000000003,-0.0370000000000003,-0.01,-0.00800014
2024-06-10,0,0.040000000000000036,-0.0300000000000002,0.048,0.0450000000000003,0.07,0.00300026
2024-06-11,1,-0.08000000000000007,-0.0499999999999998,-0.008,-0.012,-0.03,0.00399971
2024-06-12,1,-0.08000000000000007,-0.0899999999999998,-0.0429999999999997,-0.0340000000000002,0.0099999999999999,-0.00899982
2024-06-13,1,-0.0699999999999994,-0.0600000000000005,-0.0369999999999999,-0.0299999999999998,-0.0099999999999999,-0.0069999699999999
2024-06-14,1,-0.040000000000000036,-0.0099999999999997,-0.0430000000000001,-0.0250000000000003,-0.03,-0.018000128
2024-06-17,0,0.08000000000000007,0.0899999999999998,-0.0190000000000001,-0.0399999999999995,-0.01,0.0210001479999999
2024-06-18,1,-0.0600000000000005,-0.0700000000000002,-0.004,0.0019999999999997,0.01,-0.0060000399999999
2024-06-19,1,0.0,0.0,-0.048,-0.052,0.0,0.003999946
2024-06-20,1,0.03000000000000025,0.0200000000000004,0.0380000000000002,0.0340000000000002,0.0099999999999999,0.003999948
2024-06-21,0,0.0,0.0,-0.0140000000000002,-0.02,0.0,0.0060000419999999
2024-06-24,0,0.0,0.0099999999999997,0.0089999999999998,0.0179999999999997,-0.0099999999999999,-0.009000066
2024-06-25,1,-0.019999999999999574,-0.0099999999999997,0.0070000000000001,0.0070000000000001,-0.01,0.0
2024-06-26,1,0.08999999999999986,0.08,0.0070000000000001,0.0139999999999997,0.01,-0.0069997299999999
2024-06-27,0,-0.03000000000000025,-0.04,0.0219999999999997,0.0050000000000003,0.0099999999999999,0.0169997199999999
2024-06-28,1,0.07000000000000028,0.0299999999999993,-0.0339999999999998,-0.0380000000000002,0.04,0.00400019
2024-07-01,1,0.1200000000000001,0.0600000000000005,0.0459999999999998,0.028,0.06,0.0179998899999999
2024-07-02,0,-0.05000000000000071,-0.04,-0.0229999999999996,-0.0409999999999999,-0.0099999999999999,0.018000124
2024-07-03,1,-0.0699999999999994,-0.0599999999999996,-0.0150000000000001,-0.0089999999999998,-0.0099999999999999,-0.0060002839999999
2024-07-04,1,0.0,0.0,-0.04,-0.032,0.0,-0.00799989
2024-07-05,1,-0.08000000000000007,-0.0900000000000007,-0.0070000000000001,-0.0129999999999999,0.0099999999999999,0.0060000399999999
2024-07-08,0,0.0,0.0100000000000006,-0.0149999999999996,0.004,-0.0099999999999999,-0.0190000549999999
2024-07-09,1,0.019999999999999574,-0.0300000000000002,-0.0210000000000003,-0.0050000000000003,0.0499999999999999,-0.016000035
2024-07-10,1,-0.019999999999999574,0.0099999999999997,0.0070000000000001,0.0060000000000002,-0.03,0.00100017
2024-07-11,1,-0.08000000000000007,-0.1200000000000001,0.036,0.0429999999999997,0.04,-0.00700021
2024-07-12,0,-0.020000000000000462,-0.04,-0.0569999999999999,-0.0619999999999998,0.0199999999999999,0.0050001149999999
2024-07-15,1,0.05000000000000071,0.0100000000000006,0.0,-0.0249999999999999,0.04,0.025000095
2024-07-16,1,-0.0600000000000005,-0.0200000000000004,-0.04,-0.0409999999999999,-0.04,0.0009999299999999
2024-07-17,0,-0.009999999999999787,-0.0199999999999995,0.0019999999999997,0.0149999999999996,0.01,-0.0130000099999999
2024-07-18,0,0.040000000000000036,0.0499999999999998,-0.0009999999999998,0.008,-0.01,-0.0090000699999999
2024-07-19,0,0.04999999999999982,0.04,0.0180000000000002,0.016,0.01,0.0020001
2024-07-22,0,0.009999999999999787,0.0099999999999997,-0.0110000000000001,-0.0029999999999996,0.0,-0.00800014
2024-07-23,1,-0.009999999999999787,-0.0300000000000002,0.0259999999999998,0.0129999999999999,0.0199999999999999,0.0130000099999999
2024-07-24,0,0.03000000000000025,-0.0199999999999995,-0.04,-0.0380000000000002,0.05,-0.0019998499999999
2024-07-25,0,-0.010000000000000675,0.0199999999999995,-0.0029999999999996,-0.0219999999999997,-0.03,0.01900005
2024-07-26,1,-0.0699999999999994,-0.0599999999999996,-0.02,0.0,-0.01,-0.01999998
2024-07-29,1,-0.03000000000000025,-0.0099999999999997,-0.0620000000000002,-0.0459999999999998,-0.02,-0.01600003
2024-07-30,0,-0.019999999999999574,-0.0300000000000002,0.0060000000000002,0.016,0.01,-0.009999992
2024-07-31,1,-0.0600000000000005,-0.0600000000000005,0.012,0.0099999999999997,0.0,0.001999855
2024-08-01,1,-0.09999999999999964,-0.1399999999999996,-0.0540000000000002,-0.028,0.04,-0.0260000229999999
2024-08-02,0,-0.1900000000000004,-0.2599999999999998,-0.0339999999999998,-0.0369999999999999,0.07,0.0030002599999999
2024-08-05,0,-0.020000000000000018,0.0099999999999997,-0.0979999999999998,-0.133,-0.03,0.03499985
2024-08-06,1,0.1200000000000001,0.0499999999999998,0.1149999999999997,0.129,0.07,-0.013999942
2024-08-07,1,0.06000000000000005,0.0500000000000002,0.008,-0.0060000000000002,0.0099999999999999,0.013999942
2024-08-08,0,0.03000000000000025,0.0499999999999998,-0.004,-0.0179999999999997,-0.0199999999999999,0.0139999359999999
2024-08-09,1,-0.050000000000000266,0.0,0.0150000000000001,0.0299999999999998,-0.05,-0.014999866
2024-08-12,1,-0.040000000000000036,-0.04,-0.012,0.0050000000000003,0.0,-0.0170001999999999
2024-08-13,1,-0.04999999999999982,-0.0699999999999998,-0.0259999999999998,-0.028,0.02,0.0020000939999999
2024-08-14,1,-0.020000000000000018,0.0099999999999997,-0.0290000000000003,-0.0300000000000002,-0.03,0.000999926
2024-08-16,1,0.06000000000000005,0.1100000000000003,0.028,0.04,-0.05,-0.011999844
2024-08-19,0,-0.03000000000000025,-0.0100000000000002,0.012,-0.0009999999999998,-0.02,0.0129997739999999
2024-08-20,1,-0.040000000000000036,-0.06,0.0140000000000002,0.0169999999999999,0.02,-0.0029997829999999
2024-08-21,1,-0.029999999999999805,-0.0599999999999996,-0.0020000000000002,-0.004,0.03,0.001999853
2024-08-22,1,0.06999999999999984,0.0799999999999996,-0.0169999999999999,-0.0329999999999999,-0.01,0.016000034
2024-08-23,0,-0.04999999999999982,-0.0899999999999998,0.0249999999999999,0.0129999999999999,0.04,0.0120000859999999
2024-08-26,0,0.009999999999999787,0.0100000000000002,-0.0309999999999996,-0.0299999999999998,0.0,-0.0010001699999999
2024-08-27,0,0.010000000000000231,-0.02,0.0989999999999997,0.0499999999999998,0.03,0.04900003
2024-08-28,1,0.009999999999999787,0.0,-0.0190000000000001,-0.0209999999999999,0.0099999999999999,0.0020000899999999
2024-08-29,0,0.03000000000000025,0.0399999999999995,0.0210000000000003,0.02,-0.0099999999999999,0.00100017
2024-08-30,1,0.040000000000000036,0.0300000000000002,0.0129999999999999,0.0139999999999997,0.0099999999999999,-0.00100017
2024-09-02,1,0.0,0.0,0.0329999999999999,0.036,0.0,-0.0030000199999999
2024-09-03,0,-0.07000000000000028,-0.06,-0.0009999999999998,-0.008,-0.0099999999999999,0.0069999699999999
2024-09-04,0,-0.06999999999999984,-0.1,-0.068,-0.0499999999999998,0.03,-0.0179998899999999
2024-09-05,0,-0.040000000000000036,-0.02,-0.0220000000000002,-0.0260000000000002,-0.02,0.00399995
2024-09-06,0,-0.009999999999999787,-0.0699999999999998,-0.0399999999999995,-0.024,0.06,-0.01600003
2024-09-09,0,-0.020000000000000018,0.0,0.0419999999999998,0.016,-0.0199999999999999,0.0260000199999999
2024-09-10,0,-0.050000000000000266,-0.1200000000000001,-0.0220000000000002,-0.02,0.07,-0.0020000899999999
2024-09-11,0,0.0,0.0300000000000002,-0.0669999999999997,-0.0569999999999999,-0.03,-0.0099997549999999
2024-09-12,1,0.03000000000000025,0.02,0.0270000000000001,0.0460000000000002,0.0099999999999999,-0.019000055
2024-09-13,1,-0.020000000000000018,-0.0500000000000002,-0.0420000000000002,-0.044,0.03,0.0019998599999999
2024-09-19,1,0.06999999999999984,0.0500000000000002,0.0510000000000001,0.0209999999999999,0.02,0.03000021
2024-09-20,1,0.0,-0.0100000000000002,0.0099999999999997,-0.0049999999999998,0.01,0.01499986
2024-09-23,1,0.020000000000000018,0.0100000000000002,0.0329999999999999,0.0259999999999998,0.01,0.0069999699999999
2024-09-24,1,-0.009999999999999787,-0.0300000000000002,0.004,-0.0099999999999997,0.0199999999999999,0.0139999399999999
2024-09-25,0,0.04999999999999982,0.0500000000000002,-0.0289999999999999,-0.0420000000000002,0.0,0.01300001
2024-09-26,1,0.0,0.0499999999999998,0.004,-0.0049999999999998,-0.0499999999999999,0.00900006
2024-09-27,0,-0.040000000000000036,-0.0499999999999998,-0.0009999999999998,0.0190000000000001,0.01,-0.01999998
2024-09-30,0,0.06000000000000005,0.0899999999999998,-0.008,-0.0150000000000001,-0.03,0.0069999799999999
2024-10-02,0,-0.020000000000000018,-0.04,-0.06,-0.0310000000000001,0.0199999999999999,-0.02900005
2024-10-04,1,0.18999999999999995,0.2999999999999998,0.064,0.044,-0.1099999999999999,0.02000022
2024-10-07,1,0.050000000000000266,0.0500000000000002,0.1049999999999999,0.1360000000000001,0.0,-0.03100014
2024-10-08,0,0.009999999999999787,-0.0300000000000002,-0.024,-0.028,0.0399999999999999,0.00399995
2024-10-10,1,0.04999999999999982,0.02,0.0110000000000001,0.0300000000000002,0.03,-0.01899981
2024-10-11,0,-0.009999999999999787,-0.0299999999999998,-0.0030000000000001,-0.0150000000000001,0.02,0.01199984
2024-10-14,1,0.0,0.0,0.0020000000000002,-0.0089999999999998,0.0,0.0109999199999999
2024-10-15,1,-0.04999999999999982,0.0099999999999997,-0.0370000000000003,-0.032,-0.06,-0.00499988
2024-10-16,0,-0.010000000000000675,-0.02,-0.0419999999999998,-0.0260000000000002,0.0099999999999999,-0.0160002699999999
2024-10-17,0,0.07000000000000028,0.0500000000000002,0.02,0.0169999999999999,0.02,0.00300026
2024-10-18,0,-0.009999999999999787,-0.0300000000000002,0.044,0.0110000000000001,0.0199999999999999,0.0329999899999999
2024-10-21,1,0.11000000000000032,0.0900000000000003,-0.0180000000000002,-0.0059999999999997,0.0199999999999999,-0.0120000799999999
2024-10-22,0,0.009999999999999787,0.0299999999999998,0.076,0.0409999999999999,-0.0199999999999999,0.03500009
2024-10-23,1,0.040000000000000036,0.0500000000000002,-0.0019999999999997,-0.0070000000000001,-0.01,0.0049998699999999
2024-10-24,0,-0.03000000000000025,-0.0100000000000006,-0.0540000000000002,-0.0449999999999999,-0.0199999999999999,-0.00900006
2024-10-25,1,0.040000000000000036,0.0300000000000002,-0.02,-0.0089999999999998,0.01,-0.0109999199999999
2024-10-28,1,0.03000000000000025,0.04,0.0630000000000001,0.0499999999999998,-0.01,0.0130002499999999
2024-10-29,1,0.0,-0.0099999999999997,0.0009999999999998,0.004,0.01,-0.0030002599999999
2024-10-30,0,0.009999999999999787,0.0599999999999996,-0.0129999999999999,0.0009999999999998,-0.05,-0.01399994
2024-10-31,0,-0.009999999999999787,-0.0199999999999995,-0.0049999999999998,-0.0009999999999998,0.01,-0.0040001799999999
2024-11-01,0,0.08999999999999986,0.0599999999999996,-0.0100000000000002,0.0030000000000001,0.03,-0.0129997799999999
2024-11-04,1,-0.0600000000000005,-0.08,0.0060000000000002,-0.004,0.0199999999999999,0.0099999899999999
2024-11-05,0,-0.04999999999999982,0.0100000000000006,-0.0230000000000001,-0.0169999999999999,-0.06,-0.00600004
2024-11-06,0,0.16000000000000014,0.0899999999999998,0.0609999999999999,0.0419999999999998,0.07,0.01900005
2024-11-07,1,-0.11000000000000032,-0.0700000000000002,-0.036,-0.0379999999999998,-0.04,0.0020001
2024-11-08,0,-0.009999999999999787,0.0499999999999998,-0.0489999999999999,-0.0330000000000003,-0.06,-0.01600003
2024-11-11,0,0.0,0.0,-0.0110000000000001,0.012,0.0,-0.02300001
2024-11-12,0,0.1299999999999999,0.1100000000000003,-0.024,-0.0009999999999998,0.02,-0.0230002399999999
2024-11-13,0,0.010000000000000675,-0.04,0.0530000000000003,0.0390000000000001,0.0499999999999999,0.0140001799999999
2024-11-14,1,-0.010000000000000675,0.0499999999999998,0.0069999999999996,-0.0100000000000002,-0.06,0.01699996
2024-11-15,0,0.0,-0.0300000000000002,0.0100000000000002,0.012,0.03,-0.0019998499999999
2024-11-18,1,-0.009999999999999787,-0.0199999999999995,-0.0209999999999999,-0.0259999999999998,0.01,0.0049998699999999
2024-11-19,1,-0.03000000000000025,-0.0099999999999997,-0.0270000000000001,-0.0260000000000002,-0.02,-0.0009999299999999
2024-11-20,1,0.020000000000000462,0.0199999999999995,-0.0190000000000001,-0.0159999999999995,0.0,-0.00300002
2024-11-21,0,0.019999999999999574,0.04,-0.0389999999999997,-0.044,-0.0199999999999999,0.00499988
2024-11-22,1,-0.019999999999999574,0.0200000000000004,-0.0020000000000002,-0.0130000000000003,-0.04,0.01100016
2024-11-25,1,-0.14000000000000057,-0.1100000000000003,-0.056,-0.0429999999999997,-0.03,-0.01300002
2024-11-26,0,0.03000000000000025,0.0,-0.0169999999999999,0.0,0.03,-0.01699996
2024-11-27,0,-0.04999999999999982,-0.04,-0.0230000000000001,-0.032,-0.0099999999999999,0.0090000699999999
2024-11-28,1,0.0,0.0,-0.092,-0.1030000000000002,0.0,0.0109999199999999
2024-11-29,0,-0.07000000000000028,-0.0700000000000002,-0.0369999999999999,-0.0309999999999996,0.0,-0.0060002899999999
2024-12-02,0,0.010000000000000675,0.0100000000000006,-0.0539999999999998,-0.04,0.0,-0.0139997
2024-12-03,1,0.040000000000000036,0.0199999999999995,0.016,0.0179999999999997,0.02,-0.00200009
2024-12-04,0,-0.040000000000000036,-0.04,0.052,0.0409999999999999,0.0,0.01100016
2024-12-05,0,-0.020000000000000462,0.0099999999999997,-0.0270000000000001,-0.0229999999999996,-0.03,-0.00400019
2024-12-06,0,-0.019999999999999574,-0.0499999999999998,0.0060000000000002,0.0169999999999999,0.03,-0.0109999199999999
2024-12-09,0,0.04999999999999982,0.04,-0.0670000000000001,-0.0409999999999999,0.0099999999999999,-0.02600002
2024-12-10,1,0.019999999999999574,-0.0099999999999997,-0.032,-0.0550000000000001,0.03,0.0229999999999999
2024-12-11,1,0.040000000000000036,0.0099999999999997,0.0470000000000001,0.012,0.03,0.03499985
2024-12-12,1,0.0600000000000005,0.0499999999999998,0.008,0.0129999999999999,0.0099999999999999,-0.0049998799999999
2024-12-13,1,0.08000000000000007,0.0700000000000002,-0.024,-0.008,0.01,-0.01599979
2024-12-16,0,-0.010000000000000675,0.0099999999999997,0.0449999999999999,0.012,-0.0199999999999999,0.0329997499999999
2024-12-17,0,0.010000000000000675,0.0,0.0689999999999999,0.068,0.0099999999999999,0.00099993
2024-12-18,1,0.09999999999999964,0.1299999999999999,-0.052,-0.0849999999999999,-0.03,0.03299999
2024-12-19,0,0.07000000000000028,0.0,0.076,0.0670000000000001,0.07,0.0090000699999999
2024-12-20,0,-0.05000000000000071,-0.0299999999999993,0.0590000000000001,0.0259999999999998,-0.0199999999999999,0.0329999899999999
2024-12-23,1,0.07000000000000028,0.04,-0.0290000000000003,-0.0129999999999999,0.03,-0.0159997999999999
2024-12-24,0,0.0,0.0,0.032,0.0099999999999997,0.0,0.0219998399999999
2024-12-26,0,-0.009999999999999787,-0.0100000000000006,0.028,0.0220000000000002,0.0,0.0060000399999999
2024-12-27,0,0.040000000000000036,0.0100000000000006,-0.028,-0.0140000000000002,0.03,-0.0140001799999999
2024-12-30,0,-0.07000000000000028,-0.0700000000000002,-0.0209999999999999,-0.0369999999999999,0.0,0.0160002799999999
2025-01-02,0,0.020000000000000462,0.0,-0.1059999999999998,-0.0899999999999998,0.02,-0.0160000399999999
2025-01-03,1,0.02999999999999936,0.0300000000000002,0.0049999999999998,-0.0249999999999999,0.0,0.0299997399999999
2025-01-06,1,0.020000000000000462,-0.0200000000000004,0.0630000000000001,0.0419999999999998,0.0399999999999999,0.02100014
2025-01-07,1,0.04999999999999982,0.0300000000000002,-0.0230000000000001,-0.016,0.02,-0.00699998
2025-01-08,1,0.0,-0.0200000000000004,0.0019999999999997,-0.0030000000000001,0.0199999999999999,0.0049999
2025-01-09,1,0.009999999999999787,0.0,-0.0179999999999997,-0.0049999999999998,0.01,-0.0129997799999999
2025-01-10,0,0.08999999999999986,0.1500000000000003,0.0590000000000001,0.0609999999999999,-0.06,-0.00200034
2025-01-13,0,0.020000000000000462,0.0300000000000002,0.0339999999999998,0.1030000000000002,-0.01,-0.0689997599999999
2025-01-14,1,-0.009999999999999787,-0.0300000000000002,-0.0299999999999998,-0.0180000000000002,0.02,-0.01199985
2025-01-15,0,-0.1200000000000001,-0.1200000000000001,0.0189999999999996,0.0289999999999999,0.0,-0.0100002299999999
2025-01-16,1,-0.04999999999999982,-0.0499999999999998,-0.0579999999999998,-0.0489999999999999,0.0,-0.0089998199999999
2025-01-17,0,0.0,0.04,0.0110000000000001,-0.0379999999999998,-0.0399999999999999,0.0489997799999999
2025-01-20,0,0.0,0.0,0.0549999999999997,0.0350000000000001,0.0,0.0200002199999999
2025-01-21,0,-0.040000000000000036,0.0,-0.0499999999999998,-0.044,-0.04,-0.0060000399999999
2025-01-22,1,0.02999999999999936,0.0099999999999997,0.0089999999999998,-0.0020000000000002,0.02,0.0109999199999999
2025-01-23,0,0.05000000000000071,0.0099999999999997,0.0100000000000002,0.0009999999999998,0.0399999999999999,0.0089998199999999
2025-01-24,1,-0.020000000000000462,-0.0199999999999995,0.0219999999999997,-0.008,0.0,0.03000021
2025-01-31,0,-0.04999999999999982,-0.0600000000000005,0.0,0.0030000000000001,0.01,-0.00300003
2025-02-03,0,-0.040000000000000036,0.0100000000000006,-0.024,-0.0009999999999998,-0.0499999999999999,-0.0229999999999999
2025-02-04,1,-0.020000000000000462,-0.0300000000000002,0.0089999999999998,0.012,0.01,-0.003
2025-02-05,1,-0.08999999999999986,-0.0599999999999996,-0.0259999999999998,-0.0060000000000002,-0.03,-0.0199999899999999
2025-02-06,1,0.020000000000000462,0.04,-0.0220000000000002,0.004,-0.0199999999999999,-0.02600002
2025-02-07,0,0.040000000000000036,0.0799999999999991,0.04,0.0529999999999999,-0.04,-0.01300001
2025-02-10,0,0.019999999999999574,-0.0099999999999997,-0.0059999999999997,0.0030000000000001,0.03,-0.0090000699999999
2025-02-11,1,0.03000000000000025,-0.0199999999999995,0.0190000000000001,-0.0049999999999998,0.05,0.02400017
2025-02-12,1,0.08000000000000007,0.0899999999999998,0.0299999999999998,0.0179999999999997,-0.01,0.0119998499999999
2025-02-13,1,-0.10000000000000053,-0.0600000000000005,-0.0070000000000001,-0.02,-0.04,0.01300001
2025-02-14,1,-0.04999999999999982,-0.0499999999999998,-0.0259999999999998,-0.0199999999999995,0.0,-0.0060000399999999
2025-02-17,1,0.0,0.0,0.0230000000000001,0.012,0.0,0.0110001499999999
2025-02-18,1,0.08000000000000007,0.0700000000000002,0.0089999999999998,0.0179999999999997,0.01,-0.00900006
2025-02-19,1,-0.019999999999999574,-0.0300000000000002,-0.0049999999999998,-0.0110000000000001,0.01,0.0059998
2025-02-20,0,-0.03000000000000025,-0.0300000000000002,0.0149999999999996,-0.0019999999999997,0.0,0.01700021
2025-02-21,1,-0.08000000000000007,-0.0799999999999991,-0.032,-0.0100000000000002,0.0,-0.02200008
2025-02-24,0,-0.019999999999999574,-0.0200000000000004,-0.0309999999999996,-0.008,0.0,-0.02299977
2025-02-25,0,-0.10000000000000053,-0.0899999999999998,-0.028,-0.0139999999999997,-0.01,-0.01400017
2025-02-26,1,-0.04999999999999982,-0.04,-0.0450000000000003,-0.0049999999999998,-0.01,-0.0399999699999999
2025-02-27,0,0.040000000000000036,0.0099999999999997,0.0020000000000002,0.0009999999999998,0.03,0.00099993
2025-02-28,0,-0.04999999999999982,-0.0599999999999996,-0.048,-0.0260000000000002,0.01,-0.02199984
2025-03-04,0,-0.020000000000000462,-0.0500000000000002,-0.0030000000000001,-0.0249999999999999,0.03,0.02200008
2025-03-05,1,0.0600000000000005,0.0699999999999998,0.0700000000000002,0.024,-0.01,0.04599976
2025-03-06,1,0.009999999999999787,-0.0299999999999998,0.0329999999999999,0.0289999999999999,0.0399999999999999,0.0039999599999999
2025-03-07,0,0.03000000000000025,0.0299999999999998,-0.0329999999999999,-0.0289999999999999,0.0,-0.0039999599999999
2025-03-10,1,-0.10000000000000053,-0.0999999999999996,0.028,0.0310000000000001,0.0,-0.00299978
2025-03-11,0,0.0600000000000005,0.0099999999999997,-0.0410000000000003,-0.036,0.0499999999999999,-0.0050001099999999
2025-03-12,1,0.040000000000000036,0.06,0.0030000000000001,-0.0100000000000002,-0.0199999999999999,0.0130000099999999
2025-03-13,0,-0.05000000000000071,-0.0499999999999998,0.0070000000000001,0.02,0.0,-0.0130000099999999
2025-03-14,0,0.040000000000000036,0.0699999999999998,0.0430000000000001,0.0260000000000002,-0.03,0.0169999599999999
2025-03-17,1,0.0,0.0300000000000002,-0.008,0.0049999999999998,-0.0299999999999999,-0.01300001
2025-03-18,1,-0.019999999999999574,-0.0200000000000004,-0.0170000000000003,-0.0030000000000001,0.0,-0.0139999399999999
2025-03-19,1,-0.040000000000000036,-0.0599999999999996,0.0230000000000001,0.0230000000000001,0.0199999999999999,0.0
2025-03-20,1,-0.009999999999999787,-0.02,-0.0190000000000001,-0.0230000000000001,0.01,0.00399994
2025-03-21,1,0.009999999999999787,-0.0100000000000002,0.0130000000000003,-0.0009999999999998,0.02,0.01400018
2025-03-24,0,0.08999999999999986,0.0899999999999998,0.0109999999999996,0.0070000000000001,0.0,0.0039997199999999
2025-03-25,0,-0.03000000000000025,-0.0299999999999998,0.0050000000000003,0.008,0.0,-0.00299979
2025-03-26,1,0.040000000000000036,0.0299999999999998,0.0179999999999997,0.0059999999999997,0.01,0.01199985
2025-03-27,0,0.03000000000000025,-0.0099999999999997,-0.0009999999999998,0.004,0.0399999999999999,-0.0049998799999999
2025-03-28,0,-0.11000000000000032,-0.0899999999999998,0.004,0.0070000000000001,-0.02,-0.00300002
2025-03-31,0,-0.03999999999999915,-0.02,-0.0710000000000001,-0.06,-0.0199999999999999,-0.0110001599999999
2025-04-01,1,-0.0600000000000005,-0.04,0.016,0.012,-0.02,0.00399995
2025-04-02,0,0.03000000000000025,0.04,-0.02,0.0030000000000001,-0.01,-0.023
2025-04-03,0,-0.14000000000000057,-0.2099999999999999,-0.0289999999999999,-0.0550000000000001,0.07,0.02600002
2025-04-04,0,-0.04999999999999982,-0.02,-0.0459999999999998,-0.068,-0.03,0.02200008
2025-04-07,0,0.14000000000000057,0.06,-0.044,-0.056,0.08,0.0120000799999999
2025-04-08,1,0.10999999999999943,-0.0100000000000002,0.0379999999999998,0.008,0.12,0.02999997
2025-04-09,0,0.08000000000000007,0.2000000000000001,0.0460000000000002,0.0210000000000003,-0.12,0.0250000999999999
2025-04-10,1,0.0600000000000005,-0.06,-0.0300000000000002,0.0029999999999996,0.12,-0.0330002299999999
2025-04-11,0,0.08000000000000007,0.1299999999999999,-0.0059999999999997,-0.0259999999999998,-0.05,0.0200002299999999
2025-04-14,1,-0.10000000000000053,-0.1099999999999998,-0.0050000000000003,-0.0030000000000001,0.01,-0.0020001
2025-04-15,1,-0.03000000000000025,-0.02,-0.0269999999999996,-0.0089999999999998,-0.01,-0.0179998999999999
2025-04-16,0,-0.05999999999999961,-0.08,-0.0350000000000001,-0.048,0.02,0.0129997799999999
2025-04-17,1,0.04999999999999982,0.0499999999999998,0.016,0.0339999999999998,0.0,-0.0179998799999999
2025-04-18,1,0.0,0.0,-0.0249999999999999,-0.0229999999999996,0.0,-0.0020001
2025-04-21,1,0.08000000000000007,-0.0499999999999998,-0.0180000000000002,-0.0310000000000001,0.13,0.013
2025-04-22,0,-0.009999999999999787,0.0499999999999998,0.0190000000000001,-0.0009999999999998,-0.06,0.02000023
2025-04-23,1,-0.009999999999999787,0.0500000000000002,-0.0230000000000001,0.0070000000000001,-0.0599999999999999,-0.02999997
2025-04-24,0,-0.08000000000000007,-0.0700000000000002,0.0250000000000003,0.004,-0.01,0.02099967
2025-04-25,1,-0.03000000000000025,-0.04,-0.0470000000000001,-0.036,0.01,-0.0109999299999999
2025-04-28,1,-0.05999999999999961,-0.0899999999999998,0.012,0.0109999999999996,0.03,0.0010001699999999
2025-04-29,1,-0.040000000000000036,-0.02,0.0150000000000001,-0.0059999999999997,-0.02,0.02099991
2025-04-30,0,-0.020000000000000462,-0.0699999999999998,-0.04,-0.0430000000000001,0.0499999999999999,0.0030000199999999
2025-05-02,1,0.16000000000000014,0.2399999999999997,0.0299999999999998,0.0150000000000001,-0.0799999999999999,0.01499987
2025-05-07,1,-0.07000000000000028,-0.0999999999999996,0.0100000000000002,-0.0289999999999999,0.03,0.0390000299999999
2025-05-08,1,0.11000000000000032,0.1299999999999999,0.0189999999999996,0.028,-0.02,-0.0089998199999999
2025-05-09,0,0.0,0.0,0.048,0.0499999999999998,0.0,-0.0020000799999999
2025-05-12,1,0.08000000000000007,0.1200000000000001,0.0150000000000001,-0.0009999999999998,-0.04,0.01600002
2025-05-13,1,0.040000000000000036,0.0299999999999998,0.0369999999999999,0.04,0.01,-0.00300002
2025-05-14,1,0.040000000000000036,0.0499999999999998,-0.004,-0.0190000000000001,-0.01,0.01499986
2025-05-15,0,-0.08000000000000007,-0.0999999999999996,0.0089999999999998,0.0110000000000001,0.02,-0.00199986
2025-05-16,1,-0.020000000000000462,0.0,-0.0509999999999997,-0.0430000000000001,-0.02,-0.0079999
2025-05-19,0,0.03000000000000025,0.0,0.0709999999999997,0.0470000000000001,0.03,0.0239999399999999
2025-05-20,0,0.020000000000000462,0.0,-0.0339999999999998,-0.036,0.02,0.0020001
2025-05-21,1,0.09999999999999964,0.0499999999999998,0.0469999999999997,0.0150000000000001,0.0499999999999999,0.03199982
2025-05-22,0,-0.040000000000000036,-0.0099999999999997,-0.0049999999999998,-0.0090000000000003,-0.0299999999999999,0.00400019
2025-05-23,0,-0.03000000000000025,-0.0300000000000002,0.0110000000000001,0.0020000000000002,0.0,0.0089998199999999
2025-05-26,1,0.0,0.0,0.0,0.0099999999999997,0.0,-0.00999999
2025-05-27,0,-0.08000000000000007,-0.0299999999999998,-0.0569999999999999,-0.008,-0.05,-0.0489997799999999
2025-05-28,1,0.040000000000000036,0.02,-0.0030000000000001,-0.0259999999999998,0.02,0.023
2025-05-29,1,-0.040000000000000036,-0.04,0.0539999999999998,0.0270000000000001,0.0,0.0269996999999999
2025-05-30,0,-0.019999999999999574,-0.04,0.0260000000000002,0.0059999999999997,0.02,0.02000023
2025-06-02,1,0.04999999999999982,0.04,0.0070000000000001,-0.0070000000000001,0.01,0.0139999399999999
2025-06-04,1,-0.08999999999999986,-0.0700000000000002,0.1009999999999999,0.0740000000000002,-0.02,0.02699995
2025-06-05,1,0.03000000000000025,0.06,-0.0030000000000001,-0.0020000000000002,-0.03,-0.00099992
2025-06-09,1,0.08999999999999986,0.0900000000000003,-0.024,-0.0070000000000001,0.0,-0.0169999699999999
2025-06-10,1,-0.020000000000000462,-0.04,-0.036,-0.02,0.02,-0.01600003
2025-06-11,1,-0.05999999999999961,-0.06,0.0060000000000002,0.0340000000000002,0.0,-0.02800012
2025-06-12,1,-0.04999999999999982,-0.04,-0.0100000000000002,0.0099999999999997,-0.01,-0.0199999799999999
2025-06-13,0,0.04999999999999982,0.0499999999999998,-0.008,0.0330000000000003,0.0,-0.0409999
2025-06-16,1,0.04999999999999982,0.0300000000000002,0.0449999999999999,0.0209999999999999,0.02,0.0239999399999999
2025-06-17,1,-0.07000000000000028,-0.0300000000000002,0.004,-0.0350000000000001,-0.04,0.03900004
2025-06-18,1,-0.009999999999999787,-0.0099999999999997,0.008,0.024,0.0,-0.0160000399999999
2025-06-19,1,0.0,0.0,-0.0019999999999997,0.0030000000000001,0.0,-0.00499987
2025-06-20,1,0.0,-0.0300000000000002,-0.0070000000000001,-0.012,0.03,0.00499987
2025-06-23,0,-0.040000000000000036,-0.06,0.0060000000000002,0.0350000000000001,0.02,-0.02900004
2025-06-24,1,-0.040000000000000036,-0.0499999999999998,-0.0500000000000002,-0.0370000000000003,0.01,-0.013
2025-06-25,1,-0.009999999999999787,-0.0099999999999997,-0.0030000000000001,-0.0009999999999998,0.0,-0.0020001
2025-06-26,0,-0.03000000000000025,-0.06,-0.032,-0.0059999999999997,0.0299999999999999,-0.0259997999999999
2025-06-27,0,0.03000000000000025,0.04,-0.0029999999999996,-0.0010000000000003,-0.01,-0.00200008
2025-06-30,1,-0.04999999999999982,-0.04,0.02,-0.0009999999999998,-0.0099999999999998,0.02100014
2025-07-01,1,0.019999999999999574,0.0699999999999998,-0.0210000000000003,0.0020000000000002,-0.05,-0.02300024
2025-07-02,0,0.040000000000000036,0.02,0.048,0.0289999999999999,0.02,0.0190000599999999
2025-07-03,1,0.04999999999999982,0.0699999999999998,-0.0179999999999997,-0.0340000000000002,-0.02,0.01600002
2025-07-04,0,0.0,0.0,0.0139999999999997,0.0180000000000002,0.0,-0.0039999399999999
2025-07-07,1,0.05000000000000071,0.0100000000000002,0.012,0.0150000000000001,0.04,-0.00300026
2025-07-08,1,0.019999999999999574,0.0099999999999997,0.0070000000000001,-0.0050000000000003,0.01,0.0120001
2025-07-09,1,-0.08000000000000007,-0.06,0.0070000000000001,0.0010000000000003,-0.02,0.00600027
2025-07-10,1,0.009999999999999787,0.02,-0.04,-0.0450000000000003,-0.01,0.0049996299999999
2025-07-11,0,0.08000000000000007,0.04,0.0089999999999998,0.0150000000000001,0.0399999999999999,-0.0059998
2025-07-14,1,0.0,0.0,0.0630000000000001,0.0260000000000002,0.0,0.03699994
2025-07-15,1,0.07000000000000028,0.0700000000000002,-0.0090000000000003,-0.0110000000000001,0.0,0.00200009
2025-07-16,0,-0.040000000000000036,-0.0700000000000002,0.0,-0.004,0.03,0.0039999499999999
2025-07-17,1,0.009999999999999787,0.0300000000000002,0.028,0.02,-0.02,0.0079999
2025-07-18,0,-0.02999999999999936,-0.0500000000000002,-0.0319999999999995,-0.0049999999999998,0.02,-0.0269999499999999
2025-07-21,1,-0.0600000000000005,-0.0299999999999998,-0.0180000000000002,-0.0180000000000002,-0.03,0.0
2025-07-22,0,-0.03000000000000025,-0.04,-0.016,0.0070000000000001,0.01,-0.023
2025-07-23,1,0.05000000000000071,0.0699999999999998,-0.0089999999999998,-0.0049999999999998,-0.0199999999999999,-0.0039999499999999
2025-07-24,1,0.02999999999999936,0.0300000000000002,0.0190000000000001,0.0089999999999998,0.0,0.00999999
2025-07-25,1,-0.02999999999999936,-0.0100000000000002,0.0059999999999997,0.0179999999999997,-0.02,-0.01199985
2025-07-28,1,0.019999999999999574,0.0100000000000002,-0.0259999999999998,-0.0209999999999999,0.01,-0.0050001199999999
2025-07-29,1,-0.08000000000000007,-0.0500000000000002,-0.0060000000000002,-0.004,-0.03,-0.00200008
2025-07-30,1,0.040000000000000036,0.0700000000000002,-0.0259999999999998,-0.0059999999999997,-0.03,-0.0199999799999999
2025-07-31,0,-0.009999999999999787,0.0,-0.012,0.0059999999999997,-0.01,-0.01799989
2025-08-01,0,-0.13999999999999968,-0.2200000000000002,0.0469999999999997,0.0180000000000002,0.08,0.02900005
2025-08-04,1,-0.010000000000000675,-0.0099999999999997,-0.0539999999999998,-0.0570000000000003,0.0,0.003
2025-08-05,1,0.0,-0.0300000000000002,-0.012,0.004,0.0299999999999999,-0.01600002
2025-08-06,1,0.0,0.0,0.0129999999999999,0.0050000000000003,0.0,0.0079999
2025-08-07,1,0.010000000000000675,0.0300000000000002,-0.0070000000000001,-0.0220000000000002,-0.02,0.0150001
2025-08-08,0,0.03999999999999915,0.04,0.004,0.0009999999999998,0.0,0.0030000199999999
2025-08-11,0,0.0,0.0099999999999997,0.0050000000000003,0.0110000000000001,-0.0099999999999998,-0.0060002799999999
2025-08-12,0,0.020000000000000462,-0.02,0.02,0.0110000000000001,0.0399999999999999,0.0090002999999999
2025-08-13,1,-0.04999999999999982,-0.0499999999999998,0.008,-0.0140000000000002,0.0,0.0219998399999999
2025-08-14,1,0.04999999999999982,0.06,-0.0220000000000002,-0.0129999999999999,-0.01,-0.0090000599999999
2025-08-18,0,0.04999999999999982,0.0299999999999998,0.0500000000000002,0.0220000000000002,0.02,0.0279998699999999
2025-08-19,0,-0.040000000000000036,-0.0299999999999998,0.0209999999999999,0.0179999999999997,-0.01,0.00300026
2025-08-20,0,-0.009999999999999787,-0.0100000000000002,-0.0049999999999998,-0.0030000000000001,0.0,-0.00200009
2025-08-21,1,0.040000000000000036,0.06,-0.008,-0.0029999999999996,-0.02,-0.00499988
2025-08-22,1,-0.07000000000000028,-0.1099999999999998,0.0149999999999996,0.0179999999999997,0.04,-0.0030002599999999
2025-08-25,1,0.020000000000000462,0.04,-0.008,-0.0219999999999997,-0.02,0.0140001799999999
2025-08-26,0,-0.020000000000000462,-0.0500000000000002,0.008,-0.012,0.03,0.01999998
2025-08-27,1,-0.019999999999999574,-0.04,-0.0349999999999997,-0.02,0.02,-0.01499986
2025-08-28,1,-0.020000000000000462,0.0100000000000002,-0.0100000000000002,0.0139999999999997,-0.03,-0.02399993
2025-08-29,0,0.010000000000000675,-0.02,0.0,0.0100000000000002,0.03,-0.0100002299999999
2025-09-01,0,0.0,0.0,0.032,0.0089999999999998,0.0,0.023
2025-09-02,1,0.04999999999999982,0.0499999999999998,0.0230000000000001,0.0150000000000001,0.0,0.0079999
2025-09-03,1,-0.0600000000000005,-0.0499999999999998,0.0429999999999997,0.0249999999999999,-0.01,0.0180003599999999
2025-09-04,1,-0.04999999999999982,-0.0300000000000002,-0.0299999999999998,-0.0030000000000001,-0.02,-0.0270002
2025-09-05,1,-0.07000000000000028,-0.0699999999999998,-0.028,-0.012,0.0,-0.01600002
2025-09-08,1,-0.04999999999999982,-0.0099999999999997,-0.0070000000000001,-0.012,-0.04,0.00500012
2025-09-09,1,0.03000000000000025,0.0099999999999997,-0.0299999999999998,-0.0230000000000001,0.02,-0.00699997
2025-09-10,1,-0.040000000000000036,-0.0099999999999997,0.0150000000000001,0.0050000000000003,-0.03,0.0099997499999999
2025-09-11,1,-0.03000000000000025,0.0,-0.02,-0.0100000000000002,-0.0299999999999999,-0.0099999799999999
2025-09-12,1,0.04999999999999982,0.0499999999999998,0.0,0.0110000000000001,0.0,-0.0109999299999999
2025-09-15,1,-0.009999999999999787,-0.02,0.008,0.012,0.01,-0.00399995
2025-09-16,1,-0.009999999999999787,-0.0299999999999998,-0.0170000000000003,-0.0260000000000002,0.0199999999999999,0.0089998299999999
2025-09-17,0,0.019999999999999574,0.0399999999999995,-0.0169999999999999,0.0010000000000003,-0.0199999999999999,-0.0179998899999999
2025-09-18,1,0.05000000000000071,0.04,-0.0310000000000001,-0.0150000000000001,0.01,-0.01600003
2025-09-19,0,0.02999999999999936,0.0100000000000002,0.0590000000000001,0.0379999999999998,0.0199999999999999,0.02100014
2025-09-22,1,0.010000000000000675,0.0299999999999998,0.0180000000000002,0.0180000000000002,-0.0199999999999999,-2.4000000004020805e-07
2025-09-23,1,-0.03000000000000025,-0.02,-0.02,0.0009999999999998,-0.01,-0.0209998999999999
2025-09-24,0,0.040000000000000036,0.0300000000000002,0.0349999999999997,0.0289999999999999,0.01,0.0060000399999999
2025-09-25,0,0.019999999999999574,0.06,0.0369999999999999,0.0390000000000001,-0.04,-0.0020001
2025-09-26,0,0.020000000000000462,0.0,0.0580000000000002,0.0339999999999998,0.02,0.0240001699999999
2025-09-29,1,-0.04999999999999982,-0.0300000000000002,-0.004,0.0010000000000003,-0.02,-0.00500011
2025-09-30,0,0.009999999999999787,-0.02,0.012,0.0189999999999996,0.03,-0.0069999699999999
2025-10-01,1,-0.040000000000000036,-0.0499999999999998,0.0089999999999998,0.0140000000000002,0.01,-0.00499988
2025-10-02,1,-0.020000000000000462,0.0,-0.0009999999999998,-0.0150000000000001,-0.02,0.0139999399999999
2025-10-10,1,-0.04999999999999982,-0.04,0.0049999999999998,0.0100000000000002,-0.01,-0.0050001199999999
2025-10-13,0,0.0,0.0,-0.06,-0.0370000000000003,0.0,-0.0229997599999999
2025-10-14,0,-0.019999999999999574,-0.0499999999999998,-0.0329999999999999,-0.0209999999999999,0.03,-0.01200008
2025-10-15,1,0.019999999999999574,0.0399999999999995,-0.0150000000000001,-0.0129999999999999,-0.02,-0.00200009
2025-10-16,1,-0.05999999999999961,-0.0899999999999998,0.052,0.0489999999999999,0.0299999999999999,0.00300003
2025-10-17,1,0.02999999999999936,0.0500000000000002,-0.0230000000000001,-0.0139999999999997,-0.0199999999999999,-0.00900008
2025-10-20,1,-0.019999999999999574,0.0,0.0070000000000001,0.0139999999999997,-0.02,-0.00699997
2025-10-21,1,-0.020000000000000018,-0.0100000000000002,0.012,0.0310000000000001,-0.01,-0.01899981
2025-10-22,1,-0.009999999999999787,-0.02,-0.0349999999999997,-0.028,0.01,-0.0070002099999999
2025-10-23,0,0.03999999999999959,0.0500000000000002,0.0429999999999997,0.0329999999999999,-0.01,0.0099999899999999
2025-10-24,1,0.009999999999999787,0.0,0.0009999999999998,-0.0139999999999997,0.01,0.01500011
2025-10-27,1,-0.009999999999999787,0.0099999999999997,0.0460000000000002,0.0289999999999999,-0.02,0.0170002
2025-10-28,0,-0.019999999999999574,0.0,-0.024,0.0129999999999999,-0.02,-0.0370001799999999
2025-10-29,1,0.08999999999999986,0.1,0.0489999999999999,0.044,-0.01,0.0049998699999999
2025-10-30,1,0.03000000000000025,0.0099999999999997,0.0659999999999998,0.0550000000000001,0.02,0.0109999199999999
2025-10-31,1,0.0,-0.0099999999999997,0.0110000000000001,-0.016,0.01,0.02700019
2025-11-03,1,0.019999999999999574,0.0099999999999997,0.0249999999999999,0.0249999999999999,0.01,0.0
2025-11-04,0,-0.03000000000000025,-0.02,-0.004,-0.012,-0.01,0.0079999
2025-11-05,0,0.07000000000000028,0.06,0.0430000000000001,0.0379999999999998,0.01,0.00500011
2025-11-06,1,-0.05999999999999961,-0.0699999999999998,0.0779999999999998,0.0670000000000001,0.01,0.0109999199999999
2025-11-07,0,0.0,-0.0100000000000002,0.0230000000000001,0.06,0.01,-0.03699994
2025-11-10,1,0.019999999999999574,-0.0099999999999997,0.004,-0.0289999999999999,0.0299999999999999,0.0329999799999999
2025-11-11,1,0.0,0.0,-0.0289999999999999,-0.0340000000000002,0.0,0.0049999
2025-11-12,1,-0.04999999999999982,-0.0100000000000002,0.0809999999999999,0.092,-0.0399999999999999,-0.0109999299999999
2025-11-13,1,0.03000000000000025,0.02,-0.0150000000000001,0.0089999999999998,0.01,-0.02399993
2025-11-14,0,0.02999999999999936,0.04,0.0500000000000002,0.012,-0.01,0.0379998599999999
2025-11-17,1,-0.009999999999999787,-0.0099999999999997,-0.016,-0.0299999999999998,0.0,0.01400018
2025-11-18,0,-0.009999999999999787,-0.02,-0.0330000000000003,-0.0420000000000002,0.01,0.0089998199999999
2025-11-19,0,0.009999999999999787,0.0099999999999997,0.0130000000000003,-0.0029999999999996,0.0,0.0160000399999999
2025-11-20,1,-0.03000000000000025,-0.0299999999999998,0.044,0.0389999999999997,0.0,0.0050001199999999
2025-11-21,0,-0.040000000000000036,-0.06,-0.0540000000000002,-0.036,0.02,-0.01800013
2025-11-24,0,-0.019999999999999574,-0.0099999999999997,0.0180000000000002,0.032,-0.01,-0.0139999299999999
2025-11-25,1,-0.03000000000000025,-0.0300000000000002,-0.0250000000000003,-0.0019999999999997,0.0,-0.023
2025-11-26,1,-0.009999999999999787,0.0100000000000002,-0.0129999999999999,-0.0070000000000001,-0.02,-0.0060000499999999
2025-11-27,1,0.0,0.0,0.1,0.1179999999999998,0.0,-0.01799989
2025-11-28,0,0.019999999999999574,0.02,-0.0070000000000001,-0.0219999999999997,0.0,0.0150001
2025-12-01,0,0.07000000000000028,0.0599999999999996,0.0430000000000001,0.0539999999999998,0.01,-0.0110001599999999
2025-12-02,1,0.0,-0.0099999999999997,-0.0409999999999999,-0.0230000000000001,0.01,-0.01800012
2025-12-03,1,-0.03000000000000025,-0.04,0.0219999999999997,0.0190000000000001,0.01,0.0030002599999999
2025-12-04,0,0.05000000000000071,0.0499999999999998,0.008,-0.016,0.0,0.02399969
2025-12-05,1,0.02999999999999936,0.04,-0.0179999999999997,-0.0309999999999996,-0.01,0.0130002499999999
2025-12-08,1,0.03000000000000025,0.0,0.0429999999999997,0.0399999999999995,0.0299999999999999,0.0030000199999999
2025-12-09,0,0.009999999999999787,0.0300000000000002,0.052,0.0500000000000002,-0.0199999999999999,0.00199986
2025-12-10,0,-0.04999999999999982,-0.06,-0.0819999999999998,0.0110000000000001,0.0099999999999998,-0.09299994
2025-12-11,0,0.009999999999999787,-0.0100000000000002,0.0070000000000001,0.0059999999999997,0.02,0.0009999299999999
2025-12-12,1,0.05000000000000071,0.0300000000000002,0.0309999999999996,-0.008,0.02,0.03900003
2025-12-15,0,-0.010000000000000675,-0.02,-0.0839999999999996,-0.0929999999999999,0.01,0.0090000699999999
2025-12-16,0,-0.02999999999999936,-0.04,-0.012,-0.0009999999999998,0.01,-0.0110001499999999
2025-12-17,1,0.009999999999999787,0.0099999999999997,0.0109999999999996,-0.0030000000000001,0.0,0.0139999299999999
2025-12-18,0,-0.040000000000000036,-0.0299999999999998,-0.012,-0.0289999999999999,-0.01,0.0170002
2025-12-19,1,0.040000000000000036,0.0299999999999998,0.0300000000000002,0.0429999999999997,0.01,-0.01300001
2025-12-22,1,0.009999999999999787,0.0300000000000002,0.0169999999999999,-0.0109999999999996,-0.02,0.0279998799999999
2025-12-23,1,0.009999999999999787,0.02,0.02,-0.036,-0.01,0.0559999999999999
2025-12-24,0,-0.02999999999999936,-0.02,-0.0339999999999998,-0.024,-0.01,-0.0099997599999999
2025-12-26,1,-0.010000000000000675,-0.02,0.0289999999999999,0.0190000000000001,0.01,0.00999999
2025-12-29,1,-0.019999999999999574,-0.0300000000000002,-0.02,-0.0190000000000001,0.01,-0.00099993
2025-12-30,0,0.019999999999999574,-0.0099999999999997,0.0309999999999996,0.0129999999999999,0.03,0.0179999
2026-01-02,1,0.05000000000000071,0.0499999999999998,0.0010000000000003,-0.0169999999999999,0.0,0.01799988
2026-01-05,1,-0.020000000000000462,-0.02,0.0099999999999997,-0.0020000000000002,0.0,0.0119998399999999
2026-01-06,1,0.009999999999999787,0.0100000000000002,0.0020000000000002,0.0150000000000001,0.0,-0.01299977
2026-01-07,1,-0.02999999999999936,-0.0100000000000002,-0.044,-0.0379999999999998,-0.02,-0.0060000499999999
2026-01-08,1,0.040000000000000036,0.0300000000000002,-0.0129999999999999,-0.008,0.01,-0.00499987
2026-01-09,1,-0.010000000000000675,0.0299999999999998,0.0449999999999999,0.04,-0.04,0.00499987
2026-01-12,1,0.010000000000000675,0.0,0.0059999999999997,0.0379999999999998,0.01,-0.03200006
2026-01-13,1,-0.010000000000000675,-0.02,0.02,0.0230000000000001,0.01,-0.0030000199999999
2026-01-14,1,-0.02999999999999936,-0.0099999999999997,0.0060000000000002,-0.0070000000000001,-0.02,0.01300001
2026-01-15,1,0.019999999999999574,0.06,0.0749999999999997,0.0939999999999998,-0.0399999999999999,-0.01899981
2026-01-16,1,0.07000000000000028,0.0499999999999998,-0.0049999999999998,-0.0099999999999997,0.0199999999999999,0.0049998799999999
2026-01-19,1,0.0,0.0,0.0769999999999999,0.0499999999999998,0.0,0.02699994
2026-01-20,0,0.05999999999999961,0.0100000000000002,0.088,0.0609999999999999,0.05,0.02700019
2026-01-21,1,-0.040000000000000036,-0.02,-0.0510000000000001,-0.0529999999999999,-0.02,0.00199987
2026-01-22,1,0.0,0.02,-0.044,-0.0289999999999999,-0.02,-0.01499988
2026-01-23,1,-0.019999999999999574,-0.0100000000000002,0.032,0.028,-0.01,0.0039997099999999
2026-01-26,0,-0.020000000000000462,-0.0099999999999997,-0.0459999999999998,-0.0409999999999999,-0.0099999999999998,-0.00499988
2026-01-27,1,0.020000000000000462,-0.0100000000000002,-0.0140000000000002,-0.0020000000000002,0.0299999999999999,-0.0120000799999999
2026-01-28,1,0.019999999999999574,0.0100000000000002,-0.012,-0.0269999999999996,0.01,0.01500011
2026-01-29,1,-0.019999999999999574,-0.0300000000000002,0.0390000000000001,0.0389999999999997,0.01,0.0
2026-01-30,1,0.019999999999999574,-0.0299999999999998,0.0500000000000002,0.032,0.05,0.0180001199999999
2026-02-02,0,0.03000000000000025,0.04,-0.004,0.0140000000000002,-0.01,-0.0180001199999999
2026-02-03,1,-0.009999999999999787,0.0,0.0579999999999998,0.0369999999999999,-0.01,0.02100014
2026-02-04,1,0.009999999999999787,0.0,0.0510000000000001,0.0230000000000001,0.01,0.0279998799999999
2026-02-05,0,-0.08000000000000007,-0.0900000000000003,-0.0250000000000003,-0.008,0.01,-0.0169999599999999
2026-02-06,0,0.009999999999999787,0.02,0.0230000000000001,0.0289999999999999,-0.01,-0.00600004
2026-02-09,1,0.0,-0.0099999999999997,0.044,0.0339999999999998,0.01,0.01
2026-02-10,1,-0.05999999999999961,-0.06,-0.0729999999999999,-0.0429999999999997,0.0,-0.0299999799999999
2026-02-11,1,0.019999999999999574,0.0499999999999998,-0.0420000000000002,-0.024,-0.03,-0.01800012
2026-02-12,1,-0.08999999999999986,-0.0599999999999996,-0.0209999999999999,-0.0460000000000002,-0.03,0.0250001
2026-02-13,0,-0.04999999999999982,-0.06,-0.0469999999999997,-0.012,0.01,-0.03499986
2026-02-19,1,0.040000000000000036,0.0699999999999998,0.0169999999999999,0.036,-0.03,-0.0190000399999999
2026-02-20,1,0.0,0.0,-0.048,-0.0350000000000001,0.0,-0.0130000299999999
2026-02-23,1,-0.04999999999999982,-0.0499999999999998,0.0379999999999998,0.0110000000000001,0.0,0.0269999499999999
2026-02-24,1,0.009999999999999787,0.02,0.0150000000000001,0.004,-0.01,0.0109999199999999
2026-02-25,1,0.009999999999999787,0.02,-0.0369999999999999,-0.0339999999999998,-0.0099999999999998,-0.0030000199999999
2026-02-26,1,-0.03000000000000025,-0.0300000000000002,-0.0859999999999998,-0.0620000000000002,0.0,-0.02399992
2026-02-27,0,-0.04999999999999938,-0.0699999999999998,-0.024,-0.0209999999999999,0.0199999999999999,-0.0029997999999999
2026-03-03,0,0.08999999999999941,0.1099999999999998,0.1479999999999997,0.1390000000000002,-0.0199999999999999,0.00899983
2026-03-04,0,0.03000000000000025,0.0499999999999998,0.0380000000000002,0.0429999999999997,-0.02,-0.00500011
2026-03-05,1,0.040000000000000036,0.04,-0.0430000000000001,-0.0339999999999998,0.0,-0.0089998199999999
2026-03-06,1,0.020000000000000462,0.0,0.0270000000000001,0.0379999999999998,0.02,-0.01100016
2026-03-09,0,-0.03000000000000025,-0.0099999999999997,0.1229999999999997,0.193,-0.02,-0.0699999399999999
2026-03-10,1,0.03000000000000025,0.0,-0.1099999999999998,-0.137,0.0299999999999999,0.0269999599999999
2026-03-11,1,0.05999999999999961,0.06,-0.0209999999999999,-0.0299999999999998,0.0,0.00900006
2026-03-12,0,0.05999999999999961,0.1099999999999998,0.0409999999999999,0.0179999999999997,-0.0499999999999999,0.0229999999999999
2026-03-13,0,0.010000000000000675,-0.0099999999999997,0.052,0.0670000000000001,0.02,-0.0150001
2026-03-16,1,-0.04999999999999982,-0.0500000000000002,-0.0209999999999999,-0.0380000000000002,0.0,0.01700018
2026-03-17,1,-0.03000000000000025,-0.0099999999999997,0.012,0.024,-0.02,-0.01200007
2026-03-18,1,0.05999999999999961,0.0799999999999996,-0.0860000000000003,-0.0629999999999997,-0.02,-0.0229999999999999
2026-03-19,0,-0.009999999999999787,0.0300000000000002,0.0870000000000001,0.068,-0.0399999999999999,0.0190000499999999
2026-03-20,1,0.13999999999999968,0.1099999999999998,0.0430000000000001,0.0809999999999999,0.0299999999999999,-0.0380000999999999
2026-03-23,0,-0.04999999999999982,-0.0499999999999998,0.1429999999999998,0.2069999999999998,0.0,-0.06400013
2026-03-24,1,0.04999999999999982,0.08,-0.044,-0.0939999999999998,-0.0299999999999999,0.05000019
2026-03-25,1,-0.05999999999999961,-0.0500000000000002,0.024,0.0349999999999997,-0.01,-0.0110001599999999
2026-03-26,0,0.08999999999999986,0.1200000000000001,0.0060000000000002,-0.0059999999999997,-0.03,0.01200008
2026-03-27,0,0.020000000000000462,-0.06,0.0499999999999998,0.0299999999999998,0.08,0.0199999799999999
2026-03-30,0,-0.09000000000000075,-0.0899999999999998,-0.024,-0.04,0.0,0.0160000399999999
2026-03-31,0,-0.04999999999999982,-0.04,-0.012,0.0100000000000002,-0.01,-0.0220000799999999
2026-04-01,1,0.03000000000000025,0.0299999999999998,-0.1899999999999999,-0.1819999999999999,0.0,-0.0079999
2026-04-02,0,-0.020000000000000462,-0.02,0.1149999999999997,0.1069999999999997,0.0,0.0079999
2026-04-03,1,0.040000000000000036,0.06,-0.0569999999999999,-0.0289999999999999,-0.02,-0.02799988
2026-04-06,1,-0.009999999999999787,0.0,-0.0219999999999997,-0.016,-0.0099999999999999,-0.0060000399999999
2026-04-07,1,-0.009999999999999787,-0.06,0.0289999999999999,0.0190000000000001,0.0499999999999999,0.00999999
2026-04-08,1,-0.040000000000000036,-0.04,-0.1259999999999999,-0.1360000000000001,0.0,0.00999999
2026-04-09,0,0.0,-0.0099999999999997,0.032,0.0230000000000001,0.01,0.0090000699999999
2026-04-10,1,0.019999999999999574,0.0299999999999998,0.0259999999999998,0.0219999999999997,-0.01,0.00400017
2026-04-13,0,-0.009999999999999787,-0.0099999999999997,0.0289999999999999,0.0220000000000002,0.0,0.0069997399999999
2026-04-14,1,-0.040000000000000036,-0.0300000000000002,-0.0569999999999999,-0.0430000000000001,-0.01,-0.0139999399999999
2026-04-15,1,0.03000000000000025,0.0300000000000002,-0.0030000000000001,-0.0110000000000001,0.0,0.0079999
2026-04-16,1,0.03000000000000025,0.0099999999999997,0.02,0.012,0.02,0.0080001399999999
2026-04-17,0,-0.0600000000000005,-0.0799999999999996,0.0420000000000002,0.0310000000000001,0.02,0.0109999199999999
2026-04-20,1,0.0,0.0099999999999997,-0.0289999999999999,-0.0230000000000001,-0.01,-0.0060000599999999
2026-04-21,1,0.040000000000000036,0.0699999999999998,-0.0330000000000003,-0.0179999999999997,-0.03,-0.01499985
2026-04-22,1,0.0,0.0100000000000002,0.0420000000000002,0.0350000000000001,-0.01,0.00699997
2026-04-23,1,0.040000000000000036,0.0299999999999998,0.0939999999999998,0.0929999999999999,0.01,0.0009999199999999
2026-04-24,0,-0.03000000000000025,-0.04,0.0260000000000002,0.0379999999999998,0.01,-0.0120000799999999
2026-04-27,1,0.040000000000000036,0.0300000000000002,0.0029999999999996,-0.004,0.01,0.0069999699999999
2026-04-28,1,0.010000000000000675,0.0299999999999998,0.0410000000000003,0.0369999999999999,-0.02,0.00400019
2026-04-29,1,0.05999999999999961,0.08,-0.0180000000000002,-0.004,-0.02,-0.01400018
2026-04-30,0,-0.019999999999999574,-0.0299999999999998,0.08,0.0700000000000002,0.01,0.0100002299999999
2026-05-04,1,0.04999999999999982,0.0699999999999998,0.0089999999999998,0.02,-0.02,-0.0110001699999999
2026-05-06,1,-0.08999999999999986,-0.0899999999999998,0.0,-0.02,0.0,0.02
2026-05-07,1,0.04999999999999982,0.0499999999999998,-0.044,-0.0490000000000003,0.0,0.0050001
2026-05-08,1,-0.03000000000000025,-0.02,0.0209999999999999,0.0230000000000001,-0.0099999999999999,-0.0020001
2026-05-11,1,0.040000000000000036,0.04,0.0410000000000003,0.0289999999999999,0.0,0.0120000999999999
2026-05-12,0,0.040000000000000036,0.0499999999999998,0.1059999999999998,0.076,-0.01,0.0300002
2026-05-13,1,0.0,-0.0099999999999997,-0.0120000000000004,-0.0390000000000001,0.01,0.0269999599999999
2026-05-14,1,0.0,0.0,0.0410000000000003,0.0190000000000001,0.0,0.0219998399999999
