Date,Target,S&P500,Nikkei225,TaiwanWeighted,USD_KRW,Dollar_Index,VIX
2023-05-02,1,4169.47998,29157.94922,15636.48047,1342.790039,101.9599991,15.77999973
2023-05-03,0,4119.580078,29157.94922,15553.41016,1342.300049,101.3399963,17.78000069
2023-05-04,0,4090.75,29157.94922,15609.03027,1335.22998,101.4000015,18.34000015
2023-05-08,1,4061.219971,28949.88086,15699.57031,1316.959961,101.3700027,20.09000015
2023-05-09,0,4138.120117,29242.82031,15727.7002,1322.410034,101.6399994,16.97999954
2023-05-10,0,4119.169922,29122.17969,15641.75977,1326.050049,101.4800034,17.70999908
2023-05-11,0,4137.640137,29126.7207,15514.63965,1318.050049,102.0599976,16.94000053
2023-05-12,0,4130.620117,29388.30078,15502.36035,1329.880005,102.6800003,16.93000031
2023-05-15,1,4124.080078,29626.33984,15475.0498,1341.52002,102.4300003,17.03000069
2023-05-16,1,4136.279785,29842.99023,15673.90039,1335.400024,102.5599976,17.12000084
2023-05-17,1,4109.899902,30093.58984,15925.29004,1342.430054,102.8799973,17.98999977
2023-05-18,1,4158.77002,30573.92969,16101.87988,1334.150024,103.5800018,16.87000084
2023-05-19,1,4198.049805,30808.34961,16174.91992,1334.73999,103.1999969,16.04999924
2023-05-22,1,4191.97998,31086.82031,16180.88965,1324.209961,103.1999969,16.80999947
2023-05-23,1,4192.629883,30957.76953,16188.03027,1313.829956,103.4899979,17.20999908
2023-05-24,0,4145.580078,30682.67969,16159.32031,1319.839966,103.8899994,18.53000069
2023-05-25,0,4115.240234,30801.13086,16292,1318.52002,104.2099991,20.03000069
2023-05-26,1,4151.279785,30916.31055,16505.05078,1330.890015,104.2099991,19.13999939
2023-05-30,1,4205.450195,31328.16016,16622.74023,1324.589966,104.1699982,17.95000076
2023-05-31,0,4205.52002,30887.88086,16578.96094,1319.790039,104.3199997,17.45999908
2023-06-01,0,4179.830078,31148.00977,16512.65039,1321.73999,103.5599976,17.94000053
2023-06-02,1,4221.02002,31524.2207,16706.91016,1312.849976,104.0199966,15.64999962
2023-06-05,1,4282.370117,32217.42969,16714.42969,1305.140015,104,14.60000038
2023-06-07,1,4273.790039,31913.74023,16922.48047,1299.199951,104.0999985,14.72999954
2023-06-08,0,4267.52002,31641.26953,16733.68945,1308.339966,103.3399963,13.93999958
2023-06-09,1,4293.930176,32265.16992,16886.40039,1296.329956,103.5599976,13.64999962
2023-06-12,0,4298.859863,32434,16955.36914,1286.689941,103.6299973,13.82999992
2023-06-13,1,4338.930176,33018.64844,17216.59961,1284.579956,103.3399963,15.01000023
2023-06-14,0,4369.009766,33502.42188,17238.14063,1267.619995,103.0100021,14.60999966
2023-06-15,0,4372.589844,33485.48828,17334.98047,1273.98999,102.1200027,13.88000011
2023-06-16,1,4425.839844,33706.07813,17288.91016,1270.050049,102.3000031,14.5
2023-06-19,0,4409.589844,33370.42188,17274.56055,1276.310059,102.3000031,13.53999996
2023-06-20,0,4409.589844,33388.91016,17184.91016,1283.23999,102.5400009,13.53999996
2023-06-21,0,4388.709961,33575.14063,17202.40039,1287.540039,102.0699997,13.88000011
2023-06-22,1,4365.689941,33264.87891,17202.40039,1288.380005,102.3899994,13.19999981
2023-06-23,0,4381.890137,32781.53906,17202.40039,1298.209961,102.9000015,12.90999985
2023-06-26,1,4348.330078,32698.81055,17059.24023,1307.670044,102.6900024,13.43999958
2023-06-27,0,4328.819824,32538.33008,16887.90039,1302.660034,102.4899979,14.25
2023-06-28,0,4378.410156,33193.98828,16935.63086,1296.599976,102.9100037,13.73999977
2023-06-29,0,4376.859863,33234.14063,16942.30078,1309.01001,103.3399963,13.43000031
2023-06-30,1,4396.439941,33189.03906,16915.53906,1323.069946,102.9100037,13.53999996
2023-07-03,1,4450.379883,33753.32813,17084.19922,1315.300049,102.9899979,13.59000015
2023-07-04,0,4455.589844,33422.51953,17140.76953,1306.099976,102.9899979,13.56999969
2023-07-05,0,4455.589844,33338.69922,17056.42969,1295.5,103.3700027,13.56999969
2023-07-06,0,4446.819824,32773.01953,16762.16992,1302.969971,103.1699982,14.18000031
2023-07-07,0,4411.589844,32388.41992,16664.21094,1309.219971,102.2699966,15.43999958
2023-07-10,0,4398.950195,32189.73047,16652.80078,1297.369995,101.9700012,14.82999992
2023-07-11,1,4409.529785,32203.57031,16898.91016,1299.540039,101.7300034,15.06999969
2023-07-12,1,4439.259766,31943.92969,16962.0293,1291.51001,100.5199966,14.84000015
2023-07-13,1,4472.160156,32419.33008,17061.40039,1274.699951,99.76999664,13.53999996
2023-07-14,1,4510.040039,32391.25977,17283.71094,1266.829956,99.91000366,13.60999966
2023-07-17,0,4505.419922,32391.25977,17334.28906,1268.339966,99.83999634,13.34000015
2023-07-18,0,4522.790039,32493.89063,17227.91016,1265.449951,99.94000244,13.47999954
2023-07-19,1,4554.97998,32896.03125,17116.43945,1264.939941,100.2799988,13.30000019
2023-07-20,0,4565.720215,32490.51953,17164.89063,1265.089966,100.8799973,13.76000023
2023-07-21,1,4534.870117,32304.25,17030.69922,1278.400024,101.0699997,13.98999977
2023-07-24,1,4536.339844,32700.93945,17033.60938,1285.650024,101.3499985,13.60000038
2023-07-25,1,4554.640137,32682.50977,17198.89063,1280.530029,101.3499985,13.90999985
2023-07-26,0,4567.459961,32668.33984,17162.55078,1274.119995,100.8899994,13.85999966
2023-07-27,1,4566.75,32891.16016,17241.82031,1275.170044,101.7699966,13.18999958
2023-07-28,1,4537.410156,32759.23047,17292.92969,1283.880005,101.6200027,14.40999985
2023-07-31,1,4582.22998,33172.21875,17145.42969,1272.390015,101.8600006,13.32999992
2023-08-01,1,4588.959961,33476.57813,17212.86914,1277.930054,102.3000031,13.63000011
2023-08-02,0,4576.72998,32707.68945,16893.73047,1289.050049,102.5899963,13.93000031
2023-08-03,0,4513.390137,32159.2793,16893.73047,1295.369995,102.5400009,16.09000015
2023-08-04,0,4501.890137,32192.75,16843.67969,1296.400024,102.0199966,15.92000008
2023-08-07,0,4478.029785,32254.56055,16996,1303.050049,102.0500031,17.10000038
2023-08-08,0,4518.439941,32377.28906,16877.07031,1307.75,102.5299988,15.77000046
2023-08-09,1,4499.379883,32204.33008,16870.93945,1316.670044,102.4899979,15.98999977
2023-08-10,0,4467.709961,32473.65039,16634.69922,1313.640015,102.5199966,15.96000004
2023-08-11,0,4468.830078,32473.65039,16601.25,1318.329956,102.8399963,15.85000038
2023-08-14,0,4464.049805,32059.91016,16393.66016,1329.609985,103.1900024,14.84000015
2023-08-16,0,4489.720215,31766.82031,16446.7793,1338.73999,103.4199982,14.81999969
2023-08-17,0,4404.330078,31626,16516.66016,1343.329956,103.4400024,16.78000069
2023-08-18,0,4370.359863,31450.75977,16381.30957,1339.079956,103.3799973,17.88999939
2023-08-21,1,4369.709961,31565.64063,16381.49023,1339.170044,103.3300018,17.29999924
2023-08-22,1,4399.77002,31856.71094,16437.60938,1339.73999,103.5599976,17.12999916
2023-08-23,0,4387.549805,32010.25977,16576.90039,1339.689941,103.3600006,16.96999931
2023-08-24,1,4436.009766,32287.21094,16770.86914,1327.780029,103.9800034,15.97999954
2023-08-25,0,4376.310059,31624.2793,16481.58008,1326.619995,104.0800018,17.20000076
2023-08-28,1,4405.709961,32169.99023,16509.25977,1323.609985,104.0599976,15.68000031
2023-08-29,1,4433.310059,32226.9707,16623.65039,1322.819946,103.5500031,15.07999992
2023-08-30,1,4497.629883,32333.46094,16719.82031,1321.069946,103.1600037,14.44999981
2023-08-31,0,4514.870117,32619.33984,16634.50977,1323.030029,103.6200027,13.88000011
2023-09-01,1,4507.660156,32710.61914,16644.93945,1324.640015,104.2399979,13.56999969
2023-09-04,1,4515.77002,32939.17969,16789.68945,1317.459961,104.2399979,13.09000015
2023-09-05,0,4515.77002,33036.76172,16791.60938,1317.949951,104.8099976,13.09000015
2023-09-06,0,4496.830078,33241.01953,16738.16016,1331.72998,104.8600006,14.01000023
2023-09-07,0,4465.47998,32991.07813,16619.14063,1333.459961,105.0599976,14.44999981
2023-09-08,0,4451.140137,32606.83984,16576.01953,1334.02002,105.0899963,14.39999962
2023-09-11,1,4457.490234,32467.75977,16432.94922,1335.319946,104.5699997,13.84000015
2023-09-12,0,4487.459961,32776.37109,16572.71094,1320.439941,104.7099991,13.80000019
2023-09-13,0,4461.899902,32706.51953,16581.50977,1324.099976,104.7699966,14.22999954
2023-09-14,1,4467.439941,33168.10156,16807.56055,1329.77002,105.4100037,13.47999954
2023-09-15,1,4505.100098,33533.08984,16920.91992,1327.060059,105.3199997,12.81999969
2023-09-18,0,4450.319824,33533.08984,16698.24023,1328.420044,105.1999969,13.78999996
2023-09-19,0,4453.529785,33242.58984,16636.32031,1329.660034,105.1999969,14
2023-09-20,1,4443.950195,33023.78125,16534.75,1328.530029,105.1600037,14.10999966
2023-09-21,0,4402.200195,32571.0293,16316.66992,1332.339966,105.3600006,15.14000034
2023-09-22,0,4330,32402.41016,16344.48047,1341.170044,105.5800018,17.54000092
2023-09-25,0,4320.060059,32678.61914,16452.23047,1334.660034,106,17.20000076
2023-09-26,0,4337.439941,32315.05078,16276.07031,1338.449951,106.2300034,16.89999962
2023-09-27,1,4273.529785,32371.90039,16310.36035,1353.75,106.6699982,18.94000053
2023-10-04,0,4274.509766,30526.88086,16273.37988,1359.219971,106.8000031,18.21999931
2023-10-05,0,4263.75,31075.35938,16453.51953,1351.160034,106.3300018,18.57999992
2023-10-06,1,4258.189941,30994.66992,16520.57031,1346.060059,106.0400009,18.48999977
2023-10-10,0,4308.5,31746.5293,16520.57031,1346.890015,105.8300018,17.45000076
2023-10-11,1,4358.240234,31936.50977,16672.0293,1341.890015,105.8199997,17.03000069
2023-10-12,1,4376.950195,32494.66016,16825.91016,1338.26001,106.5699997,16.09000015
2023-10-13,0,4349.609863,32315.99023,16782.57031,1348.339966,106.6500015,16.69000053
2023-10-16,0,4327.779785,31659.0293,16652.24023,1352.069946,106.2399979,19.31999969
2023-10-17,1,4373.629883,32040.28906,16642.55078,1347.76001,106.25,17.20999908
2023-10-18,1,4373.200195,32042.25,16440.91016,1352.98999,106.5699997,17.87999916
2023-10-19,0,4314.600098,31430.61914,16452.73047,1354.560059,106.25,19.21999931
2023-10-20,0,4278,31259.35938,16440.7207,1356.22998,106.1600037,21.39999962
2023-10-23,0,4224.160156,30999.55078,16251.36035,1349.339966,105.5400009,21.70999908
2023-10-24,1,4217.040039,31062.34961,16309.75977,1334.439941,106.2699966,20.37000084
2023-10-25,0,4247.680176,31269.91992,16358.88965,1343.640015,106.5299988,18.96999931
2023-10-26,0,4186.77002,30601.7793,16073.74023,1352.680054,106.5999985,20.19000053
2023-10-27,1,4137.22998,30991.68945,16134.61035,1350.339966,106.5599976,20.68000031
2023-10-30,1,4117.370117,30696.96094,16149.67969,1355.219971,106.1200027,21.27000046
2023-10-31,0,4166.819824,30858.84961,16001.26953,1348.069946,106.6600037,19.75
2023-11-01,1,4193.799805,31601.65039,16038.55957,1350.160034,106.8799973,18.13999939
2023-11-02,1,4237.859863,31949.89063,16396.94922,1347.839966,106.1200027,16.87000084
2023-11-03,1,4317.779785,31949.89063,16507.65039,1333.680054,105.0199966,15.65999985
2023-11-06,1,4358.339844,32708.48047,16649.35938,1307.839966,105.2200012,14.90999985
2023-11-07,0,4365.97998,32271.82031,16684.94922,1297.109985,105.5400009,14.89000034
2023-11-08,0,4378.379883,32166.48047,16740.83008,1304.550049,105.5899963,14.81000042
2023-11-09,1,4382.779785,32646.46094,16745.65039,1308.119995,105.9100037,14.44999981
2023-11-10,0,4347.350098,32568.10938,16682.66992,1315.199951,105.8600006,15.28999996
2023-11-13,0,4415.240234,32585.10938,16839.28906,1319.619995,105.6600037,14.17000008
2023-11-14,1,4411.549805,32695.92969,16915.71094,1319.069946,104.1100006,14.76000023
2023-11-15,1,4495.700195,33519.69922,17128.7793,1304.23999,104.3899994,14.15999985
2023-11-16,1,4502.879883,33424.41016,17171.17969,1301.859985,104.3700027,14.18000031
2023-11-17,0,4508.240234,33585.19922,17208.94922,1292.449951,103.8199997,14.31999969
2023-11-20,1,4514.02002,33388.03125,17210.4707,1294.5,103.4700012,13.80000019
2023-11-21,1,4547.379883,33354.14063,17416.69922,1288.150024,103.5899963,13.40999985
2023-11-22,1,4538.189941,33451.82813,17310.25977,1295.189941,103.9199982,13.35000038
2023-11-23,1,4556.620117,33451.82813,17294.55078,1298.790039,103.9199982,12.85000038
2023-11-24,0,4556.620117,33625.53125,17287.41992,1300.180054,103.4000015,12.85000038
2023-11-27,0,4559.339844,33447.67188,17137.41992,1289.790039,103.1999969,12.46000004
2023-11-28,1,4550.430176,33408.39063,17341.25,1302.530029,102.75,12.68999958
2023-11-29,0,4554.890137,33321.21875,17370.56055,1287.530029,102.7699966,12.68999958
2023-11-30,1,4550.580078,33486.89063,17433.84961,1288.359985,103.5,12.97999954
2023-12-01,0,4567.799805,33431.51172,17438.34961,1296.660034,103.2699966,12.92000008
2023-12-04,1,4594.629883,33231.26953,17421.48047,1299.189941,103.6399994,12.63000011
2023-12-05,0,4569.779785,32775.82031,17328.00977,1307.800049,104.0500031,13.07999992
2023-12-06,1,4567.180176,33445.89844,17360.7207,1313.369995,104.1500015,12.85000038
2023-12-07,0,4549.339844,32858.30859,17278.74023,1313.719971,103.5400009,12.97000027
2023-12-08,1,4585.589844,32307.85938,17383.99023,1312.76001,104.0100021,13.06000042
2023-12-11,1,4604.370117,32791.80078,17418.33984,1316.51001,104.0999985,12.35000038
2023-12-12,1,4622.439941,32843.69922,17450.63086,1313.619995,103.8700027,12.63000011
2023-12-13,0,4643.700195,32926.35156,17468.92969,1310.140015,102.8700027,12.06999969
2023-12-14,1,4707.089844,32686.25,17653.10938,1292.01001,101.9599991,12.18999958
2023-12-15,1,4719.549805,32970.55078,17673.86914,1291.920044,102.5500031,12.47999954
2023-12-18,1,4719.189941,32758.98047,17652.0293,1276.469971,102.5100021,12.27999973
2023-12-19,1,4740.560059,33219.39063,17576.55078,1302.930054,102.1699982,12.56000042
2023-12-20,1,4768.370117,33675.94141,17635.19922,1297.76001,102.4100037,12.52999973
2023-12-21,0,4698.350098,33140.46875,17543.74023,1296.97998,101.8399963,13.67000008
2023-12-22,0,4746.75,33169.05078,17596.63086,1291.709961,101.6999969,13.64999962
2023-12-26,1,4754.629883,33305.85156,17751.73047,1294.579956,101.4700012,13.02999973
2023-12-27,1,4774.75,33681.23828,17891.5,1293.920044,100.9899979,12.98999977
2023-12-28,1,4781.580078,33539.62109,17910.36914,1294.76001,101.2300034,12.43000031
2024-01-02,1,4783.350098,33464.17188,17853.75977,1293.540039,102.1999969,12.47000027
2024-01-03,0,4742.830078,33464.17188,17559.31055,1307.619995,102.4599991,13.19999981
2024-01-04,0,4704.810059,33288.28906,17549.65039,1309.530029,102.4199982,14.03999996
2024-01-05,0,4688.680176,33377.42188,17519.14063,1311.25,102.4100037,14.13000011
2024-01-08,0,4697.240234,33377.42188,17572.66016,1313.130005,102.2099991,13.35000038
2024-01-09,0,4763.540039,33763.17969,17535.49023,1311.800049,102.5699997,13.07999992
2024-01-10,0,4756.5,34441.71875,17465.63086,1319.790039,102.3600006,12.76000023
2024-01-11,0,4783.450195,35049.85938,17545.32031,1317.5,102.2900009,12.68999958
2024-01-12,0,4780.240234,35577.10938,17512.83008,1311.98999,102.4000015,12.43999958
2024-01-15,1,4783.830078,35901.78906,17546.82031,1312.849976,102.4000015,12.69999981
2024-01-16,0,4783.830078,35619.17969,17346.86914,1319.709961,103.3600006,12.69999981
2024-01-17,0,4765.97998,35477.75,17161.78906,1337.790039,103.4499969,13.84000015
2024-01-18,1,4739.209961,35466.17188,17227.78906,1344.050049,103.5400009,14.78999996
2024-01-19,1,4780.939941,35963.26953,17681.51953,1337.660034,103.2900009,14.13000011
2024-01-22,0,4839.810059,36546.94922,17815.09961,1333.209961,103.3300018,13.30000019
2024-01-23,1,4850.430176,36517.57031,17874.58984,1338.73999,103.6200027,13.18999958
2024-01-24,0,4864.600098,36226.48047,17875.83008,1336.780029,103.2399979,12.55000019
2024-01-25,1,4868.549805,36236.46875,18002.61914,1329.890015,103.5699997,13.14000034
2024-01-26,1,4894.160156,35751.07031,17995.0293,1336.030029,103.4700012,13.44999981
2024-01-29,1,4890.970215,36026.94141,18119.63086,1336.76001,103.6100006,13.26000023
2024-01-30,0,4927.930176,36065.85938,18034.63086,1333.209961,103.4000015,13.60000038
2024-01-31,0,4924.970215,36286.71094,17889.56055,1326.619995,103.2699966,13.31000042
2024-02-01,1,4845.649902,36011.46094,17968.10938,1333.910034,103.0500031,14.35000038
2024-02-02,1,4906.189941,36158.01953,18059.92969,1328.949951,103.9199982,13.88000011
2024-02-05,0,4958.609863,36354.16016,18096.07031,1337.72998,104.4499969,13.85000038
2024-02-06,0,4942.810059,36160.66016,18096.07031,1333.390015,104.1800003,13.67000008
2024-02-07,1,4954.22998,36119.92188,18096.07031,1326.790039,104.0400009,13.06000042
2024-02-08,1,4995.060059,36863.28125,18096.07031,1327.619995,104.1500015,12.82999992
2024-02-13,1,4997.910156,37963.96875,18096.07031,1328.5,104.9599991,12.78999996
2024-02-14,0,4953.169922,37703.32031,18096.07031,1340.790039,104.7200012,15.85000038
2024-02-15,0,5000.620117,38157.94141,18644.57031,1326,104.3000031,14.38000011
2024-02-16,1,5029.72998,38487.23828,18607.25,1327.660034,104.2799988,14.01000023
2024-02-19,1,5005.569824,38470.37891,18635.80078,1331.579956,104.2799988,14.23999977
2024-02-20,0,5005.569824,38363.60938,18753.16016,1333.339966,104.0800018,14.23999977
2024-02-21,0,4975.509766,38262.16016,18676.31055,1333.75,104.0100021,15.42000008
2024-02-22,1,4981.799805,39098.67969,18852.7793,1332.869995,103.9599991,15.34000015
2024-02-23,1,5087.029785,39098.67969,18889.18945,1327.170044,103.9400024,14.53999996
2024-02-26,0,5088.799805,39233.71094,18948.05078,1330,103.8300018,13.75
2024-02-27,0,5069.529785,39239.51953,18854.41016,1331.719971,103.8300018,13.73999977
2024-02-28,1,5078.180176,39208.03125,18854.41016,1331.790039,103.9800034,13.43000031
2024-02-29,0,5069.759766,39166.19141,18966.76953,1333.380005,104.1600037,13.84000015
2024-03-04,1,5096.27002,40109.23047,19305.31055,1330.900024,103.8300018,13.39999962
2024-03-05,0,5130.950195,40097.62891,19386.91992,1328.939941,103.8000031,13.48999977
2024-03-06,0,5078.649902,40090.78125,19499.44922,1333.430054,103.3700027,14.46000004
2024-03-07,1,5104.759766,39598.71094,19693.51953,1327.089966,102.8199997,14.5
2024-03-08,1,5157.359863,39688.94141,19785.32031,1321.180054,102.7399979,14.43999958
2024-03-11,0,5123.689941,38820.48828,19726.08008,1315.97998,102.8700027,14.73999977
2024-03-12,1,5117.939941,38797.51172,19914.55078,1310.540039,102.9599991,15.22000027
2024-03-13,1,5175.27002,38695.96875,19928.50977,1311.150024,102.7900009,13.84000015
2024-03-14,1,5165.310059,38807.37891,19937.91992,1313.650024,103.3600006,13.75
2024-03-15,0,5150.47998,38707.64063,19682.5,1321.920044,103.4300003,14.39999962
2024-03-18,1,5117.089844,39740.44141,19879.84961,1329.339966,103.5800018,14.40999985
2024-03-19,0,5149.419922,40003.60156,19857.19922,1336.089966,103.8099976,14.32999992
2024-03-20,1,5178.509766,40003.60156,19784.44922,1337.02002,103.4100037,13.81999969
2024-03-21,1,5224.620117,40815.66016,20199.08984,1330.109985,104,13.03999996
2024-03-22,0,5241.529785,40888.42969,20228.42969,1334.680054,104.4300003,12.92000008
2024-03-25,0,5234.180176,40414.12109,20192.25,1343.599976,104.2300034,13.06000042
2024-03-26,1,5218.189941,40398.03125,20126.49023,1339.130005,104.2900009,13.18999958
2024-03-27,0,5203.580078,40762.73047,20200.11914,1343.060059,104.3499985,13.23999977
2024-03-28,0,5248.490234,40168.07031,20146.55078,1349.800049,104.5500031,12.77999973
2024-03-29,1,5254.350098,40369.44141,20294.44922,1349.800049,104.5500031,13.01000023
2024-04-01,1,5254.350098,39803.08984,20222.33008,1345.310059,105.0199966,13.01000023
2024-04-02,1,5243.77002,39838.91016,20466.57031,1355.530029,104.8199997,13.64999962
2024-04-03,0,5205.810059,39451.85156,20337.59961,1350.72998,104.25,14.60999966
2024-04-04,1,5211.490234,39773.14063,20337.59961,1344.839966,104.1200027,14.32999992
2024-04-05,0,5147.209961,38992.07813,20337.59961,1351.359985,104.3000031,16.35000038
2024-04-08,1,5204.339844,39347.03906,20417.69922,1350.27002,104.1399994,16.03000069
2024-04-09,0,5202.390137,39773.12891,20796.19922,1354.219971,104.1500015,15.18999958
2024-04-11,1,5209.910156,39442.62891,20753.2207,1363.76001,105.2799988,14.97999954
2024-04-12,0,5199.060059,39523.55078,20736.57031,1367.839966,106.0400009,14.90999985
2024-04-15,0,5123.410156,39232.80078,20449.76953,1379.609985,106.2099991,17.30999947
2024-04-16,0,5061.819824,38471.19922,19901.96094,1387.670044,106.2600021,19.22999954
2024-04-17,0,5051.410156,37961.80078,20213.33008,1387.339966,105.9499969,18.39999962
2024-04-18,1,5022.209961,38079.69922,20301.19922,1379.540039,106.1500015,18.20999908
2024-04-19,0,5011.120117,37068.35156,19527.11914,1379.400024,106.1500015,18
2024-04-22,1,4967.22998,37438.60938,19411.2207,1373.930054,106.0800018,18.70999908
2024-04-23,0,5010.600098,37552.16016,19599.2793,1378.839966,105.6900024,16.94000053
2024-04-24,1,5070.549805,38460.07813,20131.74023,1370.47998,105.8600006,15.68999958
2024-04-25,0,5071.629883,37628.48047,19857.41992,1376.969971,105.5999985,15.97000027
2024-04-26,1,5048.419922,37934.76172,20120.50977,1371.699951,105.9400024,15.36999989
2024-04-29,1,5099.959961,37934.76172,20495.51953,1377.089966,105.5800018,15.02999973
2024-04-30,1,5116.169922,38405.66016,20396.59961,1374.640015,106.2200012,14.67000008
2024-05-02,0,5035.689941,38236.07031,20222.43945,1375,105.3000031,15.64999962
2024-05-03,0,5064.200195,38236.07031,20330.32031,1364.640015,105.0299988,14.68000031
2024-05-07,1,5127.790039,38835.10156,20653.5293,1352.170044,105.4100037,13.48999977
2024-05-08,1,5187.700195,38202.37109,20700.50977,1357.72998,105.5500031,13.22999954
2024-05-09,0,5187.669922,38073.98047,20560.76953,1361.939941,105.2300034,13
2024-05-10,1,5214.080078,38229.10938,20708.83984,1365.400024,105.3099976,12.68999958
2024-05-13,0,5222.680176,38179.46094,20857.71094,1370.109985,105.2200012,12.55000019
2024-05-14,1,5221.419922,38356.05859,20985.84961,1363.790039,105.0100021,13.60000038
2024-05-16,1,5246.680176,38920.26172,21304.25977,1353.599976,104.4599991,13.42000008
2024-05-17,0,5297.100098,38787.37891,21258.4707,1346.040039,104.4499969,12.42000008
2024-05-20,1,5303.27002,39069.67969,21271.63086,1353.390015,104.5699997,11.98999977
2024-05-21,0,5308.129883,38946.92969,21236.75,1360.160034,104.6600037,12.14999962
2024-05-22,0,5321.410156,38617.10156,21551.83008,1363.420044,104.9400024,11.85999966
2024-05-23,0,5307.009766,39103.21875,21607.42969,1365.810059,105.1100006,12.28999996
2024-05-24,0,5267.839844,38646.10938,21565.33984,1367.619995,104.7200012,12.77000046
2024-05-27,1,5304.720215,38900.01953,21803.76953,1365.709961,104.7200012,11.93000031
2024-05-28,0,5304.720215,38855.37109,21858.41016,1360.930054,104.6100006,11.93000031
2024-05-29,0,5306.040039,38556.87109,21662.5,1362.76001,105.0999985,12.92000008
2024-05-30,0,5266.950195,38054.12891,21364.48047,1370.550049,104.7200012,14.27999973
2024-05-31,1,5235.47998,38487.89844,21174.2207,1375.619995,104.6699982,14.47000027
2024-06-03,1,5277.509766,38923.03125,21536.75977,1382.099976,104.1399994,12.92000008
2024-06-04,0,5283.399902,38837.46094,21356.61914,1370.790039,104.1100006,13.10999966
2024-06-05,1,5291.339844,38490.17188,21484.88086,1373.719971,104.2699966,13.15999985
2024-06-07,1,5354.029785,38683.92969,21858.38086,1365.25,104.8899994,12.63000011
2024-06-10,0,5346.990234,39038.16016,21858.38086,1379.050049,105.1500015,12.22000027
2024-06-11,1,5360.790039,39134.78906,21792.11914,1373.959961,105.2300034,12.73999977
2024-06-12,1,5375.319824,38876.71094,22048.96094,1377.359985,104.6500015,12.85000038
2024-06-13,1,5421.029785,38720.46875,22312.03906,1370.410034,105.1999969,12.03999996
2024-06-14,1,5433.740234,38814.55859,22504.7207,1373.73999,105.5500031,11.93999958
2024-06-17,0,5431.600098,38102.44141,22496.5293,1382.280029,105.3199997,12.65999985
2024-06-18,1,5473.22998,38482.10938,22757.42969,1379.060059,105.2600021,12.75
2024-06-19,1,5487.029785,38570.76172,23209.53906,1378.609985,105.2600021,12.30000019
2024-06-20,1,5487.029785,38633.01953,23406.09961,1381.150024,105.5899963,12.30000019
2024-06-21,0,5473.169922,38596.46875,23253.39063,1391.819946,105.8000031,13.27999973
2024-06-24,0,5464.620117,38804.64844,22813.69922,1388.390015,105.4700012,13.19999981
2024-06-25,1,5447.870117,39173.14844,22875.9707,1386.109985,105.6100006,13.32999992
2024-06-26,1,5469.299805,39667.07031,22986.68945,1390.890015,106.0500031,12.84000015
2024-06-27,0,5477.899902,39341.53906,22905.98047,1393.380005,105.9100037,12.55000019
2024-06-28,1,5482.870117,39583.07813,23032.25,1386.949951,105.8700027,12.23999977
2024-07-01,1,5460.47998,39631.05859,23058.57031,1380.290039,105.9000015,12.43999958
2024-07-02,0,5475.089844,40074.69141,22879.36914,1383.420044,105.7200012,12.22000027
2024-07-03,1,5509.009766,40580.76172,23172.42969,1383.420044,105.4000015,12.02999973
2024-07-04,1,5537.02002,40913.64844,23522.5293,1385.77002,105.4000015,12.09000015
2024-07-05,1,5537.02002,40912.37109,23556.58984,1380.25,104.8799973,12.09000015
2024-07-08,0,5567.189941,40780.69922,23878.15039,1376.569946,105.0100021,12.47999954
2024-07-09,1,5572.850098,41580.17188,23900.08008,1382.75,105.1200027,12.36999989
2024-07-10,1,5576.97998,41831.98828,24007.08008,1382.420044,105.0500031,12.51000023
2024-07-11,1,5633.910156,42224.01953,24390.0293,1382.98999,104.4400024,12.85000038
2024-07-12,0,5584.540039,41190.67969,23916.92969,1371.27002,104.0899963,12.92000008
2024-07-15,1,5615.350098,41190.67969,23879.35938,1374.109985,104.1900024,12.46000004
2024-07-16,1,5631.220215,41275.07813,23997.25,1383.689941,104.2699966,13.11999989
2024-07-17,0,5667.200195,41097.69141,23769.82031,1382.640015,103.75,13.18999958
2024-07-18,0,5588.27002,40126.35156,23398.4707,1378.650024,104.1699982,14.47999954
2024-07-19,0,5544.589844,40063.78906,22869.25977,1385.23999,104.4000015,15.93000031
2024-07-22,0,5505,39599,22256.99023,1388.810059,104.3099976,16.52000046
2024-07-23,1,5564.410156,39594.39063,22871.83984,1387.099976,104.4499969,14.90999985
2024-07-24,0,5555.740234,39154.85156,22871.83984,1384.569946,104.3899994,14.72000027
2024-07-25,0,5427.129883,37869.51172,22871.83984,1382.650024,104.3600006,18.04000092
2024-07-26,1,5399.220215,37667.41016,22119.21094,1381.430054,104.3199997,18.45999908
2024-07-29,1,5459.100098,38468.62891,22164.49023,1382.089966,104.5599976,16.38999939
2024-07-30,0,5463.540039,38525.94922,22223.57031,1381.359985,104.5500031,16.60000038
2024-07-31,1,5436.439941,39101.82031,22199.34961,1383.5,104.0999985,17.69000053
2024-08-01,1,5522.299805,38126.32813,22642.09961,1367.920044,104.4199982,16.36000061
2024-08-02,0,5446.680176,35909.69922,21638.08984,1368.969971,103.2099991,18.59000015
2024-08-05,0,5346.560059,31458.41992,19830.88086,1357.170044,102.6900024,23.38999939
2024-08-06,1,5186.330078,34675.46094,20501.01953,1367.400024,102.9700012,38.56999969
2024-08-07,1,5240.029785,35089.62109,21295.2793,1370.310059,103.1999969,27.70999908
2024-08-08,0,5199.5,34831.14844,20870.09961,1375.329956,103.2099991,27.85000038
2024-08-09,1,5319.310059,35025,21469,1373.76001,103.1399994,23.79000092
2024-08-12,1,5344.160156,35025,21773.25977,1363.839966,103.1399994,20.37000084
2024-08-13,1,5344.390137,36232.51172,21796.57031,1369.540039,102.5599976,20.70999908
2024-08-14,1,5434.430176,36442.42969,22027.25,1362.170044,102.5699997,18.12000084
2024-08-16,1,5455.209961,38062.67188,22349.33008,1363.51001,102.4599991,16.19000053
2024-08-19,0,5554.25,37388.62109,22409.63086,1348.97998,101.8899994,14.80000019
2024-08-20,1,5608.25,38062.92188,22429.09961,1330.880005,101.4400024,14.64999962
2024-08-21,1,5597.120117,37951.80078,22237.89063,1327.579956,101.0400009,15.88000011
2024-08-22,1,5620.850098,38211.01172,22148.83008,1333.660034,101.5100021,16.27000046
2024-08-23,0,5570.640137,38364.26953,22158.05078,1339.540039,100.7200012,17.54999924
2024-08-26,0,5634.609863,38110.21875,22240.11914,1323.880005,100.8499985,15.85999966
2024-08-27,0,5616.839844,38288.62109,22185,1326.640015,100.5500031,16.14999962
2024-08-28,1,5625.799805,38371.76172,22370.66016,1326.359985,101.0899963,15.43000031
2024-08-29,0,5592.180176,38362.53125,22201.84961,1336.689941,101.3399963,17.11000061
2024-08-30,1,5591.959961,38647.75,22268.08984,1332.880005,101.6999969,15.64999962
2024-09-02,1,5648.399902,38700.87109,22235.09961,1336.579956,101.6999969,15
2024-09-03,0,5648.399902,38686.30859,22092.21094,1337.550049,101.8300018,15
2024-09-04,0,5528.930176,37047.60938,21092.75,1340.410034,101.3600006,20.71999931
2024-09-05,0,5520.069824,36657.08984,21187.71094,1331.01001,101.1100006,21.31999969
2024-09-06,0,5503.410156,36391.46875,21435.18945,1332.790039,101.1800003,19.89999962
2024-09-09,0,5408.419922,36215.75,21144.43945,1337.77002,101.5500031,22.37999916
2024-09-10,0,5471.049805,36159.16016,21064.08008,1341.27002,101.6299973,19.45000076
2024-09-11,0,5495.52002,35619.76953,21031,1343.339966,101.6800003,19.07999992
2024-09-12,1,5554.129883,36833.26953,21653.25,1339.180054,101.3700027,17.69000053
2024-09-13,1,5595.759766,36581.76172,21759.65039,1335.689941,101.1100006,17.06999969
2024-09-19,1,5626.02002,37155.32813,22042.68945,1322.26001,100.6100006,16.55999947
2024-09-20,1,5713.640137,37723.91016,22159.41992,1327.609985,100.7200012,16.32999992
2024-09-23,1,5702.549805,37723.91016,22285.5293,1331.5,100.9199982,16.14999962
2024-09-24,1,5718.569824,37940.58984,22431.7793,1333.619995,100.3700027,15.89000034
2024-09-25,0,5732.930176,37870.26172,22761.59961,1324.890015,100.9199982,15.39000034
2024-09-26,1,5722.259766,38925.62891,22858.81055,1335.050049,100.5599976,15.40999985
2024-09-27,0,5745.370117,39829.55859,22822.78906,1313.300049,100.4199982,15.36999989
2024-09-30,0,5738.169922,37919.55078,22224.53906,1309.300049,100.7799988,16.95999908
2024-10-02,0,5762.47998,37808.76172,22390.39063,1324.839966,101.6800003,16.72999954
2024-10-04,1,5709.540039,38635.62109,22302.71094,1334.410034,102.5199966,18.89999962
2024-10-07,1,5751.069824,39332.73828,22702.56055,1345.880005,102.5400009,19.20999908
2024-10-08,0,5695.939941,38937.53906,22611.39063,1342.369995,102.5500031,22.63999939
2024-10-10,1,5751.129883,39380.89063,22659.08008,1343.02002,102.9899979,21.42000008
2024-10-11,0,5780.049805,39605.80078,22901.64063,1349.73999,102.8899994,20.93000031
2024-10-14,1,5815.029785,39605.80078,22975.28906,1348.329956,103.3000031,20.45999908
2024-10-15,1,5859.850098,39910.55078,23292.03906,1357.27002,103.2600021,19.70000076
2024-10-16,0,5815.259766,39180.30078,23010.98047,1363.180054,103.5899963,20.63999939
2024-10-17,0,5842.470215,38911.19141,23053.83984,1364.199951,103.8300018,19.57999992
2024-10-18,0,5841.470215,38981.75,23487.26953,1370.050049,103.4899979,19.11000061
2024-10-21,1,5864.669922,38954.60156,23542.5293,1369.01001,104.0100021,18.03000069
2024-10-22,0,5853.97998,38411.96094,23535.42969,1376.5,104.0800018,18.37000084
2024-10-23,1,5851.200195,38104.85938,23334.75977,1376.630005,104.4300003,18.20000076
2024-10-24,0,5797.419922,38143.28906,23192.51953,1377.339966,104.0599976,19.23999977
2024-10-25,1,5809.859863,37913.92188,23348.44922,1376.319946,104.2600021,19.07999992
2024-10-28,1,5808.120117,38605.53125,23198.07031,1387.660034,104.3199997,20.32999992
2024-10-29,1,5823.52002,38903.67969,22926.58984,1381.969971,104.2799988,19.79999924
2024-10-30,0,5832.919922,39277.39063,22820.42969,1383.180054,103.9899979,19.34000015
2024-10-31,0,5813.669922,39081.25,22820.42969,1378.569946,103.9800034,20.35000038
2024-11-01,0,5705.450195,38053.67188,22780.08008,1372.930054,104.2799988,23.15999985
2024-11-04,1,5728.799805,38053.67188,22965.39063,1379.339966,103.8899994,21.87999916
2024-11-05,0,5712.689941,38474.89844,23106.78906,1372.859985,103.4199982,21.97999954
2024-11-06,0,5782.759766,39480.67188,23217.38086,1378,105.0899963,20.48999977
2024-11-07,1,5929.040039,39381.41016,23408.82031,1399.800049,104.5100021,16.27000046
2024-11-08,0,5973.100098,39500.37109,23553.89063,1372.079956,105,15.19999981
2024-11-11,0,5995.540039,39533.32031,23529.64063,1397.199951,105.5400009,14.93999958
2024-11-12,0,6001.350098,39376.08984,22981.76953,1400.550049,106.0199966,14.97000027
2024-11-13,0,5983.990234,38721.66016,22860.23047,1406.650024,106.4800034,14.71000004
2024-11-14,1,5985.379883,38535.69922,22715.38086,1399,106.6699982,14.02000046
2024-11-15,0,5949.169922,38642.91016,22742.76953,1400.829956,106.6900024,14.31000042
2024-11-18,1,5870.620117,38220.85156,22546.53906,1394.349976,106.2799988,16.13999939
2024-11-19,1,5893.620117,38414.42969,22848.80078,1389.5,106.2099991,15.57999992
2024-11-20,1,5916.97998,38352.33984,22688.35938,1392.160034,106.6800003,16.35000038
2024-11-21,0,5917.109863,38026.17188,22555.66016,1397.619995,106.9700012,17.15999985
2024-11-22,1,5948.709961,38283.85156,22904.32031,1399.599976,107.4899979,16.87000084
2024-11-25,1,5969.339844,38780.14063,22948.36914,1403.51001,106.8199997,15.23999977
2024-11-26,0,5987.370117,38442,22678.75977,1395.560059,107.0100021,14.60000038
2024-11-27,0,6021.629883,38134.96875,22334.7793,1395.27002,106.0800018,14.10000038
2024-11-28,1,5998.740234,38349.05859,22298.90039,1388.469971,106.0800018,14.10000038
2024-11-29,0,5998.740234,38208.03125,22262.5,1393.300049,105.7399979,14.10000038
2024-12-02,0,6032.379883,38513.01953,22736.92969,1399.859985,106.4499969,13.51000023
2024-12-03,1,6047.149902,39248.85938,23027.46094,1401.060059,106.3700027,13.34000015
2024-12-04,0,6049.879883,39276.39063,23255.33008,1411.670044,106.3399963,13.30000019
2024-12-05,0,6086.490234,39395.60156,23267.93945,1410.800049,105.7099991,13.44999981
2024-12-06,0,6075.109863,39091.17188,23193.26953,1399.98999,105.9700012,13.53999996
2024-12-09,0,6090.27002,39160.5,23273.25,1424.219971,106.1500015,12.77000046
2024-12-10,1,6052.850098,39367.57813,23125.08008,1426.599976,106.4000015,14.18999958
2024-12-11,1,6034.910156,39372.23047,22903.63086,1433.949951,106.7099991,14.18000031
2024-12-12,1,6084.189941,39849.14063,23046.80078,1429.150024,106.9599991,13.57999992
2024-12-13,1,6051.25,39470.44141,23020.48047,1427.859985,107,13.92000008
2024-12-16,0,6051.089844,39457.48828,23039.90039,1434.449951,106.8600006,13.81000042
2024-12-17,0,6074.080078,39364.67969,23018.00977,1431.349976,106.9599991,14.68999958
2024-12-18,1,6050.609863,39081.71094,23168.66992,1436.420044,108.0299988,15.86999989
2024-12-19,0,5872.160156,38813.57813,22932.25,1451.5,108.4100037,27.62000084
2024-12-20,0,5867.080078,38701.89844,22510.25,1437.449951,107.6200027,24.09000015
2024-12-23,1,5930.850098,39161.33984,23104.53906,1445.420044,108.0400009,18.36000061
2024-12-24,0,5974.069824,39036.85156,23120.24023,1442.699951,108.2600021,16.78000069
2024-12-26,0,6040.040039,39568.05859,23246.93945,1457.609985,108.1299973,14.27000046
2024-12-27,0,6037.589844,40281.16016,23275.67969,1466.98999,108,14.72999954
2024-12-30,0,5970.839844,39894.53906,23190.19922,1472.800049,108.1299973,15.94999981
2025-01-02,0,5906.939941,39894.53906,22832.06055,1473.52002,109.3899994,17.39999962
2025-01-03,1,5868.549805,39894.53906,22908.30078,1471.650024,108.9499969,17.93000031
2025-01-06,1,5942.470215,39307.05078,23547.71094,1465.530029,108.2600021,16.12999916
2025-01-07,1,5975.379883,40083.30078,23651.26953,1459.449951,108.5400009,16.04000092
2025-01-08,1,5909.029785,39981.05859,23407.33008,1451.880005,109.0899963,17.81999969
2025-01-09,1,5918.25,39605.08984,23081.13086,1457.969971,109.1800003,17.70000076
2025-01-10,0,5918.25,39190.39844,23011.85938,1455.22998,109.6500015,17.70000076
2025-01-13,0,5827.040039,39190.39844,22488.33008,1472.25,109.9599991,19.54000092
2025-01-14,1,5836.220215,38474.30078,22797.51953,1458.890015,109.2699966,19.19000053
2025-01-15,0,5842.910156,38444.57813,22514.57031,1460.439941,109.0899963,18.70999908
2025-01-16,1,5949.910156,38572.60156,23025.09961,1437.219971,108.9599991,16.12000084
2025-01-17,0,5937.339844,38451.46094,23148.08008,1453.319946,109.3499985,16.60000038
2025-01-20,0,5996.660156,38902.5,23266.82031,1457.380005,109.3499985,15.97000027
2025-01-21,0,5996.660156,39027.98047,23300.00977,1435.530029,108.0599976,15.97000027
2025-01-22,1,6049.240234,39646.25,23525.41016,1425.790039,108.1699982,15.06000042
2025-01-23,0,6086.370117,39958.87109,23525.41016,1434.339966,108.0500031,15.10000038
2025-01-24,1,6118.709961,39931.98047,23525.41016,1433.930054,107.4400024,15.02000046
2025-01-31,0,6101.240234,39572.48828,23525.41016,1441.660034,108.3700027,14.85000038
2025-02-03,0,6040.529785,38520.08984,22694.71094,1456.780029,108.9899979,16.43000031
2025-02-04,1,5994.569824,38798.37109,22793.96094,1459.050049,107.9599991,18.62000084
2025-02-05,1,6037.879883,38831.48047,23161.58008,1450.160034,107.5800018,17.20999908
2025-02-06,1,6061.47998,39066.53125,23316.59961,1443.890015,107.6900024,15.77000046
2025-02-07,0,6083.569824,38787.01953,23478.26953,1442.150024,108.0400009,15.5
2025-02-10,0,6025.990234,38801.17188,23252.14063,1450.619995,108.3199997,16.54000092
2025-02-11,1,6066.439941,38801.17188,23384.05078,1453.209961,107.9599991,15.81000042
2025-02-12,1,6068.5,38963.69922,23289.75,1450.75,107.9400024,16.02000046
2025-02-13,1,6051.970215,39461.46875,23399.41016,1452.119995,107.3099976,15.89000034
2025-02-14,1,6115.069824,39149.42969,23152.60938,1438.73999,106.5699997,15.10000038
2025-02-17,1,6114.629883,39174.25,23505.33008,1432.599976,106.5699997,14.77000046
2025-02-18,1,6114.629883,39270.39844,23666.10938,1441.290039,107.0500031,14.77000046
2025-02-19,1,6129.580078,39164.60938,23604.08008,1440.079956,107.1699982,15.35000038
2025-02-20,0,6144.149902,38678.03906,23487.46094,1439.97998,106.3399963,15.27000046
2025-02-21,1,6117.52002,38776.94141,23730.25,1431.699951,106.6100006,15.65999985
2025-02-24,0,6013.129883,38776.94141,23565.31055,1434.290039,106.5999985,18.20999908
2025-02-25,0,5983.25,38237.78906,23285.7207,1428.650024,106.3099976,18.97999954
2025-02-26,1,5955.25,38142.37109,23402.55078,1429.5,106.4199982,19.43000031
2025-02-27,0,5956.060059,38256.17188,23053.17969,1434.420044,107.2399979,19.10000038
2025-02-28,0,5861.569824,37155.5,23053.17969,1449.859985,107.6100006,21.12999916
2025-03-04,0,5954.5,37331.17969,22596.88086,1457.930054,105.7399979,19.62999916
2025-03-05,1,5778.149902,37418.23828,22871.90039,1452.849976,105.7399979,23.51000023
2025-03-06,1,5842.629883,37704.92969,22715.42969,1443.030029,104.0599976,21.93000031
2025-03-07,0,5738.52002,36887.17188,22576.07031,1446.5,103.8399963,24.87000084
2025-03-10,1,5770.200195,37028.26953,22459.15039,1446.26001,103.9100037,23.37000084
2025-03-11,0,5614.560059,36793.10938,22071.08984,1457.030029,103.4400024,27.86000061
2025-03-12,1,5572.069824,36819.08984,22278.35938,1451.02002,103.6100006,26.92000008
2025-03-13,0,5599.299805,36790.03125,21961.67969,1448.75,103.8300018,24.22999954
2025-03-14,0,5521.52002,37053.10156,21968.05078,1453.22998,103.7200012,24.65999985
2025-03-17,1,5638.939941,37396.51953,22118.63086,1449.050049,103.3700027,21.77000046
2025-03-18,1,5675.120117,37845.42188,22271.66992,1442.48999,103.2399979,20.51000023
2025-03-19,1,5614.660156,37751.87891,21960.83008,1448.939941,103.4300003,21.70000076
2025-03-20,1,5675.290039,37751.87891,22377.25977,1443.390015,103.8499985,19.89999962
2025-03-21,1,5662.890137,37677.05859,22209.09961,1465.819946,104.0899963,19.79999924
2025-03-24,0,5667.560059,37608.48828,22106.64063,1464.780029,104.2600021,19.28000069
2025-03-25,0,5767.569824,37780.53906,22273.18945,1466.27002,104.1800003,17.47999954
2025-03-26,1,5776.649902,38027.28906,22260.28906,1462.089966,104.5500031,17.14999962
2025-03-27,0,5712.200195,37799.96875,21951.75977,1465.680054,104.0699997,18.32999992
2025-03-28,0,5693.310059,37120.32813,21602.89063,1461.890015,104.0400009,18.69000053
2025-03-31,0,5580.939941,35617.55859,20695.90039,1469.410034,104.2099991,21.64999962
2025-04-01,1,5611.850098,35624.48047,21280.16992,1471.959961,104.2600021,22.28000069
2025-04-02,0,5633.069824,35725.87109,21298.2207,1469.969971,103.8099976,21.77000046
2025-04-03,0,5670.970215,34735.92969,21298.2207,1466.040039,102.0699997,21.51000023
2025-04-04,0,5396.52002,33780.57813,21298.2207,1450.680054,103.0199966,30.02000046
2025-04-07,0,5074.080078,31136.58008,19232.34961,1458.52002,103.2600021,45.31000137
2025-04-08,1,5062.25,33012.57813,18459.94922,1469.949951,102.9599991,46.97999954
2025-04-09,0,4982.77002,31714.0293,17391.75977,1486.130005,102.9000015,52.33000183
2025-04-10,1,5456.899902,34609,19000.0293,1443.949951,100.8700027,33.61999893
2025-04-11,0,5268.049805,33585.57813,19528.76953,1452.040039,99.77999878,40.72000122
2025-04-14,1,5363.359863,33982.35938,19513.08984,1419.050049,99.63999939,37.56000137
2025-04-15,1,5405.970215,34267.53906,19857.66992,1419.420044,100.2200012,30.88999939
2025-04-16,0,5396.629883,33920.39844,19468,1427.02002,99.37999725,30.12000084
2025-04-17,1,5275.700195,34377.60156,19338.73047,1414.22998,99.37999725,32.63999939
2025-04-18,1,5282.700195,34730.28125,19395.0293,1414.22998,99.37999725,29.64999962
2025-04-21,1,5282.700195,34279.92188,19106.19922,1414.22998,98.27999878,29.64999962
2025-04-22,0,5158.200195,34220.60156,18793.42969,1421.640015,98.91999817,33.81999969
2025-04-23,1,5287.759766,34868.62891,19639.14063,1429.219971,99.83999634,30.56999969
2025-04-24,0,5375.859863,35039.14844,19478.81055,1426.449951,99.29000092,28.45000076
2025-04-25,1,5484.77002,35705.73828,19872.73047,1430.060059,99.47000122,26.46999931
2025-04-28,1,5525.209961,35839.98828,20034.41016,1437.359985,99.01000214,24.84000015
2025-04-29,1,5528.75,35839.98828,20232.63086,1435.880005,99.23999786,25.14999962
2025-04-30,0,5560.830078,36045.37891,20235.0293,1431.160034,99.47000122,24.17000008
2025-05-02,1,5569.060059,36830.69141,20787.64063,1435.099976,100,24.70000076
2025-05-07,1,5686.669922,36779.66016,20546.49023,1374.77002,99.61000061,22.68000031
2025-05-08,1,5631.279785,36928.62891,20543.40039,1397.290039,100.6399994,23.54999924
2025-05-09,0,5663.939941,37503.32813,20915.03906,1403.849976,100.3399963,22.47999954
2025-05-12,1,5659.910156,37644.26172,21129.53906,1395.170044,101.7900009,21.89999962
2025-05-13,1,5844.189941,38183.26172,21330.14063,1416.030029,101,18.38999939
2025-05-14,1,5886.549805,38128.12891,21782.86914,1416,101.0400009,18.21999931
2025-05-15,0,5892.580078,37755.51172,21730.25,1407.329956,100.8799973,18.62000084
2025-05-16,1,5916.930176,37753.71875,21843.68945,1397.02002,101.0899963,17.82999992
2025-05-19,0,5958.379883,37498.62891,21523.83008,1398.130005,100.4300003,17.23999977
2025-05-20,0,5963.600098,37529.48828,21526.0293,1388.550049,100.1200027,18.13999939
2025-05-21,1,5940.459961,37298.98047,21803.91016,1392.72998,99.55999756,18.09000015
2025-05-22,0,5844.609863,36985.87109,21670.96094,1373.859985,99.95999908,20.87000084
2025-05-23,0,5842.009766,37160.46875,21652.24023,1381.339966,99.11000061,20.28000069
2025-05-26,1,5802.819824,37531.53125,21536.57031,1364.72998,98.93000031,22.29000092
2025-05-27,0,5802.819824,37724.10938,21336.53906,1368.099976,99.51999664,22.29000092
2025-05-28,1,5921.540039,37722.39844,21357.7207,1374.800049,99.87999725,18.95999908
2025-05-29,1,5888.549805,38432.98047,21347.30078,1373.599976,99.27999878,19.30999947
2025-05-30,0,5912.169922,37965.10156,21347.30078,1370.410034,99.33000183,19.18000031
2025-06-02,1,5911.689941,37470.67188,21002.71094,1381.98999,98.69999695,18.56999969
2025-06-04,1,5935.939941,37747.44922,21618.08984,1377.719971,98.79000092,18.36000061
2025-06-05,1,5970.810059,37554.48828,21674.42969,1361.089966,98.73999786,17.61000061
2025-06-09,1,5939.299805,38088.57031,21790.28906,1359.189941,98.94000244,18.47999954
2025-06-10,1,6005.879883,38211.51172,22242.14063,1353.849976,99.05000305,17.15999985
2025-06-11,1,6038.810059,38421.19141,22470.09961,1363.880005,98.62999725,16.95000076
2025-06-12,1,6022.240234,38173.08984,22287.82031,1365.689941,97.91999817,17.26000023
2025-06-13,0,6045.259766,37834.25,22072.94922,1349.790039,98.18000031,18.02000046
2025-06-16,1,5976.970215,38311.32813,22049.90039,1365.140015,98,20.81999969
2025-06-17,1,6033.109863,38536.73828,22211.58984,1357.780029,98.81999969,19.11000061
2025-06-18,1,5982.720215,38885.14844,22356.73047,1380.5,98.91000366,21.60000038
2025-06-19,1,5980.870117,38488.33984,22003.5,1370.75,98.91000366,20.13999939
2025-06-20,1,5980.870117,38403.23047,22045.74023,1374.890015,98.70999908,20.13999939
2025-06-23,0,5967.839844,38354.08984,21732.01953,1369.469971,98.41999817,20.62000084
2025-06-24,1,6025.169922,38790.55859,22188.75977,1361.939941,97.86000061,19.82999992
2025-06-25,1,6092.180176,38942.07031,22430.60938,1353.780029,97.68000031,17.47999954
2025-06-26,0,6092.160156,39584.57813,22492.33984,1357.030029,97.15000153,16.76000023
2025-06-27,0,6141.02002,40150.78906,22580.08008,1352.76001,97.40000153,16.59000015
2025-06-30,1,6173.069824,40487.39063,22256.01953,1363.589966,96.87999725,16.31999969
2025-07-01,1,6204.950195,39986.32813,22553.7207,1348.5,96.81999969,16.72999954
2025-07-02,0,6198.009766,39762.48047,22577.74023,1355.589966,96.77999878,16.82999992
2025-07-03,1,6227.419922,39785.89844,22712.9707,1354.75,97.18000031,16.63999939
2025-07-04,0,6279.350098,39810.87891,22547.5,1357.099976,97.18000031,16.37999916
2025-07-07,1,6279.350098,39587.67969,22428.7207,1362.199951,97.48000336,16.37999916
2025-07-08,1,6229.97998,39688.80859,22362.26953,1374.640015,97.51000214,17.79000092
2025-07-09,1,6225.52002,39821.28125,22527.00977,1370.300049,97.47000122,16.80999947
2025-07-10,1,6263.259766,39646.35938,22693.25,1373,97.65000153,15.93999958
2025-07-11,0,6280.459961,39569.67969,22751.0293,1372.640015,97.84999847,15.77999973
2025-07-14,1,6259.75,39459.62109,22614.9707,1378.170044,98.08000183,16.39999962
2025-07-15,1,6268.560059,39678.01953,22835.93945,1382.01001,98.62000275,17.20000076
2025-07-16,0,6243.759766,39663.39844,23042.90039,1386.449951,98.38999939,17.37999916
2025-07-17,1,6263.700195,39901.19141,23113.2793,1384.920044,98.73000336,17.15999985
2025-07-18,0,6297.359863,39819.10938,23383.13086,1391.579956,98.48000336,16.52000046
2025-07-21,1,6296.790039,39819.10938,23340.56055,1390.569946,97.84999847,16.40999985
2025-07-22,0,6305.600098,39774.92188,22987.91992,1381.819946,97.38999939,16.64999962
2025-07-23,1,6309.620117,41171.32031,23318.66992,1379.780029,97.20999908,16.5
2025-07-24,1,6358.910156,41826.33984,23373.73047,1373.719971,97.37999725,15.36999989
2025-07-25,1,6363.350098,41456.23047,23364.38086,1372,97.65000153,15.39000034
2025-07-28,1,6388.640137,40998.26953,23412.98047,1382.780029,98.66000366,14.93000031
2025-07-29,1,6389.77002,40674.55078,23201.51953,1388.290039,98.91000366,15.02999973
2025-07-30,1,6370.859863,40654.69922,23461.7207,1388.859985,99.94000244,15.97999954
2025-07-31,0,6362.899902,41069.82031,23542.51953,1392.52002,100.0299988,15.47999954
2025-08-01,0,6339.390137,40799.60156,23434.38086,1391.51001,98.69000244,16.71999931
2025-08-04,1,6238.009766,40290.69922,23378.93945,1390.180054,98.77999878,20.37999916
2025-08-05,1,6329.939941,40549.53906,23660.58984,1383.589966,98.77999878,17.52000046
2025-08-06,1,6299.189941,40794.85938,23447.35938,1386.579956,98.18000031,17.85000038
2025-08-07,1,6345.060059,41059.14844,24003.76953,1384.390015,98.40000153,16.77000046
2025-08-08,0,6340,41820.48047,24021.25977,1384.969971,98.18000031,16.56999969
2025-08-11,0,6389.450195,41820.48047,24135.5,1387.810059,98.51999664,15.14999962
2025-08-12,0,6373.450195,42718.17188,24158.35938,1389.790039,98.09999847,16.25
2025-08-13,1,6445.759766,43274.67188,24370.01953,1383.089966,97.83999634,14.72999954
2025-08-14,1,6466.580078,42649.26172,24238.09961,1378.780029,98.25,14.48999977
2025-08-18,0,6468.540039,43714.30859,24482.51953,1387.97998,98.16999817,14.82999992
2025-08-19,0,6449.149902,43546.28906,24353.5,1386.910034,98.26999664,14.98999977
2025-08-20,0,6411.370117,42888.55078,23625.43945,1391.339966,98.22000122,15.56999969
2025-08-21,1,6395.779785,42610.17188,23962.13086,1396.910034,98.62000275,15.68999958
2025-08-22,1,6370.169922,42633.28906,23764.4707,1399.609985,97.72000122,16.60000038
2025-08-25,1,6466.910156,42807.82031,24277.38086,1382.890015,98.43000031,14.22000027
2025-08-26,0,6439.319824,42394.39844,24305.09961,1389.050049,98.23000336,14.78999996
2025-08-27,1,6465.939941,42520.26953,24519.90039,1393.949951,98.23000336,14.61999989
2025-08-28,1,6481.399902,42828.78906,24236.44922,1392.75,97.80999756,14.85000038
2025-08-29,0,6501.859863,42718.46875,24233.09961,1384.410034,97.76999664,14.43000031
2025-09-01,0,6460.259766,42188.78906,24071.73047,1388.839966,97.76999664,15.35999966
2025-09-02,1,6460.259766,42310.48828,24016.7793,1392.939941,98.40000153,15.35999966
2025-09-03,1,6415.540039,41938.89063,24100.30078,1394.569946,98.13999939,17.17000008
2025-09-04,1,6448.259766,42580.26953,24179.84961,1389.630005,98.34999847,16.35000038
2025-09-05,1,6502.080078,43018.75,24494.58008,1392.060059,97.76999664,15.30000019
2025-09-08,1,6481.5,43643.80859,24547.38086,1385.51001,97.44999695,15.18000031
2025-09-09,1,6495.149902,43459.28906,24855.17969,1385.719971,97.79000092,15.10999966
2025-09-10,1,6512.609863,43837.67188,25192.58984,1387.25,97.77999878,15.03999996
2025-09-11,1,6532.040039,44372.5,25215.71094,1387.199951,97.54000092,15.35000038
2025-09-12,1,6587.470215,44768.12109,25474.64063,1389.5,97.55000305,14.71000004
2025-09-15,1,6584.290039,44768.12109,25357.16016,1393.699951,97.30000305,14.76000023
2025-09-16,1,6615.279785,44902.26953,25629.64063,1385.01001,96.62999725,15.68999958
2025-09-17,0,6606.759766,44790.37891,25438.25,1377.640015,96.87000275,16.36000061
2025-09-18,1,6600.350098,45303.42969,25769.35938,1378.689941,97.34999847,15.72000027
2025-09-19,0,6631.959961,45045.80859,25578.36914,1386.75,97.63999939,15.69999981
2025-09-22,1,6664.359863,45493.66016,25880.59961,1396.22998,97.33000183,15.44999981
2025-09-23,1,6693.75,45493.66016,26247.36914,1389.390015,97.26000214,16.10000038
2025-09-24,0,6656.919922,45630.30859,26196.73047,1391.849976,97.87000275,16.63999939
2025-09-25,0,6637.970215,45754.92969,26023.84961,1403.650024,98.55000305,16.18000031
2025-09-26,0,6604.720215,45354.98828,25580.32031,1408.920044,98.15000153,16.73999977
2025-09-29,1,6643.700195,45043.75,25580.32031,1408.709961,97.91000366,15.28999996
2025-09-30,0,6661.209961,44932.62891,25820.53906,1399.329956,97.76999664,16.12000084
2025-10-01,1,6688.459961,44550.85156,25982.91016,1403.150024,97.70999908,16.28000069
2025-10-02,1,6711.200195,44936.73047,26378.39063,1401.819946,97.84999847,16.29000092
2025-10-10,1,6715.350098,48088.80078,27301.91992,1421.51001,98.98000336,16.62999916
2025-10-13,0,6552.509766,48088.80078,26923.41992,1429.030029,99.26999664,21.65999985
2025-10-14,0,6654.720215,46847.32031,26793.15039,1426.069946,99.05000305,19.03000069
2025-10-15,1,6644.310059,47672.67188,27275.71094,1429.430054,98.79000092,20.80999947
2025-10-16,1,6671.060059,48277.73828,27647.86914,1420.089966,98.38999939,20.63999939
2025-10-17,1,6629.069824,47582.14844,27302.36914,1415.719971,98.43000031,25.30999947
2025-10-20,1,6664.009766,49185.5,27688.63086,1419.73999,98.58999634,20.78000069
2025-10-21,1,6735.129883,49316.05859,27752.41016,1419.73999,98.93000031,18.22999954
2025-10-22,1,6735.350098,49307.78906,27648.91016,1430.73999,98.90000153,17.87000084
2025-10-23,0,6699.399902,48641.60938,27532.25977,1430.400024,98.94000244,18.60000038
2025-10-24,1,6738.439941,49299.64844,27532.25977,1435.839966,98.94999695,17.29999924
2025-10-27,1,6791.689941,50512.32031,27993.63086,1436.969971,98.77999878,16.37000084
2025-10-28,0,6875.160156,50219.17969,27949.10938,1430.969971,98.69000244,15.78999996
2025-10-29,1,6890.890137,51307.64844,28294.74023,1425.969971,99.22000122,16.42000008
2025-10-30,1,6890.589844,51325.60938,28287.5293,1424.01001,99.52999878,16.92000008
2025-10-31,1,6822.339844,52411.33984,28233.34961,1424.02002,99.80000305,16.90999985
2025-11-03,1,6840.200195,52411.33984,28334.58984,1427.170044,99.87000275,17.44000053
2025-11-04,0,6851.970215,51497.19922,28116.56055,1428.969971,100.2200012,17.17000008
2025-11-05,0,6771.549805,50212.26953,27717.06055,1439.810059,100.1999969,19
2025-11-06,1,6796.290039,50883.67969,27899.44922,1439.73999,99.73000336,18.01000023
2025-11-07,0,6720.319824,50276.37109,27651.41016,1447.900024,99.59999847,19.5
2025-11-10,1,6728.799805,50911.76172,27869.50977,1454,99.62000275,19.07999992
2025-11-11,1,6832.430176,50842.92969,27784.94922,1456.089966,99.45999908,17.60000038
2025-11-12,1,6846.609863,51063.30859,27947.08984,1459.839966,99.48000336,17.28000069
2025-11-13,1,6850.919922,51281.82813,27903.56055,1468.02002,99.18000031,17.51000023
2025-11-14,0,6737.490234,50376.53125,27397.5,1468.709961,99.26999664,20
2025-11-17,1,6734.109863,50323.91016,27447.31055,1446.530029,99.58999634,19.82999992
2025-11-18,0,6672.410156,48702.98047,26756.11914,1461.689941,99.55000305,22.37999916
2025-11-19,0,6617.319824,48537.69922,26580.11914,1456.550049,100.2300034,24.69000053
2025-11-20,1,6642.160156,49823.94141,27426.35938,1466.130005,100.1600037,23.65999985
2025-11-21,0,6538.759766,48625.87891,26434.93945,1473.25,100.1800003,26.42000008
2025-11-24,0,6602.990234,48625.87891,26504.24023,1467.72998,100.1399994,23.43000031
2025-11-25,1,6705.120117,48659.51953,26912.16992,1474.859985,99.66000366,20.52000046
2025-11-26,1,6765.879883,49559.07031,27409.53906,1464.920044,99.59999847,18.55999947
2025-11-27,1,6812.609863,50167.10156,27554.5293,1470.589966,99.59999847,17.19000053
2025-11-28,0,6812.609863,50253.91016,27626.48047,1461.400024,99.45999908,17.19000053
2025-12-01,0,6849.089844,49303.28125,27342.5293,1465.619995,99.41000366,16.35000038
2025-12-02,1,6812.629883,49303.44922,27564.26953,1470.170044,99.36000061,17.23999977
2025-12-03,1,6829.370117,49864.67969,27793.03906,1467.359985,98.84999847,16.59000015
2025-12-04,0,6849.720215,51028.42188,27795.71094,1465.030029,98.98999786,16.07999992
2025-12-05,1,6857.120117,50491.87109,27980.89063,1472.380005,98.98999786,15.77999973
2025-12-08,1,6870.399902,50581.94141,28303.7793,1471.810059,99.08999634,15.40999985
2025-12-09,0,6846.509766,50655.10156,28182.59961,1468.51001,99.22000122,16.65999985
2025-12-10,0,6840.509766,50602.80078,28400.73047,1467.930054,98.79000092,16.93000031
2025-12-11,0,6886.680176,50148.82031,28024.75,1469.040039,98.34999847,15.77000046
2025-12-12,1,6901,50836.55078,28198.01953,1470.849976,98.40000153,14.85000038
2025-12-15,0,6827.410156,50168.10938,27866.93945,1472.910034,98.15000153,15.73999977
2025-12-16,0,6816.509766,49383.28906,27536.66016,1467.47998,98.15000153,16.5
2025-12-17,1,6800.259766,49512.28125,27525.16992,1471.73999,98.37000275,16.47999954
2025-12-18,0,6721.430176,49001.5,27468.5293,1474,98.43000031,17.62000084
2025-12-19,1,6774.759766,49507.21094,27696.34961,1474.359985,98.59999847,16.87000084
2025-12-22,1,6834.5,50402.39063,28149.64063,1473.719971,98.29000092,14.90999985
2025-12-23,1,6878.490234,50412.87109,28310.4707,1476.839966,97.94000244,14.07999992
2025-12-24,0,6909.790039,50344.10156,28371.98047,1478.670044,97.98000336,14
2025-12-26,1,6932.049805,50750.39063,28556.01953,1446.52002,98.01999664,13.47000027
2025-12-29,1,6929.939941,50526.92188,28810.89063,1441.329956,98.04000092,13.60000038
2025-12-30,0,6905.740234,50339.48047,28707.13086,1434.709961,98.23999786,14.19999981
2026-01-02,1,6896.240234,50339.48047,29349.81055,1443.640015,98.41999817,14.32999992
2026-01-05,1,6858.470215,51832.80078,30105.03906,1440.47998,98.26999664,14.51000023
2026-01-06,1,6902.049805,52518.07813,30576.30078,1445.560059,98.58000183,14.89999962
2026-01-07,1,6944.819824,51961.98047,30435.4707,1444.959961,98.68000031,14.75
2026-01-08,1,6920.930176,51117.26172,30360.55078,1446.140015,98.93000031,15.38000011
2026-01-09,1,6921.459961,51939.89063,30288.96094,1450.079956,99.12999725,15.44999981
2026-01-12,1,6966.279785,51939.89063,30567.28906,1455.23999,98.86000061,14.48999977
2026-01-13,1,6977.27002,53549.16016,30707.2207,1464.930054,99.12999725,15.11999989
2026-01-14,1,6963.740234,54341.23047,30941.7793,1473.01001,99.12999725,15.97999954
2026-01-15,1,6926.600098,54110.5,30810.58008,1462.900024,99.31999969,16.75
2026-01-16,1,6944.470215,53936.17188,31408.69922,1468.839966,99.38999939,15.84000015
2026-01-19,1,6940.009766,53583.57031,31639.28906,1471.579956,99.38999939,15.85999966
2026-01-20,0,6940.009766,52991.10156,31759.99023,1471.52002,98.63999939,15.85999966
2026-01-21,1,6796.859863,52774.64063,31246.36914,1477.780029,98.76000214,20.09000015
2026-01-22,1,6875.620117,53688.89063,31746.08008,1464.829956,98.36000061,16.89999962
2026-01-23,1,6913.350098,53846.87109,31961.50977,1463.26001,97.59999847,15.64000034
2026-01-26,0,6915.609863,52885.25,32064.51953,1444.810059,97.04000092,16.09000015
2026-01-27,1,6950.22998,53333.53906,32317.91992,1440.97998,96.22000122,16.14999962
2026-01-28,1,6978.600098,53358.71094,32803.82031,1432.51001,96.44999695,16.35000038
2026-01-29,1,6978.029785,53375.60156,32536.26953,1429.27002,96.27999878,16.35000038
2026-01-30,1,6969.009766,53322.85156,32063.75,1428.76001,96.98999786,16.87999916
2026-02-02,0,6939.029785,52655.17969,31624.0293,1448.800049,97.61000061,17.44000053
2026-02-03,1,6976.439941,54720.66016,32195.35938,1452.540039,97.44000244,16.34000015
2026-02-04,1,6917.810059,54293.35938,32289.81055,1446.680054,97.62000275,18
2026-02-05,0,6882.720215,53818.03906,31801.26953,1460.109985,97.81999969,18.63999939
2026-02-06,0,6798.399902,54253.67969,31782.91992,1470.680054,97.62999725,21.77000046
2026-02-09,1,6932.299805,56363.94141,32404.61914,1462.400024,96.81999969,20.37000084
2026-02-10,1,6964.819824,57650.53906,33072.96875,1458.540039,96.80000305,17.36000061
2026-02-11,1,6941.810059,57650.53906,33605.71094,1455.329956,96.83000183,17.79000092
2026-02-12,1,6941.470215,57639.83984,33605.71094,1444.189941,96.93000031,17.64999962
2026-02-13,0,6832.759766,56941.96875,33605.71094,1440.900024,96.87999725,20.81999969
2026-02-19,1,6836.169922,57467.82813,33605.71094,1440.160034,97.93000031,20.60000038
2026-02-20,1,6861.890137,56825.69922,33605.71094,1447.75,97.80000305,20.22999954
2026-02-23,1,6909.509766,56825.69922,33773.26172,1443.439941,97.69999695,19.09000015
2026-02-24,1,6837.75,57321.08984,34700.82031,1442.199951,97.87999725,21.01000023
2026-02-25,1,6890.069824,58583.12109,35413.07031,1439.98999,97.69999695,19.54999924
2026-02-26,1,6946.129883,58753.39063,35414.48828,1426.930054,97.79000092,17.93000031
2026-02-27,0,6908.859863,58850.26953,35414.48828,1432.319946,97.61000061,18.62999916
2026-03-03,0,6878.879883,56279.05078,34323.64844,1452.27002,99.05000305,19.86000061
2026-03-04,0,6816.629883,54245.53906,32828.87891,1483.069946,98.76999664,23.56999969
2026-03-05,1,6869.5,55278.05859,33672.94141,1460.75,99.31999969,21.14999962
2026-03-06,1,6830.709961,55620.83984,33599.53906,1479.51001,98.98999786,23.75
2026-03-09,0,6740.02002,52728.71875,32110.41992,1483.890015,99.18000031,29.48999977
2026-03-10,1,6795.990234,54248.39063,32771.87109,1464.469971,98.83000183,25.5
2026-03-11,1,6781.47998,55025.37109,34114.19141,1472.780029,99.23000336,24.93000031
2026-03-12,0,6775.799805,54452.96094,33581.85938,1475.339966,99.73999786,24.22999954
2026-03-13,0,6672.620117,53819.60938,33400.32031,1470.579956,100.3600006,27.29000092
2026-03-16,1,6632.189941,53751.14844,33342.51172,1501.75,99.70999908,27.19000053
2026-03-17,1,6699.379883,53700.39063,33836.57031,1488.910034,99.58000183,23.51000023
2026-03-18,1,6716.089844,55239.39844,34348.57813,1484.869995,100.0899963,22.37000084
2026-03-19,0,6624.700195,53372.53125,33689.67969,1505.25,99.23000336,25.09000015
2026-03-20,1,6606.490234,53372.53125,33543.87891,1489.839966,99.65000153,24.05999947
2026-03-23,0,6506.47998,51515.48828,32722.5,1504.209961,98.94999695,26.78000069
2026-03-24,1,6581,52252.28125,32612.24023,1485.359985,99.43000031,26.14999962
2026-03-25,1,6556.370117,53749.62109,33439.10938,1497.310059,99.59999847,26.95000076
2026-03-26,0,6591.899902,53603.64844,33337.62109,1500.969971,99.90000153,25.32999992
2026-03-27,0,6477.160156,53373.07031,33112.58984,1508.359985,100.1500015,27.44000053
2026-03-30,0,6368.850098,51885.85156,32518.16016,1507.02002,100.5100021,31.04999924
2026-03-31,0,6343.720215,51063.71875,31722.99023,1516.130005,99.95999908,30.61000061
2026-04-01,1,6528.52002,53739.67969,33174.82031,1503.329956,99.65000153,25.25
2026-04-02,0,6575.319824,52463.26953,32572.42969,1512.089966,100.0299988,24.54000092
2026-04-03,1,6582.689941,53123.48828,32572.42969,1509.219971,100.0299988,23.87000084
2026-04-06,1,6582.689941,53413.67969,32572.42969,1509.26001,99.98000336,23.87000084
2026-04-07,1,6611.830078,53429.55859,33229.82031,1507.849976,99.63999939,24.17000008
2026-04-08,1,6616.850098,56308.42188,34761.37891,1499.130005,99.12999725,25.78000069
2026-04-09,0,6782.810059,55895.32031,34861.16016,1477.599976,98.81999969,21.04000092
2026-04-10,1,6824.660156,56924.10938,35417.82813,1473.280029,98.65000153,19.48999977
2026-04-13,0,6816.890137,56502.76953,35457.28906,1482.180054,98.37000275,19.22999954
2026-04-14,1,6886.240234,57877.39063,36296.12109,1476.839966,98.12000275,19.12000084
2026-04-15,1,6967.379883,58134.23828,36722.14063,1469.420044,98.05999756,18.36000061
2026-04-16,1,7022.950195,59518.33984,37132.01953,1474.060059,98.22000122,18.17000008
2026-04-17,0,7041.279785,58475.89844,36804.33984,1477.920044,98.09999847,17.94000053
2026-04-20,1,7126.060059,58824.89063,36958.80078,1465.150024,98.05000305,17.47999954
2026-04-21,1,7109.140137,59349.17188,37605.10938,1469.26001,98.41000366,18.87000084
2026-04-22,1,7064.009766,59585.85938,37878.46875,1485.800049,98.58999634,19.5
2026-04-23,1,7137.899902,59140.23047,37714.14844,1477.959961,98.80000305,18.92000008
2026-04-24,0,7108.399902,59716.17969,38932.39844,1479.949951,98.51000214,19.30999947
2026-04-27,1,7165.080078,60537.35938,39616.62891,1474.689941,98.48000336,18.70999908
2026-04-28,1,7173.910156,59917.46094,39521.73047,1473,98.62000275,18.02000046
2026-04-29,1,7138.799805,59917.46094,39303.5,1471.98999,98.91999817,17.82999992
2026-04-30,0,7135.950195,59284.92188,38926.62891,1487.380005,98.08000183,18.80999947
2026-05-04,1,7209.009766,59513.12109,40705.14063,1471.72998,98.47000122,16.88999939
2026-05-06,1,7200.75,59513.12109,41138.85156,1473.959961,98.01999664,18.29000092
2026-05-07,1,7365.120117,62833.83984,41933.78125,1444.449951,98.25,17.38999939
2026-05-08,1,7337.109863,62713.64844,41603.94141,1454.790039,97.83999634,17.07999992
2026-05-11,1,7398.930176,62417.87891,41790.05859,1460.550049,97.94000244,17.19000053
2026-05-12,0,7412.839844,62742.57031,41898.32031,1474.449951,98.29000092,18.37999916
2026-05-13,1,7400.959961,63272.10938,41374.5,1492.98999,98.48000336,17.98999977
2026-05-14,1,7444.25,62654.05078,41751.75,1489.839966,98.87999725,17.87000084
,,,,,,,
,,7501.240234,,,,,
