Date,Target,VIX,S&P500__logdiff1,Nikkei225__logdiff1,TaiwanWeighted__logdiff1,USD_KRW__logdiff1,Dollar_Index__logdiff1
2023-05-02,1.0,15.77999973,,,,,
2023-05-03,0.0,17.78000069,-0.012040087647001485,0.0,-0.005326758430003409,-0.0003649709986479621,-0.0060994071439166575
2023-05-04,0.0,18.34000015,-0.007022908024550745,0.0,0.003569692764434862,-0.005281050337540449,0.0005919424129752215
2023-05-08,1.0,20.09000015,-0.0072449133819620926,-0.00716148749584633,0.005783732949717901,-0.013777526049878475,-0.00029588992057494323
2023-05-09,0.0,16.97999954,0.018758192748350666,0.010067995421367826,0.0017901584869282061,0.004129834586647618,0.0026599365193682445
2023-05-10,0.0,17.70999908,-0.004589938873403199,-0.0041340115416019785,-0.005479255625850499,0.002748780180073851,-0.001575384313555972
2023-05-11,0.0,16.94000053,0.004473942279542342,0.00015591745007270674,-0.008160174330789971,-0.0060512265913068575,0.005699083885026823
2023-05-12,0.0,16.93000031,-0.0016980650030724576,0.008940672526319915,-0.000791778743367999,0.008935307554963856,0.006056506804391404
2023-05-15,1.0,17.03000069,-0.001584561574356158,0.008067162603900613,-0.0017632563176590565,0.008714598006259067,-0.0024377175473651036
2023-05-16,1.0,17.12000084,0.0029537976728502002,0.007286153995890388,0.012767896840923498,-0.004572423951404225,0.0012683283941505863
2023-05-17,1.0,17.98999977,-0.006398107727781266,0.008362207853773285,0.01591148066511039,0.00525055432624999,0.0031152644737177937
2023-05-18,1.0,16.87000084,0.011820688818424685,0.015835487960885075,0.011027613741882547,-0.006187041800827409,0.0067810441284761325
2023-05-19,1.0,16.04999924,0.009400723025454027,0.00763806956489077,0.004525861617533877,0.0004421058990926596,-0.0036754553649149813
2023-05-22,1.0,16.80999947,-0.001446914066935534,0.008998200644189325,0.00036900514294480047,-0.007920483080371632,0.0
2023-05-23,1.0,17.20999908,0.00015502283634383218,-0.004159942597285138,0.00044120224792543183,-0.007869523506457199,0.0028061463795632235
2023-05-24,0.0,18.53000069,-0.011285468843158952,-0.008925686616413131,-0.001775104731853716,0.004563989118125278,0.003857671918835237
2023-05-25,0.0,20.03000069,-0.007345512739275861,0.003853089634073825,0.008177197602517339,-0.0010005807525335086,0.0030754440608280476
2023-05-26,1.0,19.13999939,0.008719456132496362,0.0037324886154426196,0.012992252157697948,0.009337992023220387,0.0
2023-05-30,1.0,17.95000076,0.012964680894972602,0.013233484539869167,0.0071052093442371955,-0.004744950717238794,-0.00038392265101894196
2023-05-31,0.0,17.45999908,1.6603316433716486e-05,-0.014153476901443085,-0.0026371730260699167,-0.0036302893399913216,0.001438932585665853
2023-06-01,0.0,17.94000053,-0.006127358327580268,0.008386449585350064,-0.004007700809339099,0.0014763802287198757,-0.007311963594210269
2023-06-02,1.0,15.64999962,0.009806215226811688,0.01200581010350632,0.011695638421766574,-0.006748714491529917,0.004432023950538877
2023-06-05,1.0,14.60000038,0.014429812235270845,0.02175143934172219,0.00044998376250759975,-0.005890002113124737,-0.00019225651753185247
2023-06-07,1.0,14.72999954,-0.002005591461497147,-0.009470955556521332,0.012370543678194679,-0.004561673497349261,0.0009610620703286443
2023-06-08,0.0,13.93999958,-0.0014681635681057514,-0.008574378962837415,-0.011218923639532363,0.007010479397793645,-0.00732747415680457
2023-06-09,1.0,13.64999962,0.006169571548626962,0.01952605145730324,0.009084567649091824,-0.009221970902436816,0.002126644653468901
2023-06-12,0.0,13.82999992,0.0011474009066816393,0.005218937535520496,0.004075959764627157,-0.00746417769998331,0.0006757054335286838
2023-06-13,1.0,15.01000023,0.009277975097594648,0.01786525080044754,0.015289464931292684,-0.0016412010859481185,-0.002802350086997585
2023-06-14,0.0,14.60999966,0.00690857076132545,0.014545225045610621,0.001250395310284702,-0.013290659805522687,-0.0031983957729249113
2023-06-15,0.0,13.88000011,0.0008190899514683991,-0.0005055718358804029,0.005602045182985904,0.005012577362585091,-0.008677472469205583
2023-06-16,1.0,14.5,0.012104580492902528,0.006566021728708904,-0.0026611877724054267,-0.0030973916208303365,0.0017610844478443965
2023-06-19,0.0,13.53999996,-0.0036783764675423214,-0.010008245859445708,-0.0008303339062702975,0.00491683999588588,0.0
2023-06-20,0.0,13.53999996,0.0,0.0005538785337630969,-0.005203248362057877,0.005414973570022852,0.002343271872006447
2023-06-21,0.0,13.88000011,-0.004746353877690623,0.005562117223277596,0.0010172491671198713,0.0033453294033156666,-0.004594125656369741
2023-06-22,1.0,13.19999981,-0.005259086474220354,-0.009283777908771995,0.0,0.0006521677811610616,0.0031301962505310144
2023-06-23,0.0,12.90999985,0.0037039305445745185,-0.014636629621630703,0.0,0.007600743413743949,0.004968611690484792
2023-06-26,1.0,13.43999958,-0.0076882881494348965,-0.0025268207793640585,-0.008356925738473464,0.007260598753733305,-0.002042892835747878
2023-06-27,0.0,14.25,-0.004496934384917495,-0.0049199211418802236,-0.0100945936441601,-0.0038386073807750165,-0.0019495522278472066
2023-06-28,0.0,13.73999977,0.011390733517615104,0.019950002140589618,0.0028223251635299818,-0.004662918643695058,0.004089643448077496
2023-06-29,0.0,13.43000031,-0.0003541393955508454,0.0012088961573617496,0.0003937619425560257,0.009525698708539032,0.004169631253151174
2023-06-30,1.0,13.53999996,0.004463568086345404,-0.0013580071638177316,-0.0015808288833341066,0.010683619014525192,-0.004169631253151174
2023-07-03,1.0,13.59000015,0.012194350396420361,0.016859351099876463,0.009921343634278657,-0.005889939225419916,0.0007770199456356153
2023-07-04,0.0,13.56999969,0.0011699931066520008,-0.009849113504159845,0.0033057947798997844,-0.007019234520430295,0.0
2023-07-05,0.0,13.56999969,0.0,-0.0025110492472286694,-0.004932568334499621,-0.008148858205995424,0.0036829349527760513
2023-07-06,0.0,14.18000031,-0.0019702582029133,-0.017113259380126422,-0.017402683719632606,0.005749530809533887,-0.001936715034805303
2023-07-07,0.0,15.43999958,-0.007954061070034157,-0.011804652548905281,-0.005861194536560532,0.004785266052784287,-0.008761754092762253
2023-07-10,0.0,14.82999992,-0.0028692129234428876,-0.006153476857180706,-0.0006849450089934095,-0.009092383376239077,-0.002937677428287877
2023-07-11,1.0,15.06999969,0.002402138646232288,0.0004298534178399649,0.014670714980741906,0.0016712511998351331,-0.002356385916842285
2023-07-12,1.0,14.84000015,0.006719584118162203,-0.008095156877088172,0.003728143053004729,-0.006198301504713122,-0.011965599376183356
2023-07-13,1.0,13.53999996,0.007383905095014853,0.014772683587066737,0.005841349532465401,-0.013101265834907672,-0.007489175603319076
2023-07-14,1.0,13.60999966,0.008434483031670936,-0.0008662260849696679,0.01294586893078531,-0.006193135979030373,0.0014023141299395192
2023-07-17,0.0,13.34000015,-0.0010249321553050805,0.0,0.0029220726782881457,0.0011912496795298821,-0.0007009494154335272
2023-07-18,0.0,13.47999954,0.003847969532857931,0.00316346482846086,-0.0061558140585855625,-0.0022811806407956325,0.0010011623682446569
2023-07-19,1.0,13.30000019,0.007092066852337098,0.012299928746033473,-0.00649137937943145,-0.00040310784398744914,0.0033962309928909917
2023-07-20,0.0,13.76000023,0.00235513496436468,-0.01240367978400414,0.002826682170608663,0.00011859543617287471,0.005965403568592542
2023-07-21,1.0,13.98999977,-0.006779827471826039,-0.005749539491537448,-0.00784850323834263,0.01046607578512937,0.00188167822614016
2023-07-24,1.0,13.60000038,0.0003240421110710656,0.012205006328096957,0.00017086270801769388,0.005655130895124927,0.002766514979480661
2023-07-25,1.0,13.90999985,0.004026038503512908,-0.0005637414577517319,0.00965646881103055,-0.0039903683202870965,0.0
2023-07-26,0.0,13.85999966,0.002810719527772676,-0.0004336571079530671,-0.002115153617376464,-0.005018337065463285,-0.004549049624595014
2023-07-27,1.0,13.18999958,-0.00015545099235936277,0.00679752523968169,0.004608116222492242,0.0008237972481124345,0.008684523321956128
2023-07-28,1.0,14.40999985,-0.006445393110293907,-0.004019164740066472,0.002959883439938693,0.006807209289997118,-0.0014749390600146128
2023-07-31,1.0,13.32999992,0.009829375763233728,0.012527972201956672,-0.008566081810474913,-0.0089897133638015,0.002358934611738306
2023-08-01,1.0,13.63000011,0.0014676355524851914,0.009133293021777789,0.003925662148860809,0.004344590141113436,0.004310375913713749
2023-08-02,0.0,13.93000031,-0.002668645423723248,-0.023235832370366083,-0.01871473487381259,0.008663927348604439,0.0028307227731172446
2023-08-03,0.0,16.09000015,-0.01393620047359967,-0.016909167401813363,0.0,0.004890813792020943,-0.0004874509011107975
2023-08-04,0.0,15.92000008,-0.002551225450133643,0.0010402376858138496,-0.002967081141168393,0.0007948460292990234,-0.005084135964636083
2023-08-07,0.0,17.10000038,-0.005314169471304808,0.0019181737274855948,0.009002528400614551,0.005116497197923842,0.0002940804651387907
2023-08-08,0.0,15.77000046,0.00898361890984134,0.0037977764291472482,-0.007022107982127324,0.003600395272599144,0.004692507344988606
2023-08-09,1.0,15.98999977,-0.004227204968477949,-0.005356304032602566,-0.00036333165191315686,0.006797752036339588,-0.0003902146244403326
2023-08-10,0.0,15.96000004,-0.0070636191297275275,0.008328085219892145,-0.014101754465743355,-0.002303933963940352,0.00029265597794125853
2023-08-11,0.0,15.85000038,0.00025068247911974595,0.0,-0.002012834420456855,0.003563829386763473,0.0031164780878603082
2023-08-14,0.0,14.84000015,-0.0010702648012550497,-0.012822658331835157,-0.012583309251541053,0.00851990414047954,0.0033976259662207298
2023-08-16,0.0,14.81999969,0.0057340048442178215,-0.009183986330144833,0.0032349863277332247,0.006843210759459595,0.0022263771776280805
2023-08-17,0.0,16.78000069,-0.01920222125190385,-0.0044427915004217056,0.004239907353783323,0.003422707515715828,0.00019340810213996917
2023-08-18,0.0,17.88999939,-0.007742811413502082,-0.005556426217859567,-0.008228553604704203,-0.0031687949983085772,-0.0005802640148022675
2023-08-21,1.0,17.29999924,-0.00014871780530079093,0.003646066310919238,1.1028361502241069e-05,6.727377954529601e-05,-0.0004837260044761038
2023-08-22,1.0,17.12999916,0.006855634952037448,0.009178857181490585,0.003419911293324418,0.00042550589707435194,0.0022233640621855955
2023-08-23,0.0,16.96999931,-0.0027813310818611825,0.004808404849644177,0.00843821928422095,-3.735794649895041e-05,-0.0019330858691199992
2023-08-24,1.0,15.97999954,0.010984330724102875,0.008614736465894168,0.01163321806765083,-0.008929803354178034,0.00598055981491985
2023-08-25,0.0,17.20000076,-0.013549353975715661,-0.020746047836007975,-0.017400003038254397,-0.0008740461598577554,0.000961245844472991
2023-08-28,1.0,15.68000031,0.0066955009816531685,0.017108879696584367,0.001678023149505492,-0.002271509504426561,-0.0001922187000982234
2023-08-29,1.0,15.07999992,0.006245078671645032,0.0017696637868507281,0.006904982022263084,-0.0005970602238241085,-0.004913015019718969
2023-08-30,1.0,14.44999981,0.014404068662109637,0.003298935086782251,0.005768456891429352,-0.0013238072136534385,-0.003773400899063084
2023-08-31,0.0,13.88000011,0.003825854097975423,0.00880272267179194,-0.005115421345646354,0.0014826091127986274,0.004449170563630034
2023-09-01,1.0,13.56999969,-0.0015982129882718965,0.002794410430469796,0.0006267940477329148,0.001216153200118697,0.005965525227384028
2023-09-04,1.0,13.09000015,0.0017975129247833621,0.006963051754464544,0.008658741498422273,-0.005435124893426568,0.0
2023-09-05,0.0,13.09000015,0.0,0.0029581116713615074,0.00011434519026920498,0.000371851075929186,0.005453251612735244
2023-09-06,0.0,14.01000023,-0.004202997952981846,0.0061637083443528695,-0.003188167768918504,0.01040137193577273,0.00047696858279433485
2023-09-07,0.0,14.44999981,-0.006996014568606768,-0.0075474760821254705,-0.007136071100189767,0.001298204841878814,0.0019054598154246705
2023-09-08,0.0,14.39999962,-0.0032164329475747877,-0.01171508780739039,-0.002598036825068206,0.00041991618472803083,0.00028549798786148273
2023-09-11,1.0,13.84000015,0.0014256059149424516,-0.004274487514246417,-0.00866862621499287,0.0009739681863818461,-0.0049603899279819785
2023-09-12,0.0,13.80000019,0.006700951596190663,0.009460272290279903,0.008469005296538157,-0.01120595335713137,0.0013379149625976083
2023-09-13,0.0,14.22999954,-0.005712169113971655,-0.0021334301474134065,0.0005307819045761164,0.002767995531732126,0.0005728232086319451
2023-09-14,1.0,13.47999954,0.001240862103639273,0.014014185639226184,0.013540612640987604,0.004273044750455313,0.006090104455296341
2023-09-15,1.0,12.81999969,0.00839458570090379,0.01094409006236674,0.006721903581526689,-0.0020399964312591834,-0.0008542115884848656
2023-09-18,0.0,13.78999996,-0.012234145967950028,0.0,-0.013247383073249352,0.0010242856780342535,-0.001140060943717991
2023-09-19,0.0,14.0,0.0007210277082450034,-0.008700827429001023,-0.0037150626985056334,0.000932996789835272,0.0
2023-09-20,1.0,14.10999966,-0.0021533273967691002,-0.006603934442846793,-0.00612404884686768,-0.0008502063744790789,-0.0003802357897679798
2023-09-21,0.0,15.14000034,-0.009439204206957541,-0.013804724376052846,-0.013276947180331788,0.002863679631719407,0.001900028083625216
2023-09-22,0.0,17.54000092,-0.016536918247501475,-0.005190413804680105,0.0017029747200627554,0.006605630855951894,0.0020859133143673603
2023-09-25,0.0,17.20000076,-0.0022982373087216956,0.008488207435128459,0.006570804485644288,-0.004865796896265984,0.003970117667913442
2023-09-26,0.0,16.89999962,0.004014994016106499,-0.011187925001017618,-0.010765108913656007,0.002835588180574611,0.0021674926858796795
2023-09-27,1.0,18.94000053,-0.014844165425165201,0.001757684466742404,0.002104560208767481,0.011366327910441676,0.004133352964972303
2023-10-04,0.0,18.21999931,0.00022928789658571702,-0.0586831394531,-0.0022698736005697384,0.004032465136461383,0.0012180157893926236
2023-10-05,0.0,18.57999992,-0.00252036644248399,0.017807567119740852,0.011008770922382283,-0.00594747654826655,-0.00441047296088648
2023-10-06,1.0,18.48999977,-0.0013048812423992473,-0.002599950615888247,0.0040668823758913675,-0.0037816573375684115,-0.002731092683236902
2023-10-10,0.0,17.45000076,0.011745642189364247,0.02396815434014421,0.0,0.0006163916919890156,-0.0019823397941456378
2023-10-11,1.0,17.03000069,0.011478544133328938,0.0059664562609018645,0.009126133112989265,-0.0037191631205351072,-9.451547305960872e-05
2023-10-12,1.0,16.09000015,0.0042838195147432145,0.017325910828649427,0.009187546751576292,-0.0027088089739608634,0.007062508776830789
2023-10-13,0.0,16.69000053,-0.0062660249339199225,-0.005513611776885696,-0.0025791034535220803,0.007503910808519976,0.0007504155642434895
2023-10-16,0.0,19.31999969,-0.005031495631662608,-0.020538767446538486,-0.007796110581102411,0.002762530499950344,-0.003851793020499983
2023-10-17,1.0,17.20999908,0.01053864238156521,0.011970750163294852,-0.000582040011641638,-0.0031927489741230275,9.414184296918648e-05
2023-10-18,1.0,17.87999916,-9.824999377272547e-05,6.120044646706901e-05,-0.012189965086342625,0.0038729882717696285,0.003007235613287307
2023-10-19,0.0,19.21999931,-0.013490408100022222,-0.019272794824484407,0.0007186988294645147,0.001159771119700892,-0.003007235613287307
2023-10-20,0.0,21.39999962,-0.008519032407729554,-0.005463718127943551,-0.0007302225887819702,0.0012320550003606101,-0.0008473829275228439
2023-10-23,0.0,21.70999908,-0.012665149255338903,-0.008346118088782717,-0.011584607748590159,-0.005093218088553009,-0.005857388371909522
2023-10-24,1.0,20.37000084,-0.0016869920210726974,0.0020237489035430656,0.003587068405744631,-0.0111038748398542,0.006892956885531376
2023-10-25,0.0,18.96999931,0.007239523585948149,0.006660148229508778,0.0030077715431051644,0.006870676262719755,0.002443630968048005
2023-10-26,0.0,20.19000053,-0.014443434596778104,-0.02159845621877743,-0.017584560287929207,0.0067054894384579455,0.0006568733017759953
2023-10-27,1.0,20.68000031,-0.011903081430844509,0.012660931959926458,0.0037797770685781273,-0.0017314622661395163,-0.00037531339089280635
2023-10-30,1.0,21.27000046,-0.00481183851085909,-0.009555428775918529,0.0009335401878569627,0.003607393963326544,-0.004137629557122935
2023-10-31,0.0,19.75,0.011938474293327062,0.005259911023724584,-0.00923215131836308,-0.0052898815093405105,0.005075685149690479
2023-11-01,1.0,18.13999939,0.006454084948700256,0.023785778226287135,0.002327731319732962,0.0015492292603136448,0.0020604446642353835
2023-11-02,1.0,16.87000084,0.010451194849311563,0.010959410895793553,0.02209949831814839,-0.0017198432704734756,-0.007136129813925862
2023-11-03,1.0,15.65999985,0.01868293896426465,0.0,0.00672863909448651,-0.010561206710708149,-0.010419778877507113
2023-11-06,1.0,14.90999985,0.009349883638099854,0.023465628213708456,0.008547806561116644,-0.01956518375039895,0.0019026318724106872
2023-11-07,0.0,14.89000034,0.0017514575593757797,-0.01343997265847996,0.00213532873593536,-0.008238194120288256,0.0030366287977567907
2023-11-08,0.0,14.81000042,0.0028360935519007313,-0.0032694820490561938,0.0033435817043265814,0.005719490006168115,0.0004735982721308929
2023-11-09,1.0,14.44999981,0.0010044109539446566,0.014811524810305343,0.00028789588906441566,0.0027327968412604875,0.003026077013674744
2023-11-10,0.0,15.28999996,-0.008116690584346387,-0.0024028862665144146,-0.0037680950723899542,0.005397719939235657,-0.0004722396931953199
2023-11-13,0.0,14.17000008,0.015495759106768148,0.0005218468314946989,0.009344339315831007,0.0033551045132913515,-0.0018910453435525554
2023-11-14,1.0,14.76000023,-0.0008361882856000591,0.0033951793057571678,0.004528040916847331,-0.0004169106793643351,-0.014778388504354645
2023-11-15,1.0,14.15999985,0.01889537033422961,0.024882706579553826,0.012517217350954013,-0.011306413915052715,0.002685841422732871
2023-11-16,1.0,14.18000031,0.0015957383189970642,-0.002846826262615565,0.00247233016282955,-0.0018264883807104226,-0.00019157597106733704
2023-11-17,0.0,14.31999969,0.0011897192718937077,0.004798994355383002,0.0021971729828855757,-0.0072543955811053,-0.005283676191996101
2023-11-20,1.0,13.80000019,0.0012812281242009504,-0.0058879805629636905,8.840823026901035e-05,0.0015849161893095598,-0.003376900295043228
2023-11-21,1.0,13.40999985,0.0073631037311852054,-0.0010155684766672834,0.011911511038851685,-0.0049174210494893345,0.0011590371378531472
2023-11-22,1.0,13.35000038,-0.0020229760625074533,0.0029245162202808928,-0.006130095258049195,0.0054502578230355425,0.003180590689050966
2023-11-23,1.0,12.85000038,0.004052905142682306,0.0,-0.0009079079370408749,0.002775734847015876,0.0
2023-11-24,0.0,12.85000038,0.0,0.005179199357019826,-0.0004124033394710125,0.0010696661237314942,-0.005016378460228843
2023-11-27,0.0,12.46000004,0.0005966957056262601,-0.005303452901657124,-0.008714692647478373,-0.008023313292206069,-0.001936153572396293
2023-11-28,1.0,12.68999958,-0.0019560693236595483,-0.0011750992518972936,0.011823684328863493,0.009829104612515849,-0.004369969632358028
2023-11-29,0.0,12.68999958,0.0009796385417253362,-0.002612691139580292,0.0016887944766814655,-0.011582872495147,0.00019459517705211482
2023-11-30,1.0,12.97999954,-0.0009466967043181285,0.004959644005436914,0.003636845415137202,0.0006444033124157755,0.007078164152027
2023-12-01,0.0,12.92000008,0.0037769313608784216,-0.001655117895747793,0.0002580852441553816,0.006421673690740093,-0.002224727945516314
2023-12-04,1.0,12.63000011,0.005856558926240041,-0.0060076339000865175,-0.0009678269388029292,0.0019491941563396509,0.003576465144731422
2023-12-05,0.0,13.07999992,-0.005423188138825807,-0.013800228105774082,-0.005379700524160924,0.006605425674133691,0.003948232728372858
2023-12-06,1.0,12.85000038,-0.0005690315118478395,0.020238103553417375,0.0018859692616324253,0.004249975614195378,0.0009605994762740266
2023-12-07,0.0,12.97000027,-0.003913851937886292,-0.017724523353203736,-0.004733365985590154,0.0002664362519748664,-0.005874161943236977
2023-12-08,1.0,13.06000042,0.007936610684387446,-0.016894112976389764,0.006072823581076747,-0.0007309867577065532,0.0045290483893589695
2023-12-11,1.0,12.35000038,0.004087134051262709,0.014867982833102644,0.0019739839881314225,0.00285250469842957,0.0008648926562937476
2023-12-12,1.0,12.63000011,0.0039168135006182325,0.0015814140462389048,0.0018521354994245343,-0.0021976222906303633,-0.0022118179779502256
2023-12-13,0.0,12.06999969,0.0045888128162836495,0.0025133744775835964,0.001048056240501083,-0.002652667947794285,-0.009674061844093806
2023-12-14,1.0,12.18999958,0.013558345295425767,-0.007318796268988237,0.01048808003094237,-0.013934860172593488,-0.008885510708733335
2023-12-15,1.0,12.47999954,0.0026435651982570363,0.008660262257786044,0.0011752922700640767,-6.963501190604404e-05,0.0057699440666221236
2023-12-18,1.0,12.27999973,-7.625255274668064e-05,-0.006437625117719392,-0.001236477697496241,-0.012031085054815982,-0.00039013946642985076
2023-12-19,1.0,12.56000042,0.004518122435181127,0.013956623232891374,-0.004285079632657229,0.020517183023390118,-0.003322300295479863
2023-12-20,1.0,12.52999973,0.005849267325801932,0.013649917110084786,0.003331188835218768,-0.0039759069196012575,0.002346325230993429
2023-12-21,0.0,13.67000008,-0.01479314785282071,-0.016028521222493097,-0.0051996562426346316,-0.0006012394509697927,-0.005581482298979701
2023-12-22,0.0,13.64999962,0.010248769234108224,0.0008620792903553109,0.003010251075837189,-0.004071577825485839,-0.0013756453449449424
2023-12-26,1.0,13.02999973,0.0016586821921951156,0.004115868344465312,0.008775547126807837,0.0022193924657836206,-0.0022640724555582636
2023-12-27,1.0,12.98999977,0.004222761007543596,0.011207850659998186,0.007842737292573787,-0.0005098798642428903,-0.004741718872819156
2023-12-28,1.0,12.43000031,0.0014294355902819689,-0.0042134956572841276,0.001054086962518852,0.0006489531436537632,0.0023737079532137884
2024-01-02,1.0,12.47000027,0.0003701062083329987,-0.0022520886816970176,-0.003165709273634576,-0.0009426813485671204,0.009536458239381318
2024-01-03,0.0,13.19999981,-0.008507137934676834,0.0,-0.01662979251081964,0.010826010958861154,0.0025408222902179034
2024-01-04,0.0,14.03999996,-0.008048618214495207,-0.005269715139897713,-0.0005502959919727601,0.0014596292314905668,-0.00039048126742891043
2024-01-05,0.0,14.13000011,-0.0034342717030089176,0.002674024527888008,-0.0017399954096024572,0.0013125643723634894,-9.758824308203629e-05
2024-01-08,0.0,13.35000038,0.0018240215129434745,0.0,0.0030502607612614696,0.0014327233998185918,-0.0019548886810456523
2024-01-09,0.0,13.07999992,0.014015945503068394,0.011491170642411674,-0.0021174538376449448,-0.001013326897435718,0.003515977858904229
2024-01-10,0.0,12.76000023,-0.0014789938391981394,0.019897733524324224,-0.0039918414376831635,0.006072385352290155,-0.002049472241234973
2024-01-11,0.0,12.68999958,0.005649980585166858,0.017503017542399135,0.004552266359796775,-0.0017366611496623108,-0.0006840918858230793
2024-01-12,0.0,12.43999958,-0.0006712808500797252,0.014930834614588662,-0.0018535056151112173,-0.004190940513759678,0.0010748019864150749
2024-01-15,1.0,12.69999981,0.0007506938053527534,0.009084692688665186,0.0019389948428649717,0.0006552674006119474,0.0
2024-01-16,0.0,12.69999981,0.0,-0.00790288067441125,-0.011460717496287742,0.005211657619487831,0.009331318585400261
2024-01-17,0.0,13.84000015,-0.003738319124581224,-0.003978508697032979,-0.010726690882194134,0.013607041928182184,0.0008703283861386524
2024-01-18,1.0,14.78999996,-0.005632731159566973,-0.00032640203123790457,0.0038383768944143526,0.004668452378992605,0.0008696459406642987
2024-01-19,1.0,14.13000011,0.008766720628083036,0.013918789381532903,0.025996276687751063,-0.004765636027766362,-0.002417445434175214
2024-01-22,0.0,13.30000019,0.012238308401460785,0.016099587267259352,0.0075263906144709125,-0.0033323052984428614,0.0003871929143066666
2024-01-23,1.0,13.18999958,0.002191921148391174,-0.0008041909198155395,0.0033337519050533615,0.0041393267069986805,0.0028026197972081945
2024-01-24,0.0,12.55000019,0.0029171153663281046,-0.008003167010516066,6.93832409961459e-05,-0.001465106847772013,-0.0036740329339286504
2024-01-25,1.0,13.14000034,0.0008115989697419224,0.0002756796451368615,0.007067729544894874,-0.005167515454433058,0.003191355194736012
2024-01-26,1.0,13.44999981,0.005246578019708181,-0.013485828320717985,-0.0004216853289786826,0.004606308332782305,-0.0009659824897720881
2024-01-29,1.0,13.26000023,-0.0006519976723975418,0.00768682363192319,0.006900358682909058,0.0005462314716071504,0.0013521288401836529
2024-01-30,0.0,13.60000038,0.00752836551768965,0.0010796632494223246,-0.004702082275541031,-0.002659244209183065,-0.0020288794735083826
2024-01-31,0.0,13.31000042,-0.0006008304096418726,0.00610489012194293,-0.00807651295041012,-0.0049551885595091605,-0.0012580918211915204
2024-02-01,1.0,14.35000038,-0.0162368518434004,-0.0076143372014705335,0.004381152249736786,0.005480154078413513,-0.0021325473409552487
2024-02-02,1.0,13.88000011,0.012416286102185481,0.004061517154170247,0.005097169380835709,-0.003725384559817968,0.008407017622375612
2024-02-05,0.0,13.85000038,0.01062777074871768,0.005409880359568575,0.0019991499079896613,0.006585012790498723,0.005087103281974592
2024-02-06,0.0,13.67000008,-0.003191424570374579,-0.0053368527541834965,0.0,-0.003249549872068158,-0.0025882831266255124
2024-02-07,1.0,13.06000042,0.002307745754942303,-0.0011272262387453935,0.0,-0.004962062272555912,-0.0013447259657066724
2024-02-08,1.0,12.82999992,0.008207682769954872,0.020371401786022147,0.0,0.0006253412369723321,0.001056732878315536
2024-02-13,1.0,12.78999996,0.00057042040873867,0.02942155157789017,0.0,0.0006626244551117821,0.007747134511798315
2024-02-14,0.0,15.85000038,-0.008992096358444002,-0.006889356660506607,0.0,0.009208535353575797,-0.0022891835603102706
2024-02-15,0.0,14.38000011,0.00953416824148512,0.01198573638695244,0.029860162753173825,-0.011092129807636297,-0.004018741332091125
2024-02-16,1.0,14.01000023,0.005804372618339215,0.008592814251478842,-0.0020036777894532065,0.0012511280233873379,-0.00019181417086144847
2024-02-19,1.0,14.23999977,-0.004815043526466667,-0.0004381468887757478,0.0015332141161916724,0.002948154250044688,0.0
2024-02-20,0.0,14.23999977,0.0,-0.002779228336345696,0.00627777624633552,0.0013208729023048704,-0.0019197260591825582
2024-02-21,0.0,15.42000008,-0.006023426346747129,-0.002647915443709792,-0.0041063748180629744,0.0003074766944184404,-0.0006727829432309207
2024-02-22,1.0,15.34000015,0.0012634014824630668,0.021627276473248358,0.009404440732756925,-0.0006600153254652241,-0.0004808674392933199
2024-02-23,1.0,14.53999996,0.02090288857296052,0.0,0.0019294256500757,-0.004285619494786452,-0.0001923684455737984
2024-02-26,0.0,13.75,0.0003478871186270993,0.003447651288714937,0.003111293377866531,0.002130053420088096,-0.0010588690191477568
2024-02-27,0.0,13.73999977,-0.0037939393368997543,0.00014804003800428234,-0.0049542177519583674,0.0012923758007117314,0.0
2024-02-28,1.0,13.43000031,0.0017048956126188841,-0.000802785590575894,0.0,5.261328078631777e-05,0.0014436420027728047
2024-02-29,0.0,13.84000015,-0.0016595312902207837,-0.0010676940084284325,0.00594162855163205,0.0011931442740031883,0.0017296083283664387
2024-03-04,1.0,13.39999962,0.005215470473810768,0.023792583478297047,0.017691740269089706,-0.001861652445880324,-0.0031732503311392435
2024-03-05,0.0,13.48999977,0.00678196170554024,-0.0002892909701390778,0.0042183916526568055,-0.001473835554468117,-0.00028896305447911885
2024-03-06,0.0,14.46000004,-0.010245406282697544,-0.00017078926999403166,0.005787612297037725,0.0033730227320303285,-0.004151189896756335
2024-03-07,1.0,14.5,0.005127932994147599,-0.012349848157477084,0.009903403714819348,-0.004766060735321709,-0.005334926990518518
2024-03-08,1.0,14.43999958,0.010251402156988831,0.002276029275112279,0.004650640486453028,-0.004463232046608034,-0.0007783791104625237
2024-03-11,0.0,14.73999977,-0.006549923016805792,-0.022124439271205887,-0.0029986421035559374,-0.00394369751746293,0.0012645767904810867
2024-03-12,1.0,15.22000027,-0.0011228682681156954,-0.0005920420693943385,0.009509037372202656,-0.00414232424595351,0.0008744731569549913
2024-03-13,1.0,13.84000015,0.011139512756619396,-0.00262068570157048,0.0007006987103110873,0.00046533724151132105,-0.0016524737660663646
2024-03-14,1.0,13.75,-0.0019263840140464339,0.002874978697104069,0.0004720839186234116,0.0019049075817250127,0.005529965058699737
2024-03-15,0.0,14.39999962,-0.0028752212211564654,-0.002573393792165035,-0.012893526064964078,0.006275717912445522,0.0006770124509793973
2024-03-18,1.0,14.40999985,-0.006504022719870051,0.026332331662112907,0.00997672023399332,0.005597294376258333,0.001449220083392433
2024-03-19,0.0,14.32999992,0.0062981842138984945,0.006600144550271025,-0.0011400138218622402,0.005064859780149256,0.0022180037123762375
2024-03-20,1.0,13.81999969,0.0056332530924834145,0.0,-0.003670386300028028,0.000695859162100021,-0.0038605771092052876
2024-03-21,1.0,13.03999996,0.008864765408057806,0.020096346157513878,0.020741309777712047,-0.0051816375263884495,0.005689194164584244
2024-03-22,0.0,12.92000008,0.00323130910060776,0.0017812951438589408,0.0014514793631761336,0.003429968900789504,0.004126094222822729
2024-03-25,0.0,13.06000042,-0.001403171762724753,-0.011667874536298584,-0.0017901579062726825,0.006660957689451408,-0.0019169649927981425
2024-03-26,1.0,13.18999958,-0.0030596405016769523,-0.00039820348169783415,-0.0032619981643939866,-0.0033324077847725064,0.000575460391506688
2024-03-27,0.0,13.23999977,-0.002803721928975378,0.008987142726581965,0.0036516331507581157,0.0029304834622045917,0.0005751303856049717
2024-03-28,0.0,12.77999973,0.008593595535279164,-0.014695785941428952,-0.002655405840574332,0.005005833057869502,0.0019148363770185028
2024-03-29,1.0,13.01000023,0.001115862837632875,0.005000688879951198,0.00731431464949317,0.0,0.0
2024-04-01,1.0,13.01000023,0.0,-0.014128554561279927,-0.003559967865760072,-0.0033319560047919694,0.004485320309399299
2024-04-02,1.0,13.64999962,-0.002015614502989038,0.000899533472674463,0.012005395140722186,0.007568029536059839,-0.0019061853229551673
2024-04-03,0.0,14.60999966,-0.007265388215026647,-0.009763096382767955,-0.006321468111485373,-0.003547370923431714,-0.0054527298330606655
2024-04-04,1.0,14.32999992,0.0010905273733445853,0.0081108453903731,0.0,-0.004370150648697724,-0.0012477546209286317
2024-04-05,0.0,16.35000038,-0.012411035535164316,-0.019833325302949234,0.0,0.004836460075531512,0.0017272856707002404
2024-04-08,1.0,16.03000069,0.011038050171594094,0.00906222515548194,0.003930763136755999,-0.0008068943986563326,-0.001535249755404422
2024-04-09,0.0,15.18999958,-0.00037470118401650154,0.010770805476200351,0.01836810668373623,0.0029210341481791247,9.60401360075025e-05
2024-04-11,1.0,14.97999954,0.0014444493715881634,-0.00834434781079274,-0.0020687911124337433,0.0070199767801648605,0.010791274069545054
2024-04-12,0.0,14.90999985,-0.002084759722745133,0.002049533069580889,-0.0008026259225957233,0.002987230245877548,0.007192933729357698
2024-04-15,0.0,17.30999947,-0.014657587929184146,-0.0073835650113753815,-0.013927210668772005,0.00856801122038231,0.0016018679514813172
2024-04-16,0.0,19.22999954,-0.01209419578187898,-0.019603262363984797,-0.02715334592443064,0.005825273704069822,0.00047068292597352013
2024-04-17,0.0,18.39999962,-0.002058624533779252,-0.013329477640736442,0.015524025141901987,-0.00023789319704636824,-0.002921685330419699
2024-04-18,1.0,18.20999908,-0.005797375014068962,0.003100899757942699,0.00433766746361286,-0.005638081628315916,0.0018859468249887712
2024-04-19,0.0,18.0,-0.002210601750347152,-0.026917763386830273,-0.038875734644348015,-0.00010149912424495255,0.0
2024-04-22,1.0,18.70999908,-0.008797129711007656,0.009938960420695864,-0.005952939069230112,-0.003973353750901687,-0.0006596588743343901
2024-04-23,0.0,16.94000053,0.008693351319811526,0.0030283958273642497,0.00964150968609978,0.0035672556523111965,-0.0036832396767030318
2024-04-24,1.0,15.68999958,0.01189356656074736,0.02388986750108124,0.026804890340635268,-0.00608151246869415,0.001607168368529699
2024-04-25,0.0,15.97000027,0.00021298735327413,-0.02185954864298978,-0.013719948709100649,0.004724383109440566,-0.0024591150300885545
2024-04-26,1.0,15.36999989,-0.00458693428232948,0.008106664522879115,0.013161944607894327,-0.0038346011759520238,0.0032145617030971962
2024-04-29,1.0,15.02999973,0.010157381319819692,0.0,0.018466621352867918,0.0039217416179324616,-0.003403942326559495
2024-04-30,1.0,14.67000008,0.0031734080888163874,0.012336961231651955,-0.00483810157231801,-0.0017806628297591942,0.006043449847407345
2024-05-02,0.0,15.64999962,-0.015855551224033704,-0.0044255296885680195,-0.008575349456389603,0.0002618415502340099,-0.008698977711935285
2024-05-03,0.0,14.68000031,0.005645671258418972,0.0,0.005320531333984135,-0.0075630625379616845,-0.002567436370248366
2024-05-07,1.0,13.48999977,0.012478557709027172,0.015545197992121729,0.015772832165311,-0.00917992667910994,0.003611531158754566
2024-05-08,1.0,13.22999954,0.011615701872022655,-0.016426932929833882,0.002272111322998427,0.004103430940139319,0.0013272602961640345
2024-05-09,0.0,13.0,-5.8355508585350435e-06,-0.00336646257009221,-0.006773458149661238,0.0030959377313681813,-0.003036340601397569
2024-05-10,1.0,12.68999958,0.0050780325910384505,0.004066129537848795,0.00717578613553016,0.002537333006339182,0.0007598955397485341
2024-05-13,0.0,12.55000019,0.0016480401460245986,-0.0012995517853404692,0.007163054607410402,0.003443574060272958,-0.0008549508953095142
2024-05-14,1.0,13.60000038,-0.00024133319181096624,0.004614797534308934,0.006124673372578826,-0.004623400418710233,-0.001997803991340419
2024-05-16,1.0,13.42000008,0.004826148545207687,0.014602485036586899,0.015058659418082598,-0.007499925081546621,-0.0052513893235826
2024-05-17,0.0,12.42000008,0.009563990336411976,-0.0034200739708243333,-0.0021516048035010726,-0.0056007147024512705,-9.575606911216283e-05
2024-05-20,1.0,11.98999977,0.0011640957113900896,0.007251802783880379,0.0006188633432469004,0.005445589636514647,0.001148242418303802
2024-05-21,0.0,12.14999962,0.0009159702554253357,-0.003146768419345136,-0.0016411289784770133,0.004989797810582175,0.0008603355550258485
2024-05-22,0.0,11.85999966,0.0024987496845891854,-0.008504718301193037,0.014727563966493662,0.0023939164361008736,0.002671744832145606
2024-05-23,0.0,12.28999996,-0.002709791091710656,0.012509560624083704,0.002576487226772173,0.0017514211119946665,0.0016186454147915086
2024-05-24,0.0,12.77000046,-0.007408162306676402,-0.01175867748034598,-0.0019498338324446252,0.0013242967471356337,-0.0037172934827953696
2024-05-27,1.0,11.93000031,0.006976649058671569,0.006548645586173407,0.01099548022311403,-0.0013975878080181303,0.0
2024-05-28,0.0,11.93000031,0.0,-0.001148433428248552,0.0025028827654622887,-0.0035060821158392486,-0.0010509779695144772
2024-05-29,0.0,12.92000008,0.00024877086565133766,-0.007711996734117932,-0.009003096791024845,0.0013437331211338943,0.004673108519524405
2024-05-30,0.0,14.27999973,-0.007394317263296202,-0.013124731351464192,-0.013852903114786486,0.005700092506192966,-0.0036221305500099277
2024-05-31,1.0,14.47000027,-0.0059929575659545264,0.011334274482127427,-0.008945314899591494,0.0036923800630921377,-0.00047760639088600954
2024-06-03,1.0,12.92000008,0.007995824392518003,0.011242272757140626,0.01697679488028747,0.004699529317200302,-0.005076384696609537
2024-06-04,0.0,13.10999966,0.0011154600874174747,-0.0022008694166064657,-0.008399510305782343,-0.008216819830722422,-0.0002881037234807593
2024-06-05,1.0,13.15999985,0.001501681116090836,-0.00898233612850241,0.005987750345594733,0.0021351229198609545,0.0015356179440511042
2024-06-07,1.0,12.63000011,0.011778015773526107,0.005021327444600487,0.01723493943925014,-0.006184805301976404,0.005928520059385711
2024-06-10,0.0,12.22000027,-0.0013156786928636421,0.009115373079438882,0.0,0.010057329793519365,0.0024757401608104246
2024-06-11,1.0,12.73999977,0.002577530036713682,0.0024721837970282934,-0.00303601429063427,-0.0036978389338724327,0.0007605466488538326
2024-06-12,1.0,12.85000038,0.00270671482617324,-0.0066164363329690445,0.011717080783979483,0.0024715596859072875,-0.005526999837396573
2024-06-13,1.0,12.03999996,0.008467720253760191,-0.004027012367465943,0.011860923071079554,-0.005058622644916966,0.0052418076104272515
2024-06-14,1.0,11.93999958,0.0023419113969271876,0.0024270291612467076,0.00859869514133571,0.002426950134179151,0.003321532828366891
2024-06-17,0.0,12.65999985,-0.0003939381486972593,-0.01851703856072895,-0.000364052113685176,0.00619739063916569,-0.0021814718846489
2024-06-18,1.0,12.75,0.007635164223389168,0.009915082780336704,0.011530627882837763,-0.0023321802870004404,-0.0005698319034159738
2024-06-19,1.0,12.30000019,0.0025181542386842892,0.0023010791902233763,0.01967168868423208,-0.0003264161388525366,0.0
2024-06-20,1.0,12.30000019,0.0,0.0016128179860448455,0.008433294944067526,0.0018407685515731131,0.0031301349009940083
2024-06-21,0.0,13.27999973,-0.0025291273440970485,-0.000946549913589223,-0.006545700540835142,0.007695701558147583,0.0019869139475403585
2024-06-24,0.0,13.19999981,-0.001563351775974553,0.005379255482477419,-0.019089756440095584,-0.0024673911598318554,-0.0031239850585995654
2024-06-25,1.0,13.32999992,-0.003069879155972899,0.009451478701103966,0.002725846724946024,-0.0016435613719609776,0.0013265057734974661
2024-06-26,1.0,12.84000015,0.003925873770736388,0.012529856965093344,0.004828283607205108,0.0034425889239058094,0.004157640802522344
2024-06-27,0.0,12.55000019,0.0015711961048303635,-0.008240446065114426,-0.00351729648100374,0.0017886129189568223,-0.0013209984512858597
2024-06-28,1.0,12.23999977,0.0009069098853551338,0.0061207727748673335,0.00549737535419581,-0.004625397392129749,-0.00037775993263622354
2024-07-01,1.0,12.43999958,-0.004092013514016557,0.0012114116963051202,0.0011421065055472468,-0.004813406052686986,0.00028331491340338744
2024-07-02,0.0,12.22000027,0.002671991112935146,0.01113187947399652,-0.007801920640849502,0.002265075745446765,-0.0017011656848406886
2024-07-03,1.0,12.02999973,0.006176205793593681,0.012549106890510586,0.012727602984206499,0.0,-0.003031450748065545
2024-07-04,1.0,12.09000015,0.005071562286120823,0.008169605027319449,0.014995458950680884,0.001697230244077197,0.0
2024-07-05,1.0,12.09000015,0.0,-3.12211203095103e-05,0.0014469491598312345,-0.003991314081735808,-0.0049458366270238585
2024-07-08,0.0,12.47999954,0.005433974203340242,-0.0032235778021849626,0.013558226495810288,-0.0026697834881916904,0.001238790004260082
2024-07-09,1.0,12.36999989,0.0010161826110586247,0.019414504990066916,0.0009179783899178062,0.004479411198825112,0.0010469767052345702
2024-07-10,1.0,12.51000023,0.0007407973323321215,0.006037900578041544,0.004466980616886218,-0.00023865150881619002,-0.0006661236204648091
2024-07-11,1.0,12.85000038,0.010156314917782794,0.009327925576519291,0.015825623362768937,0.0004121963839454068,-0.005823689990137382
2024-07-12,0.0,12.92000008,-0.008801649936083678,-0.024777232646897573,-0.019587850136682405,-0.008510482449368695,-0.0033568928294149813
2024-07-15,1.0,12.46000004,0.005501864097372078,0.0,-0.0015721018710443957,0.002068905585264069,0.0009603044777177772
2024-07-16,1.0,13.11999989,0.0028222163898838915,0.0020468730706664218,0.004924778918045547,0.006947563123730127,0.0007674777349162554
2024-07-17,0.0,13.18999958,0.006369049888563794,-0.004306932866187552,-0.009522518634728527,-0.0007590750684940417,-0.004999497083040261
2024-07-18,0.0,14.47999954,-0.014025441384621473,-0.02391868523038454,-0.015746056287621712,-0.002889949060485897,0.004040003606101905
2024-07-19,0.0,15.93000031,-0.007847112184142802,-0.001560354233319572,-0.022877024872361318,0.004768625708321039,0.0022055270994441045
2024-07-22,0.0,16.52000046,-0.007165879271495257,-0.01166904497156196,-0.02713751374234974,0.0025739052345201685,-0.0008624781368151702
2024-07-23,1.0,14.90999985,0.01073421720129275,-0.00011640794688894118,0.02725032563470542,-0.0012320883564447271,0.0013412466437632276
2024-07-24,0.0,14.72000027,-0.0015593177165165173,-0.011163120360436096,0.0,-0.0018256363664539421,-0.0005745786507720396
2024-07-25,0.0,18.04000092,-0.02342124212084684,-0.03337798886173893,0.0,-0.001387618135803237,-0.0002874136546733297
2024-07-26,1.0,18.45999908,-0.005155889025326488,-0.005351079636781719,-0.03345994831943777,-0.0008827313571186934,-0.0003833707152809396
2024-07-29,1.0,16.38999939,0.011029420443600557,0.02104780701948883,0.002044964832796481,0.0004775880093266238,0.0022979510600622532
2024-07-30,0.0,16.60000038,0.0008129794974198745,0.0014889443382095635,0.0026619822613920263,-0.0005283113715988108,-9.559083711074834e-05
2024-07-31,1.0,17.69000053,-0.004972514424654406,0.014837001182440801,-0.0010904597196095267,0.0015480099816693738,-0.004313494313826105
2024-08-01,1.0,16.36000061,0.01566998083323412,-0.025263950633094723,0.019747996390362843,-0.011325150121019867,0.0030692495326283264
2024-08-02,0.0,18.59000015,-0.013788123808417652,-0.05989763825446737,-0.045355807780930846,0.000767240952869841,-0.011655471886572677
2024-08-05,0.0,23.38999939,-0.01855290657273123,-0.13234076094193092,-0.08721481809163123,-0.008656929305105088,-0.005050974276241682
2024-08-06,1.0,38.56999969,-0.030427041492478324,0.09736558794209493,0.03323425595841556,0.0075094622775262465,0.0027229307410241432
2024-08-07,1.0,27.70999908,0.010300849487881791,0.011873132040479462,0.03801080096559595,0.0021258906222687557,0.0022311276861630702
2024-08-08,0.0,27.85000038,-0.007764715358950625,-0.007393334744723035,-0.020167925086585825,0.0036566356594365246,9.69158490544686e-05
2024-08-09,1.0,23.79000092,0.022781139667271688,0.005550035664086295,0.028292540229976737,-0.0011421569974690016,-0.0006784560522792304
2024-08-12,1.0,20.37000084,0.004660798311229897,0.0,0.014072566643346107,-0.007247287774901245,0.0
2024-08-13,1.0,20.70999908,4.303315112430539e-05,0.033894737357913485,0.0010700313579992127,0.004170719952774071,-0.005639313034054183
2024-08-14,1.0,18.12000084,0.016707233406677346,0.005776917042442875,0.010527691056017474,-0.00539589682502406,9.751962306481232e-05
2024-08-16,1.0,16.19000053,0.0038164365324036,0.04350031456719883,0.0145160233163395,0.0009832159911651317,-0.00107301966734763
2024-08-19,0.0,14.80000019,0.01799229228824295,-0.01786765199371665,0.002694469005373179,-0.010713528184552068,-0.005578675629649865
2024-08-20,1.0,14.64999962,0.009675327436177383,0.017874220086985915,0.0008683899396526584,-0.013508355163489583,-0.004426279749269568
2024-08-21,1.0,15.88000011,-0.00198652727110904,-0.002923675184637986,-0.00856158639530058,-0.002482678500675739,-0.003951027398621854
2024-08-22,1.0,16.27000046,0.004230714815662395,0.006806784894388684,-0.004012942073325476,0.004569365109288626,0.004640849534356839
2024-08-23,0.0,17.54999924,-0.008972942267325479,0.004002806444292517,0.00041621978140504723,0.0043992326219690625,-0.007812934833646423
2024-08-26,0.0,15.85999966,0.011417937301262171,-0.0066440906053788495,0.0036969295634854404,-0.011759477816947417,0.0012898478763361254
2024-08-27,0.0,16.14999962,-0.0031587100751817587,0.0046702977334405205,-0.0024814415515486132,0.0020826184875089027,-0.002979102477552509
2024-08-28,1.0,15.43000031,0.0015939251237604424,0.0021690646341543385,0.008333901187894455,-0.00021110441088545429,0.005356025515824037
2024-08-29,0.0,17.11000061,-0.005993900811164465,-0.00024058265704240966,-0.007574684845332413,0.007758027898647768,0.002469990972089775
2024-08-30,1.0,15.64999962,-3.937987137803134e-05,0.007407324048038788,0.0029791036286415107,-0.002854346328277302,0.003546109035697853
2024-09-02,1.0,15.0,0.010042457007109817,0.0013735499767957293,-0.0014826009753790004,0.0027720613332711252,0.0
2024-09-03,0.0,15.0,0.0,-0.0003763543323866969,-0.006447003580579036,0.0007255391777825082,0.0012775012873884606
2024-09-04,0.0,20.71999931,-0.021377963271975275,-0.043281928731781605,-0.04629572070448873,0.0021359437771213408,-0.004626231927715274
2024-09-05,0.0,21.31999969,-0.0016038291065729737,-0.010596968676340524,0.004491961419686774,-0.007037502632274872,-0.0024695028949395237
2024-09-06,0.0,19.89999962,-0.003022581020472259,-0.007272484654855305,0.011612597398061197,0.0013364586171658033,0.0006920727913639624
2024-09-09,0.0,22.37999916,-0.017410944438886133,-0.004840265089036677,-0.013656977599511677,0.0037295448613017257,0.0036502067244246206
2024-09-10,0.0,19.45000076,0.011513534469823838,-0.0015637974930058363,-0.0038077368260278632,0.002612877701705152,0.0007874220294885603
2024-09-11,0.0,19.07999992,0.004462700005971598,-0.015029501991394412,-0.0015716842322959224,0.0015420835212509587,0.0004918892489156335
2024-09-12,1.0,17.69000053,0.010608555598306424,0.03350069247185772,0.029158018954198894,-0.003101498071664821,-0.0030534138022240143
2024-09-13,1.0,17.06999969,0.007467352190058563,-0.0068516975243984035,0.004901796566901595,-0.002609558585728422,-0.0025681769919687625
2024-09-19,1.0,16.55999947,0.005393142250659011,0.015557380405880394,0.012923647479590628,-0.010105566725392201,-0.004957376769857191
2024-09-20,1.0,16.32999992,0.01545405411152423,0.015186932218524518,0.0052816819389231995,0.004037920561599684,0.0010927393827282472
2024-09-23,1.0,16.14999962,-0.0019429136244397682,0.0,0.005674872877591497,0.0029258043457609517,0.001983704286637078
2024-09-24,1.0,15.89000034,0.002805334332661502,0.005727395867619833,0.006541114661636982,0.001590919321548867,-0.005464721210770129
2024-09-25,0.0,15.39000034,0.0025080311797545107,-0.001855358137452967,0.014596216242553695,-0.00656759714770061,0.005464721210770129
2024-09-26,1.0,15.40999985,-0.0018629831788352647,0.027486721656892144,0.00426173665650964,0.007639332591426573,-0.003573565521303834
2024-09-27,0.0,15.36999989,0.0040305420600308395,0.02295644022408716,-0.0015770681313007628,-0.01642569011755679,-0.001393167733799494
2024-09-30,0.0,16.95999908,-0.001254002845653801,-0.04914248398449317,-0.026562515470786252,-0.003050410243420565,0.003578538663483677
2024-10-02,0.0,16.72999954,0.004227603555312598,-0.0029259634972369497,0.007434835609071655,0.011798991090142152,0.008890718486304294
2024-10-04,1.0,18.89999962,-0.00922946729706986,0.021633809793877745,-0.003923639192862538,0.007197600312196961,0.008227238499977751
2024-10-07,1.0,19.20999908,0.007247427017638586,0.017882530114238904,0.01776947979186616,0.008558805838659644,0.00019510680100776057
2024-10-08,0.0,22.63999939,-0.009632263862675572,-0.010098407515306107,-0.004023928200671989,-0.0026113731941910245,9.753961492897645e-05
2024-10-10,1.0,21.42000008,0.009642706908620013,0.011321889564690935,0.0021068686449581264,0.0004841196318334795,0.004281360999835115
2024-10-11,0.0,20.93000031,0.005015962532475271,0.005694902618158082,0.01064789309565839,0.004991149545787721,-0.000971425191132802
2024-10-14,1.0,20.45999908,0.0060336086263621524,0.0,0.003210698438856241,-0.0010452168821348806,0.003976955579024555
2024-10-15,1.0,19.70000076,0.007678114660127022,0.0076651276405712565,0.013692381279863497,0.006608587090636497,-0.0003873063467567661
2024-10-16,0.0,20.63999939,-0.0076385660316908854,-0.018466630153771035,-0.01214011720054664,0.0043449011279648175,0.0031906645637604925
2024-10-17,0.0,19.57999992,0.004668232745038026,-0.006892183200140067,0.0018608292436148588,0.0007478950829513664,0.0023141992991160265
2024-10-18,0.0,19.11000061,-0.00017117512853204175,0.0018116817267834762,0.01862620925084002,0.004279130969545797,-0.003279994263126973
2024-10-21,1.0,18.03000069,0.003963686937339617,-0.0006966823710552461,0.002349990721013384,-0.0007594131034593943,0.005012099167141848
2024-10-22,0.0,18.37000084,-0.0018244328578074231,-0.014028011612992941,-0.00030161078373502903,0.0054561874144445355,0.0006727829432309207
2024-10-23,1.0,18.20000076,-0.000474966640529928,-0.008027077123562876,-0.008562847662583195,9.444159909666183e-05,0.003357141865556912
2024-10-24,0.0,19.23999977,-0.009233824192710571,0.0010080161693188927,-0.006114291885198853,0.0005155909637384326,-0.0035493605656551352
2024-10-25,1.0,19.07999992,0.002143473060586487,-0.006031456386589085,0.006700774720828306,-0.0007408467851881539,0.0019201666833721376
2024-10-28,1.0,20.32999992,-0.0002994919970600307,0.018077186272281054,-0.006461468428511807,0.008205668428974633,0.0005752958206635128
2024-10-29,1.0,19.79999924,0.0026479347395085284,0.007693276887046352,-0.011771733563545439,-0.0041089033518639795,-0.00038351774475486877
2024-10-30,0.0,19.34000015,0.0016128258858394418,0.009560211565904808,-0.004641191564124014,0.0008752386426102987,-0.0027848570799289263
2024-10-31,0.0,20.35000038,-0.0033056916724181207,-0.005006238956408282,0.0,-0.0033385442433049306,-9.611482372662294e-05
2024-11-01,0.0,23.15999985,-0.018790135005017916,-0.026645231236274824,-0.0017697004149397344,-0.004099509284866798,0.0028809719036555492
2024-11-04,1.0,21.87999916,0.004084158113846215,0.0,0.008101854053396806,0.004657917677148404,-0.00374693625072009
2024-11-05,0.0,21.97999954,-0.0028160449388519027,0.011008458988134961,0.006138145618674429,-0.004708955082791455,-0.004534291743782504
2024-11-06,0.0,20.48999977,0.012191031165523114,0.025805192572223135,0.0047747001314739634,0.0037370284273885446,0.01601874110626955
2024-11-07,1.0,16.27000046,0.024981280881798185,-0.0025173510475813288,0.00821171448503577,0.015696231686835205,-0.005534309969404738
2024-11-08,0.0,15.19999981,0.007403754242087501,0.003016184936518229,0.006178126370107506,-0.020001599704714934,0.004677569457339992
2024-11-11,0.0,14.93999958,0.0037497939677439973,0.0008338019223259607,-0.0010300842564401336,0.018142394306811305,0.005129686347570939
2024-11-12,0.0,14.97000027,0.0009685942586585838,-0.00398509322987195,-0.02355965727730691,0.002394852721764096,0.00453768698514434
2024-11-13,0.0,14.71000004,-0.002896851596881689,-0.016759637716662112,-0.005302532384035885,0.004345956428037034,0.004329482527496431
2024-11-14,1.0,14.02000046,0.00023220085813413505,-0.00481407339401585,-0.006356474153191627,-0.005453312346855199,0.0017827337451841174
2024-11-15,0.0,14.31000042,-0.0060681085925597955,0.002778257079832258,0.001205006058501823,0.0013071910004072151,0.00018751593553023582
2024-11-18,1.0,16.13999939,-0.013291430919743163,-0.01098210216275497,-0.008665696346009,-0.004636547031882543,-0.003850346097766355
2024-11-19,1.0,15.57999992,0.003910159746331132,0.005051943140360393,0.013317058009841176,-0.0034843694514474777,-0.0006588517410133221
2024-11-20,1.0,16.35000038,0.003955750473188857,-0.0016176234565907777,-0.007046643371317884,0.0019125520576350752,0.004415444266292923
2024-11-21,0.0,17.15999985,2.1950653025015754e-05,-0.008540882386716575,-0.005865950985660007,0.0039142641458882466,0.0027147304101751146
2024-11-22,1.0,16.87000084,0.005326251902326717,0.0067535206459545805,0.01533951326121219,0.001415677959694328,0.004849367912133751
2024-11-25,1.0,15.23999977,0.0034619596229106264,0.012880099173369075,0.0019213199521672664,0.0027897846003028803,-0.0062526283451100895
2024-11-26,0.0,14.60000038,0.0030159277469277157,-0.008757664276782151,-0.011818079041761465,-0.005680438274869637,0.0017771355600828542
2024-11-27,0.0,14.10000038,0.005705697217717187,-0.008018935726264331,-0.01528372009877721,-0.00020785142257651046,-0.00872876425736635
2024-11-28,1.0,14.10000038,-0.0038084811772272076,0.005598303504525504,-0.0016077060182926317,-0.004885558671186452,0.0
2024-11-29,0.0,14.10000038,0.0,-0.00368424400185674,-0.001633718769049608,0.003472668710403859,-0.0032103124586075893
2024-12-02,0.0,13.51000023,0.005592120490396368,0.007950618076328908,0.021086812560950463,0.004697151599808436,0.006692131270564339
2024-12-03,1.0,13.34000015,0.002445463792653868,0.018926029686317847,0.012696996469317767,0.0008569141957517346,-0.000751754571164831
2024-12-04,0.0,13.30000019,0.00045134732985907533,0.0007012076020025404,0.009846898866065601,0.0075442967756922386,-0.0002821343645349472
2024-12-05,0.0,13.44999981,0.006033181535531895,0.003030583513190521,0.0005420672466129872,-0.0006164777651394004,-0.005941986015421286
2024-12-06,0.0,13.53999996,-0.0018715258240646904,-0.00775751616091469,-0.0032142936410011202,-0.0076918675161747885,0.00245655924399113
2024-12-09,0.0,12.77000046,0.0024923454908005738,0.0017719273332748031,0.0034425022487223345,0.017159188481103982,0.0016971557695075745
2024-12-10,1.0,14.18999958,-0.006163167305404116,0.005274001730906974,-0.006386886055036456,0.0016696989618285585,0.00235238872507626
2024-12-11,1.0,14.18000031,-0.0029682844124963026,0.00011816995972324662,-0.009622295480962606,0.005138865856126884,0.0029092751891113267
2024-12-12,1.0,13.57999992,0.008132626386023745,0.012040082482322134,0.006231514185392584,-0.003352961153143319,0.0023400581849273294
2024-12-13,1.0,13.92000008,-0.005428731394692576,-0.009548766841820822,-0.0011426900893543035,-0.0009030693512510624,0.00037391008257881
2024-12-16,0.0,13.81000042,-2.6466948057191075e-05,-0.00032822678023336493,0.0008432375411615567,0.0046046569317734765,-0.001309262317457538
2024-12-17,0.0,14.68999958,0.003792154946889781,-0.0023548865827791587,-0.000950569471010354,-0.002163428214156937,0.000935352234878728
2024-12-18,1.0,15.86999989,-0.0038714795065590835,-0.007214353013058172,0.00652398853447167,0.0035358994947669586,0.00995403084154134
2024-12-19,0.0,27.62000084,-0.029936505300607763,-0.006884469452103303,-0.01025671474778278,0.010443566879847488,0.003511414582024308
2024-12-20,0.0,24.09000015,-0.000865486729269449,-0.0028814830847796458,-0.018573455751326406,-0.00972682809494696,-0.007313840653345949
2024-12-23,1.0,18.36000061,0.010810479481662583,0.011801377451881478,0.026058333296811398,0.005529290824529021,0.0038950081051165597
2024-12-24,0.0,16.78000069,0.007260849491039778,-0.0031839198052097117,0.0006793399923168408,-0.00188364320663581,0.0020342235119148455
2024-12-26,0.0,14.27000046,0.010982233191397128,0.013516079743585152,0.0054650524882440266,0.010281773796465998,-0.001201578779076229
2024-12-27,0.0,14.72999954,-0.000405741036503926,0.01786167829891916,0.0012355385052433832,0.006414577886388884,-0.0012029548632819242
2024-12-30,0.0,15.94999981,-0.011117304964448849,-0.009644420954199262,-0.003679283312193249,0.003952708518343506,0.0012029548632819242
2025-01-02,0.0,17.39999962,-0.01075967405237499,0.0,-0.015564029291782688,0.0004887255949590497,0.011585290659235525
2025-01-03,1.0,17.93000031,-0.006520369486405997,0.0,0.0033336116457203246,-0.00126987319805405,-0.004030439709527656
2025-01-06,1.0,16.12999916,0.01251735668086873,-0.014835536921076198,0.027529291381839016,-0.004167265027180456,-0.006353272170631641
2025-01-07,1.0,16.04000092,0.005522766501902865,0.019555896232436254,0.00438817767445876,-0.004157352733145991,0.00258301616055423
2025-01-08,1.0,17.81999969,-0.011166021574457119,-0.0025540014653451237,-0.010367568819891204,-0.005200347040210218,0.005054418765583435
2025-01-09,1.0,17.70000076,0.0015591441202733591,-0.009448165396589658,-0.014033786752856159,0.004185765549356901,0.0008247034086519278
2025-01-10,0.0,17.70000076,0.0,-0.010525862274960218,-0.003005729582374883,-0.0018810873637509218,0.004295589442420145
2025-01-13,0.0,19.54000092,-0.015531637660959774,0.0,-0.023013196710511608,0.011627892853875998,0.0028231665684623763
2025-01-14,1.0,19.19000053,0.0015742044155544477,-0.018441272838682465,0.013655225951172412,-0.009115959967934906,-0.006294802645181896
2025-01-15,0.0,18.70999908,0.0011456232646054332,-0.000772831115080308,-0.012489068537036019,0.0010618369070911626,-0.0016486567743525526
2025-01-16,1.0,16.12000084,0.018147132505285768,0.0033245452100754136,0.02242223933806109,-0.016027047851466136,-0.001192361551425769
2025-01-17,0.0,16.60000038,-0.002114924256742867,-0.0031455292268951496,0.005326934884525514,0.01113988525228482,0.0035728992640660096
2025-01-20,0.0,15.97000027,0.009941478224597233,0.011661824842946089,0.005116481476326484,0.0027897493397013307,0.0
2025-01-21,0.0,15.97000027,0.0,0.003220320924089748,0.0014254552247958685,-0.015106167318425179,-0.011867127199320038
2025-01-22,1.0,15.06000042,0.008730009420293783,0.015717529218907345,0.009627340503659099,-0.0068080657801381506,0.0010174407956888842
2025-01-23,0.0,15.10000038,0.006119181118179995,0.007854336325760158,0.0,0.005978715969669146,-0.0011099353584089755
2025-01-24,1.0,15.02000046,0.005299419500550684,-0.0006731839876632506,0.0,-0.00028582525350273613,-0.0056615370902850515
2025-01-31,0.0,14.85000038,-0.002859216056146252,-0.009043381980175624,0.0,0.005376286871686453,0.008618748296517431
2025-02-03,0.0,16.43000031,-0.010000346713805897,-0.026954217190329643,-0.035949221287365773,0.010433289511947663,0.005704792783848944
2025-02-04,1.0,18.62000084,-0.00763769074011833,0.0071983443093390775,0.00436373072206564,0.0015570320614610722,-0.009495335820013828
2025-02-05,1.0,17.20999908,0.007198907470574056,0.0008530064489953304,0.015999245079420632,-0.00611165396670188,-0.0035260062365525258
2025-02-06,1.0,15.77000046,0.0039010538072261625,0.006034852191415752,0.006670661625229002,-0.004333047945933366,0.0010219780501499187
2025-02-07,0.0,15.5,0.0036376743966410885,-0.007180479712246779,0.006909755971593157,-0.0012057983862376886,0.0032447856276824893
2025-02-10,0.0,16.54000092,-0.009509845719932741,0.0003648068062869214,-0.009678094596772269,0.005855975517601308,0.002588269139730315
2025-02-11,1.0,15.81000042,0.006690112290719696,0.0,0.005657001474190793,0.0017838280657107575,-0.003329026581010197
2025-02-12,1.0,16.02000046,0.00033952521063973506,0.004179974179685075,-0.00404084975894925,-0.0016942117807756674,-0.0001852403883120246
2025-02-13,1.0,15.89000034,-0.0027275831638302606,0.012694297692879886,0.004697465590409067,0.0009438900840024189,-0.005853719851145911
2025-02-14,1.0,15.10000038,0.010372313152645418,-0.007938866112999321,-0.010603324829396854,-0.009256830571153785,-0.006919776156111723
2025-02-17,1.0,14.77000046,-7.194632913787302e-05,0.0006337881705515969,0.01511971696811898,-0.0042767651559731945,0.0
2025-02-18,1.0,14.77000046,0.0,0.00245137150998076,0.006816833424945656,0.006047614515678035,0.00449400057630811
2025-02-19,1.0,15.35000038,0.002442003604494758,-0.0026974976375484516,-0.0026244589375377103,-0.0008399359146809005,0.00112029793503865
2025-02-20,0.0,15.27000046,0.0023741488312705172,-0.012501544252442542,-0.004952880108520574,-6.94263329661382e-05,-0.007774868647025812
2025-02-21,1.0,15.65999985,-0.004343604751719354,0.0025538035941021775,0.010283903853743226,-0.005766695554390466,0.0025358483082387195
2025-02-24,0.0,18.20999908,-0.017211396717980776,0.0,-0.006974866848239003,0.0018074652836714833,-9.382392992396404e-05
2025-02-25,0.0,18.97999954,-0.004981493597433939,-0.014001507367028765,-0.011935411519930383,-0.003940021217404777,-0.0027241659354224623
2025-02-26,1.0,19.43000031,-0.004690715138396584,-0.002498502738143671,0.005004696903522898,0.0005947735548659239,0.0010341805290821071
2025-02-27,0.0,19.10000038,0.00013601509779093135,0.0029791372909375724,-0.015041316680859396,0.0034358842178736637,0.0076757815314039135
2025-02-28,0.0,21.12999916,-0.0159917427840508,-0.029193094937982167,0.0,0.010706372702998124,0.0034442920024781998
2025-03-04,0.0,19.62999916,0.01572978045798301,0.0047170854301352705,-0.019991825725158563,0.005550668797678959,-0.017530354840721074
2025-03-05,1.0,23.51000023,-0.030063690939305943,0.0023293460130702215,0.012097218194806914,-0.0034905304458110464,0.0
2025-03-06,1.0,21.93000031,0.011097472620317461,0.0076326068123435675,-0.006864684296445489,-0.0067820383599528355,-0.016015598148729993
2025-03-07,0.0,24.87000084,-0.017979677057860854,-0.02192700183813656,-0.006153906132551512,0.0024017557410367374,-0.0021164154745019204
2025-03-10,1.0,23.37000084,0.0055054349096117505,0.0038178171892582213,-0.005192388573714624,-0.0001659245839418233,0.0006739581482539947
2025-03-11,0.0,27.86000061,-0.027343541661913662,-0.0063710797309326495,-0.01742952079143123,0.007419216308428567,-0.004533417806833917
2025-03-12,1.0,26.92000008,-0.007596647030151615,0.0007058737914089619,0.009347175792841611,-0.00413336597055558,0.0016420983891487495
2025-03-13,0.0,24.22999954,0.004874968035558425,-0.0007895377931212977,-0.014316673570656135,-0.0015656555161598362,0.002121107596785521
2025-03-14,0.0,24.65999985,-0.013988366777379468,0.0071251425269629465,0.0002900582351195169,0.0030875358133410913,-0.001059991411318073
2025-03-17,1.0,21.77000046,0.021042905796258893,0.009225578335996687,0.006831118149788651,-0.0028804483704538697,-0.0033801615399173812
2025-03-18,1.0,20.51000023,0.006395635013610956,0.011932378879750516,0.0068951849230902695,-0.004537423080092751,-0.0012584561906976433
2025-03-19,1.0,21.70000076,-0.010710667085808367,-0.0024747713678774375,-0.014055048077244336,0.004461433859678898,0.0018387037807654494
2025-03-20,1.0,19.89999962,0.010740608206468494,0.0,0.01878483880585513,-0.0038376899565220057,0.004052477587986658
2025-03-21,1.0,19.79999924,-0.002187283453105593,-0.0019838631437494314,-0.0075431571308399725,0.01542025206555575,0.002308338103002683
2025-03-24,0.0,19.28000069,0.0008243136298471399,-0.001821606717676616,-0.004624052853849037,-0.0007096956613112937,0.0016319255006980171
2025-03-25,0.0,17.47999954,0.01749211701903164,0.004564353322216164,0.007505643963579445,0.0010166944292571145,-0.0007676242852356907
2025-03-26,1.0,17.14999962,0.0015730954690749144,0.0065099047825025735,-0.000579356959864441,-0.0028548790852580552,0.0035452803288507084
2025-03-27,0.0,18.32999992,-0.011219640352798876,-0.005995759244425969,-0.01395702332594162,0.002452439757798963,-0.004601708758434242
2025-03-28,0.0,18.69000053,-0.003312460881069512,-0.01814352831764232,-0.016020176862328483,-0.002589206084251394,-0.0002882975361231388
2025-03-31,0.0,21.64999962,-0.019934601271001995,-0.04132601250219459,-0.0428914993344538,0.005130853458697793,0.0016326361369589648
2025-04-01,1.0,22.28000069,0.005523240491692505,0.00019432009844422282,0.027840017539169537,0.0017338367108736819,0.00047971411398339825
2025-04-02,0.0,21.77000046,0.003774104455125382,0.002842051539472479,0.0008478846108825877,-0.0013528468383015024,-0.004325517395918688
2025-04-03,0.0,21.51000023,0.006705661495869819,-0.028100517714642947,0.0,-0.0026770578667294487,-0.01690343260974636
2025-04-04,0.0,30.02000046,-0.04960591176968698,-0.027888563211027062,0.0,-0.010532465580421757,0.009264261657890849
2025-04-07,0.0,45.31000137,-0.06160906200972782,-0.08150268944383221,-0.1020297972707116,0.00538978741901186,0.0023269886543779705
2025-04-08,1.0,46.97999954,-0.0023341945813282194,0.058505307945537766,-0.04099025848578641,0.007806116609561542,-0.002909545241903899
2025-04-09,0.0,52.33000183,-0.015825083182981814,-0.040129496650592955,-0.059606960647389684,0.01094707573763376,-0.0005828971293491136
2025-04-10,1.0,33.61999893,0.09089487967596988,0.08735461619727047,0.08844400365954996,-0.028793049112228353,-0.019925071583393184
2025-04-11,0.0,40.72000122,-0.035220606901798845,-0.030017011340953914,0.027448217536969466,0.005587111193625205,-0.010864835627877767
2025-04-14,1.0,37.56000137,0.0179303807240192,0.01174479570102882,-0.0008032245951401507,-0.02298182292226958,-0.0014040659340519568
2025-04-15,1.0,30.88999939,0.007913319407684583,0.008356974771807302,0.01750481224459577,0.00026070029979052833,0.005804097233296446
2025-04-16,0.0,30.12000084,-0.0017292752194606464,-0.010181965661320902,-0.019818234485731168,0.005339999359852854,-0.008416923002625865
2025-04-17,1.0,32.63999939,-0.022663254058880256,0.013388677551493089,-0.0066622468100483445,-0.009003168600759004,0.0
2025-04-18,1.0,29.64999962,0.001325958623851875,0.010206730040728473,0.002906966428263047,0.0,0.0
2025-04-21,1.0,29.64999962,0.0,-0.013052150062030421,-0.015003962705002039,0.0,-0.011130323263144781
2025-04-22,0.0,33.81999969,-0.023849648335446005,-0.0017319673441793526,-0.0165055247069521,0.0052259460958206105,0.0064908889139516646
2025-04-23,1.0,30.56999969,0.024806952256952286,0.018759692365632574,0.04401722168154443,0.005317675297400903,0.009257443809045363
2025-04-24,0.0,28.45000076,0.01652386424364316,0.004878423392842279,-0.008197309570467937,-0.0019400147387091948,-0.005523997651173396
2025-04-25,1.0,26.46999931,0.020056628220364914,0.01884544874191363,0.02002122754297453,0.0025276368081526,0.0018112331180377694
2025-04-28,1.0,24.84000015,0.007346084721548962,0.0037528490943703474,0.008102839344047652,0.005091644515811566,-0.0046352266809259746
2025-04-29,1.0,25.14999962,0.0006405015276893522,0.0,0.009845387002924255,-0.001030182049560402,0.002320260511313066
2025-04-30,0.0,24.17000008,0.0057856415230777,0.005714408841146934,0.00011853613445111932,-0.0032925771526874925,0.0023149661696129087
2025-05-02,1.0,24.70000076,0.00147889734735962,0.021552833353000622,0.026943383306491597,0.0027491884670425293,0.005314082558764532
2025-05-07,1.0,22.68000031,0.020898536774598853,-0.0013865239626493775,-0.011668474991253674,-0.04294805752366848,-0.003907618707134297
2025-05-08,1.0,23.54999924,-0.009788094250728463,0.0040421221197721735,-0.00015039417040085823,0.016248215383048326,0.010287219709328888
2025-05-09,0.0,22.47999954,0.00578302110348794,0.015442577722620143,0.017928731993805513,0.0046837708628393315,-0.002985404808806713
2025-05-12,1.0,21.89999962,-0.0007117341073215044,0.003750852303124219,0.010203544456659941,-0.006202142008197242,0.014347494124502091
2025-05-13,1.0,18.38999939,0.032039976651677904,0.01421671324199636,0.009449108614695945,0.014840898782370715,-0.007791359464722092
2025-05-14,1.0,18.21999931,0.007222059142845794,-0.0014449433862306904,0.021002716088240447,-2.1206696040110273e-05,0.0003959701083395828
2025-05-15,0.0,18.62000084,0.0010238911679767426,-0.009820830465493202,-0.0024185425769935875,-0.006141734326904569,-0.001584822057408175
2025-05-16,1.0,17.82999992,0.004123817496941129,-4.7490088011414855e-05,0.005206768436110565,-0.007352850063821137,0.002079507672726244
2025-05-19,0.0,17.23999977,0.006980849362596686,-0.006779610869079633,-0.014751370317698687,0.0007942221694143825,-0.006550202172514119
2025-05-20,0.0,18.13999939,0.0008757295922219299,0.0008226081873274893,0.00010217083324270959,-0.006875560562414229,-0.003091476861190934
2025-05-21,1.0,18.09000015,-0.003887777116693414,-0.006160985063029756,0.012826450862812422,0.003005762888612651,-0.00560904053965583
2025-05-22,0.0,20.87000084,-0.016266719326401002,-0.008430015748475128,-0.006116160028835083,-0.013641549971070255,0.00400964377151336
2025-05-23,0.0,20.28000069,-0.00044496991010944953,0.004709550952600949,-0.000864234897681726,0.005429732513126062,-0.008539746189675235
2025-05-26,1.0,22.29000092,-0.006730899693360826,0.009935884771014258,-0.005356489105404094,-0.012097425699698405,-0.001817818104735025
2025-05-27,0.0,22.29000092,0.0,0.00511798315048928,-0.009331382976842661,0.00246630618258159,0.005946062760151527
2025-05-28,1.0,18.95999908,0.020252580829327016,-4.535504822555936e-05,0.0009922477568142796,0.004885403233735097,0.0036108426497216684
2025-05-29,1.0,19.30999947,-0.005586802512819844,0.018661916275577894,-0.00048799508093644306,-0.0008732885062956441,-0.006025309270658141
2025-05-30,0.0,19.18000031,0.004003170838704051,-0.012248599628122747,0.0,-0.0023250231780300723,0.0005035300428266609
2025-06-02,1.0,18.56999969,-8.118854685790211e-05,-0.01310881396734942,-0.016273782743098764,0.008414492242578397,-0.006362743112988234
2025-06-04,1.0,18.36000061,0.0040936514909084565,0.007359359291179146,0.0288789350087999,-0.0030945443310281817,0.0009114788313526745
2025-06-05,1.0,17.61000061,0.005857218416565502,-0.005125003917829218,0.002602753658925039,-0.012144113512142951,-0.0005062832114299809
2025-06-09,1.0,18.47999954,-0.005291357994121171,0.014121346099475574,0.005331204146363788,-0.001396933678838863,0.002023519303337551
2025-06-10,1.0,17.15999985,0.011147721380371678,0.003222578878679272,0.0205243015126797,-0.003936522910929163,0.0011111734761151126
2025-06-11,1.0,16.95000076,0.005468012577701131,0.005472342869312641,0.010196803109780106,0.007381214917127288,-0.00424935685316985
2025-06-12,1.0,17.26000023,-0.002747660447830924,-0.00647835409292874,-0.00814516439019819,0.0013261695439732435,-0.007224647008627905
2025-06-13,0.0,18.02000046,0.0038151331959781487,-0.008916035882922557,-0.009687513210774767,-0.011710698533358155,0.002651731712081329
2025-06-16,1.0,20.81999969,-0.011360668625993497,0.012530849048728143,-0.0010447571859124594,0.011307944779888501,-0.0018350531167996564
2025-06-17,1.0,19.11000061,0.00934882307542928,0.005866401250703035,0.007306133092313871,-0.005405964042537903,0.008332531610014904
2025-06-18,1.0,21.60000038,-0.008387259650907808,0.009000362215783042,0.006513197808818205,0.016594717962576055,0.000910372474497656
2025-06-19,1.0,20.13999939,-0.00030928809218799813,-0.010257055426640349,-0.015925883709675404,-0.007087717086051271,0.0
2025-06-20,1.0,20.13999939,0.0,-0.0022137512451561037,0.0019178647680089256,0.0030157035263069787,-0.0020241336455191217
2025-06-23,0.0,20.62000084,-0.0021810351423461327,-0.0012804156402346223,-0.014332669018161326,-0.003949956328381354,-0.0029422322655152655
2025-06-24,1.0,19.82999992,0.009560655050114164,0.011315714471209048,0.020799116626362135,-0.005513671926975938,-0.005706124749678132
2025-06-25,1.0,17.47999954,0.011060328632119365,0.0038982834883132256,0.010840672251537953,-0.006009409399129417,-0.0018410591182949076
2025-06-26,0.0,16.76000023,-3.2861852918841805e-06,0.01636443604949278,0.0027482834464933603,0.0023978083949929285,-0.005440641403786195
2025-06-27,0.0,16.59000015,0.00798813114988306,0.01420249175473387,0.003893305528523072,-0.003151552314236028,0.0025700347846164817
2025-06-30,1.0,16.31999969,0.005205399144383449,0.008348490164578948,-0.014455592519677651,0.007973945537047555,-0.005353155497703099
2025-07-01,1.0,16.72999954,0.005151137491202107,-0.012452984228115582,0.013287537423877893,-0.01112803919399763,-0.000619489549474217
2025-07-02,0.0,16.82999992,-0.0011191569990138817,-0.005613833029270765,0.0010644252046301261,0.005243895237255103,-0.00041323255046865626
2025-07-03,1.0,16.63999939,0.004733874266060312,0.0005887730459708251,0.005971682452935667,-0.0006198233708163414,0.0041245834084522315
2025-07-04,0.0,16.37999916,0.008304378245334476,0.0006276754323941702,-0.007311962720594423,0.0017331169563323812,0.0
2025-07-07,1.0,16.37999916,0.0,-0.005622263473703981,-0.005281883372866503,0.0037509514334388427,0.003082331057900234
2025-07-08,1.0,17.79000092,-0.007893368234228149,0.0025512975422881112,-0.0029671689959194225,0.00909088571444272,0.0003076955678800175
2025-07-09,1.0,16.80999947,-0.0007161430999325091,0.0033322257048098436,0.007339880798602039,-0.0031621598396895934,-0.0004103079277042454
2025-07-10,1.0,15.93999958,0.006043802761357853,-0.004402349210870682,0.007352499952313352,0.0019683970572232923,0.001845022125100293
2025-07-11,0.0,15.77999973,0.0027424410230043605,-0.001935964353924291,0.002542864889671037,-0.0002622230154685212,0.002046005215016855
2025-07-14,1.0,16.39999962,-0.003302971783178066,-0.0027852624295992,-0.005998281000824335,0.0040206603372281435,0.002347812640231872
2025-07-15,1.0,17.20000076,0.0014064243957445655,0.00551947196656144,0.009723479254644118,0.002782404337557942,0.00549061783465099
2025-07-16,0.0,17.37999916,-0.00396414507042131,-0.0003685613526869247,0.009022126304133238,0.003207519609546239,-0.002334942002932827
2025-07-17,1.0,17.15999985,0.0031885684154353555,0.005977374569686944,0.0030496009425693416,-0.0011040800457333688,0.003449718977709182
2025-07-18,0.0,16.52000046,0.005359380245240075,-0.002059251111509397,0.011607545138980768,0.004797352618711059,-0.0025353696607659515
2025-07-21,1.0,16.40999985,-9.049026807339544e-05,0.0,-0.0018222156895060238,-0.0007260644321469556,-0.006417837788893266
2025-07-22,0.0,16.64999962,0.0013981570701133705,-0.0011103220641057732,-0.015223786196735034,-0.006312264431956649,-0.004712148496276214
2025-07-23,1.0,16.5,0.0006373284124361334,0.034505294804391795,0.014285466752303577,-0.0014773445752354064,-0.0018499523407005114
2025-07-24,1.0,15.36999989,0.007781532136103664,0.01578437581041925,0.0023584384208881204,-0.0044017198362338306,0.0017472451457392069
2025-07-25,1.0,15.39000034,0.0006979800902691125,-0.008888097596397415,-0.0004000850637169151,-0.001252838048409366,0.0027688504762206634
2025-07-28,1.0,14.93000031,0.003966450991683246,-0.011108323964348799,0.002077912310776142,0.00782645722170816,0.010289959911802704
2025-07-29,1.0,15.02999973,0.00017684250060234774,-0.007927250314404333,-0.009072815992851702,0.003976815545294166,0.002530749852391878
2025-07-30,1.0,15.97999954,-0.002963830314971716,-0.00048817763336650444,0.011152413146502838,0.00041045388479243883,0.010359647575622688
2025-07-31,0.0,15.47999954,-0.001250213948386758,0.010159121465397547,0.003437941308600756,0.002631813780213932,0.0009000986699803093
2025-08-01,0.0,16.71999931,-0.0037016619479857127,-0.006601237069688182,-0.0046039163976985265,-0.0007255741018781237,-0.01348648009288933
2025-08-04,1.0,20.37999916,-0.016121387169819812,-0.01255166194491153,-0.0023686179725483925,-0.0009562216283915959,0.0009114938540015771
2025-08-05,1.0,17.52000046,0.014629564367119485,0.006403759564582501,0.011975194483843765,-0.004751728046834103,0.0
2025-08-06,1.0,17.85000038,-0.004869703780775225,0.0060316645879421316,-0.009052905923764953,0.0021587059605048253,-0.006092610974428148
2025-08-07,1.0,16.77000046,0.007255522348371457,0.006457594086205276,0.023452999609602898,-0.0015806316768962603,0.0022382878196163247
2025-08-08,0.0,16.56999969,-0.000797798235852909,0.018372510964992372,0.0007283802229043346,0.0004188375735987293,-0.0022382878196163247
2025-08-11,0.0,15.14999962,0.007769454767480255,0.0,0.0047445237115617545,0.002048549803797428,0.0034570073602147033
2025-08-12,0.0,16.25,-0.0025072683940088325,0.021238217730161324,0.0009466786047198639,0.0014256770344980296,-0.004272188172599556
2025-08-13,1.0,14.72999954,0.011281559182380718,0.01294311816158178,0.00872320472803878,-0.004832582749554781,-0.002653897004083916
2025-08-14,1.0,14.48999977,0.0032248733065376456,-0.014557555238141617,-0.00542790983158703,-0.0031210306830757872,0.004181796778467195
2025-08-18,0.0,14.82999992,0.0003030448882235248,0.024665512609015394,0.010033615124781292,0.006650367127996937,-0.0008145996860733362
2025-08-19,0.0,14.98999977,-0.0030021082177409397,-0.0038509875515515546,-0.0052837979594198,-0.0007711628551945182,0.0010181071195249913
2025-08-20,0.0,15.56999969,-0.0058753290881501385,-0.015219579916371018,-0.030351502100716132,0.003189011611115511,-0.0005088851506283021
2025-08-21,1.0,15.68999958,-0.002434630627449863,-0.006511907431093533,0.014150629084602073,0.003995391668359716,0.004064235648596259
2025-08-22,1.0,16.60000038,-0.0040122196848990654,0.0005423801500263892,-0.00828306578077509,0.0019309368933946303,-0.009167849806599904
2025-08-25,1.0,14.22000027,0.01507228510049785,0.004085421971707248,0.021353450480923186,-0.012018092538814251,0.00723937991637591
2025-08-26,0.0,14.78999996,-0.004275512534958281,-0.009704562174134068,0.0011411007729371647,0.004444572392134916,-0.0020339368983517403
2025-08-27,1.0,14.61999989,0.00412547368125793,0.002964651106829308,0.008798859839020068,0.003521313016951133,0.0
2025-08-28,1.0,14.85000038,0.002388130463096161,0.007229625701578257,-0.01162738251391282,-0.0008611986186268794,-0.004284905536137806
2025-08-29,0.0,14.43000031,0.003151747451246578,-0.002579167912085012,-0.00013821502721533818,-0.006006129260771154,-0.00040904920486717344
2025-09-01,0.0,15.35999966,-0.006418740301489478,-0.012476826480256165,-0.0066813086817187894,0.003194761213623387,0.0
2025-09-02,1.0,15.35999966,0.0,0.002880481537303581,-0.0022854188736953773,0.0029477371365427274,0.006423072455779
2025-09-03,1.0,17.17000008,-0.00694635012881939,-0.008821431434691718,0.003471597351479616,0.0011695062990719762,-0.002645795160841402
2025-09-04,1.0,16.35000038,0.005087112370839364,0.0151774156475728,0.003295304647672026,-0.0035485570509949937,0.002137504832235848
2025-09-05,1.0,15.30000019,0.00831184702549237,0.010245077752118803,0.012932246288841043,0.0017471785585474464,-0.005914782127173446
2025-09-08,1.0,15.18000031,-0.003170172650710512,0.014425362907029893,0.0021532907489643094,-0.004716396691428315,-0.003278352495741821
2025-09-09,1.0,15.10999966,0.002103764397963559,-0.004236813867651179,0.012461006449653311,0.00015152910573412726,0.003482937076631387
2025-09-10,1.0,15.03999996,0.0026845470398129123,0.008668920098719113,0.01348372825499311,0.001103530994760682,-0.00010228705858850162
2025-09-11,1.0,15.35000038,0.0029790282630148823,0.012126371877728914,0.000917352946386174,-3.6078502686720526e-05,-0.002457484959576206
2025-09-12,1.0,14.71000004,0.008450087656381555,0.008876395132856985,0.010216221984778784,0.0016566784792351186,0.00010253862120279678
2025-09-15,1.0,14.76000023,-0.00048287791464041163,0.0,-0.004622330011821774,0.0030180757846922646,-0.0025660777968266046
2025-09-16,1.0,15.68999958,0.004695577712432453,0.0029920364827322743,0.010688376592328908,-0.006254678935106561,-0.0069097969861644515
2025-09-17,0.0,16.36000061,-0.0012887603529510017,-0.002494979911702444,-0.007495572020797425,-0.005335465887383428,0.002480678274709547
2025-09-18,1.0,15.72000027,-0.0009706390829240519,0.011389380334859922,0.012932218419093644,0.000761829002724923,0.004942814274865981
2025-09-19,0.0,15.69999981,0.004777687794051744,-0.005702799560870275,-0.0074391263760649196,0.005829149787857979,0.0029745231755979873
2025-09-22,1.0,15.44999981,0.004873523885853714,0.009893038447485125,0.01174659937988487,0.0068128529388244985,-0.0031799540369039647
2025-09-23,1.0,16.10000038,0.00440035075696521,0.0,0.014072122556287425,-0.004910920196558699,-0.0007194582618970102
2025-09-24,0.0,16.63999939,-0.0055173518099618235,0.002999178686017956,-0.0019311490182492008,0.001768967546450284,0.006252268557707552
2025-09-25,0.0,16.18000031,-0.0028506771605343317,0.0027273809117573933,-0.0066212015006552605,0.008442223633331913,0.006923969011260134
2025-09-26,0.0,16.73999977,-0.005021648742408402,-0.008779373042536065,-0.017190092293548176,0.003747480802323011,-0.0040671282366311345
2025-09-29,1.0,15.28999996,0.005884489059718945,-0.006885925970351536,0.0,-0.00014912036003078555,-0.002448209563607584
2025-09-30,0.0,16.12000084,0.0026320773163330813,-0.0024700070805554475,0.009346944850413763,-0.006680845120381029,-0.0014309795960381066
2025-10-01,1.0,16.28000069,0.0040825036134695125,-0.008532964173342705,0.0062687575508402205,0.0027262070688980344,-0.0006138486105751184
2025-10-02,1.0,16.29000092,0.0033941541153144072,0.008624242447298869,0.015106117860071322,-0.0009483724345829003,0.0014317796652729697
2025-10-10,1.0,16.62999916,0.0006181637191371436,0.06779380710148608,0.03441188823230412,0.013948340109835478,0.011482165264084188
2025-10-13,0.0,21.65999985,-0.024547818687175038,0.0,-0.013960489631545059,0.005276218781424369,0.0029255332845545823
2025-10-14,0.0,19.03000069,0.015478263003183557,-0.026155508162080565,-0.004850264439125951,-0.0020735414426891197,-0.0022185728174575203
2025-10-15,1.0,20.80999947,-0.0015655514592793907,0.017464507329627565,0.017850324619937297,0.00235342990780385,-0.0026284095680226827
2025-10-16,1.0,20.63999939,0.004017918503183893,0.01261223208005724,0.013552062530230558,-0.006555575243586631,-0.0040572276912085314
2025-10-17,1.0,25.30999947,-0.006314280369037917,-0.014512891111218451,-0.012575179426944416,-0.0030820108231663923,0.0004064721127088333
2025-10-20,1.0,20.78000069,0.005256874033797487,0.033141206492089736,0.014048410562722324,0.002835534092380243,0.0016241606729430202
2025-10-21,1.0,18.22999954,0.010615724107710278,0.002650895444183732,0.0023007983602809645,0.0,0.0034427330051505223
2025-10-22,1.0,17.87000084,3.2695939614413305e-05,-0.0001676983856633285,-0.0037363773935936706,0.007718036738521228,-0.0003032783698211361
2025-10-23,0.0,18.60000038,-0.005351834877089345,-0.013602736979729357,-0.004227911945713814,-0.0002376437363684758,0.0004043763621348617
2025-10-24,1.0,17.29999924,0.005810479853034067,0.013437625295967592,0.0,0.0037958779103268725,0.0001010107639523028
2025-10-27,1.0,16.37000084,0.007871361975718472,0.024300323072237617,0.016618615320147967,0.0007866897449249066,-0.0017194984631254684
2025-10-28,0.0,15.78999996,0.012215141350832681,-0.005820253793892505,-0.0015916806795086558,-0.00418419414288973,-0.0009114938540015771
2025-10-29,1.0,16.42000008,0.002285330579406164,0.021442814194138293,0.012290595443436914,-0.0035002521623894722,0.005355970261012644
2025-10-30,1.0,16.92000008,-4.3579209265232066e-05,0.0003500023396867391,-0.00025488302604159685,-0.0013754211061494104,0.003119474831549951
2025-10-31,1.0,16.90999985,-0.009954191424172976,0.020933141273312472,-0.0019171572572673767,7.029420262760766e-06,0.0027091198781787895
2025-11-03,1.0,17.44000053,0.0026145008355538124,0.0,0.0035794246379659,0.002209621393831185,0.0007011539122991906
2025-11-04,0.0,17.17000008,0.0017192340654066385,-0.017595554961063797,-0.0077245679715716165,0.0012603914575795017,0.003498413714397408
2025-11-05,0.0,19.0,-0.011806250368980642,-0.025268012331242318,-0.014310618227248995,0.00755731668452686,-0.00019962379259652607
2025-11-06,1.0,18.01000023,0.0036468976203423153,0.01328282758617938,0.006558819479629108,-4.866663112057523e-05,-0.004701589607898349
2025-11-07,0.0,19.5,-0.011241134538076736,-0.012007030276171449,-0.008930220384288035,0.0056517125964301584,-0.0013044188756348163
2025-11-10,1.0,19.07999992,0.0012610464264852794,0.012558764819946333,0.007856524428026646,0.004204131730358718,0.00020082602092852397
2025-11-11,1.0,17.60000038,0.015283626689075902,-0.0013529015624751395,-0.0030387723321680937,0.001436358589418596,-0.001607431213392907
2025-11-12,1.0,17.28000069,0.0020731998792982154,0.004325137445331251,0.005818594840162561,0.002572079682860995,0.00020110867419376177
2025-11-13,1.0,17.51000023,0.0006293191852684288,0.004270254143246888,-0.0015587750011842871,0.005587750317904927,-0.003020268524218217
2025-11-14,0.0,20.0,-0.01669545170483211,-0.017811045110768475,-0.0183025306089597,0.0004698702414982492,0.0009069925679279223
2025-11-17,1.0,19.82999992,-0.0005018514573773558,-0.0010451015716075318,0.0018164184795530502,-0.015216832959488613,0.0032183444383235837
2025-11-18,0.0,22.37999916,-0.009204497890008767,-0.032740086423713066,-0.025504986755706227,0.01042565519283567,-0.0004016600447940277
2025-11-19,0.0,24.69000053,-0.008290709839759103,-0.003399429327199499,-0.006599664486671486,-0.0035226008365096817,0.006807517810678121
2025-11-20,1.0,23.65999985,0.0037468077326838767,0.0261548202069104,0.03134103652352316,0.006555620274621532,-0.0006986346660715625
2025-11-21,0.0,26.42000008,-0.0156897260213249,-0.024339742666413144,-0.03681797295524447,0.004844565121416622,0.00019962663139860837
2025-11-24,0.0,23.43000031,0.009775102927449097,0.0,0.0026181297105338786,-0.003753868791807946,-0.00039937001389400706
2025-11-25,1.0,20.52000046,0.015348818927909846,0.0006915862376111193,0.015273868811217284,0.004846083918272903,-0.004804771332064028
2025-11-26,1.0,18.55999947,0.009020886056509525,0.018317834424076196,0.018312496000348233,-0.00676239635712772,-0.0006022803490157713
2025-11-27,1.0,17.19000053,0.006882969367152825,0.012194166746480661,0.005275831307095302,0.0038629941860692796,0.0
2025-11-28,0.0,17.19000053,0.0,0.0017288935878312373,0.002607825086084148,-0.006268760893703984,-0.001406605192464383
2025-12-01,0.0,16.35000038,0.005340487418923345,-0.019097722412205087,-0.010331410257629514,0.0028834609237149422,-0.0005027949953673172
2025-12-02,1.0,17.23999977,-0.005337548755035115,3.4068668366415977e-06,0.008077011962699387,0.003099712569842872,-0.0005031247168147956
2025-12-03,1.0,16.59000015,0.0024542211409581682,0.011318887793823507,0.008265244036506303,-0.0019132126850891495,-0.00514609018583112
2025-12-04,0.0,16.07999992,0.002975360571351615,0.023069838970013024,9.613024225352262e-05,-0.0015891177361782027,0.0014152791747417126
2025-12-05,1.0,15.77999973,0.0010797386618204285,-0.010570414450004506,0.006640073621447584,0.005004402691041854,0.0
2025-12-08,1.0,15.40999985,0.001934768861989511,0.0017822686532635856,0.011473540221153655,-0.0003871665855328388,0.0010096778213180002
2025-12-09,0.0,16.65999985,-0.0034833152268429757,0.001445323976074775,-0.0042905875093950385,-0.002244687862681616,0.0013111280341222553
2025-12-10,0.0,16.93000031,-0.0008767431609637555,-0.0010330212939901884,0.007710113217855863,-0.0003950061945081629,-0.004343224799745471
2025-12-11,0.0,15.77000046,0.006726880636083621,-0.00901193524402899,-0.013326817299200044,0.0007558708585380103,-0.0044638650906829724
2025-12-12,1.0,14.85000038,0.0020771919519528836,0.01362060850820157,0.006163697733407858,0.0012312958780329453,0.000508290328605554
2025-12-15,0.0,15.73999977,-0.010720913495172013,-0.01323604589653904,-0.011810725795008636,0.0013996102462767723,-0.002543883296133309
2025-12-16,0.0,16.5,-0.0015978388002064747,-0.01576746468535184,-0.011922806634963479,-0.0036934285227099295,0.0
2025-12-17,1.0,16.47999954,-0.0023867640083086172,0.0026086560347611254,-0.0004173577285779828,0.002898737097894788,0.0022389711694890124
2025-12-18,0.0,17.62000084,-0.011659856633970733,-0.010369834975051617,-0.0020598956182737993,0.0015344262909140483,0.000609731310222017
2025-12-19,1.0,16.87000084,0.007902951543286463,0.010267424633566336,0.00825966120823729,0.00024419338453984807,0.0017256073007825279
2025-12-22,1.0,14.90999985,0.008779407366477088,0.017920272566781748,0.016233966775335062,-0.00043419040162273603,-0.0031489441527536854
2025-12-23,1.0,14.07999992,0.006415870521044198,0.00020791415622944953,0.005697137367295824,0.0021148502179180184,-0.0035672307512113477
2025-12-24,0.0,14.0,0.004540067092261069,-0.0013650577001271813,0.0021703293656010203,0.0012384178890982867,0.00040833931575701143
2025-12-26,1.0,13.47000027,0.003216304398826253,0.008037851491701886,0.006465700574409539,-0.021982379214619208,0.00040809469954172783
2025-12-29,1.0,13.60000038,-0.00030440998081182613,-0.004413014269969651,0.00888570697809321,-0.003594417737091682,0.00020406284115459528
2025-12-30,0.0,14.19999981,-0.0034981629196177977,-0.00371663153238444,-0.0036079086124853887,-0.004603556892367244,0.002037874571607645
2026-01-02,1.0,14.32999992,-0.001376614250727215,0.0,0.022140537473172017,0.006205001286536671,0.0018305742286059967
2026-01-05,1.0,14.51000023,-0.005491953330974297,0.029233499324783807,0.02540647697638576,-0.0021913348057678306,-0.0015252586612284347
2026-01-06,1.0,14.89999962,0.006334024533545701,0.013134287100102782,0.015532656202228878,0.003520453062362705,0.003149661658012448
2026-01-07,1.0,14.75,0.006177591927118087,-0.010645149300648526,-0.004616497003723907,-0.0004152180261467464,0.00101387496178873
2026-01-08,1.0,15.38000011,-0.0034458535079036068,-0.016390063450129944,-0.0024646335763680582,0.0008163357029014051,0.002530237666036328
2026-01-09,1.0,15.44999981,7.654530684497729e-05,0.015964857626617146,-0.0023607732764450162,0.0027207487482945325,0.0020195598347960697
2026-01-12,1.0,14.48999977,0.006454611106862629,0.0,0.009147131498917105,0.00355213162166379,-0.002727378254300916
2026-01-13,1.0,15.11999989,0.0015763901487915177,0.03051301295062281,0.004567376672833134,0.006636668016473557,0.002727378254300916
2026-01-14,1.0,15.97999954,-0.0019410057092397182,0.014683134166428857,0.007609522679643987,0.005500436493210081,0.0
2026-01-15,1.0,16.75,-0.0053476334806568104,-0.004254995602455125,-0.004249211486850868,-0.006887149704855489,0.0019148652152862766
2026-01-16,1.0,15.84000015,0.002576603893317042,-0.0032269068216326247,0.019226759682497985,0.004052167073552049,0.0007045413237340981
2026-01-19,1.0,15.85999966,-0.0006425086369166166,-0.006558848204978318,0.007314773221150261,0.0018636731254346728,0.0
2026-01-20,0.0,15.85999966,0.0,-0.01111849265966569,0.003807655770893703,-4.0729843020947953e-05,-0.007574646170491306
2026-01-21,1.0,20.09000015,-0.020842461048676597,-0.004093220124806507,-0.01630414684712278,0.004245087510148515,0.0012158334736858123
2026-01-22,1.0,16.89999962,0.011521117647669499,0.017175317477004626,0.015866073757273114,-0.00880181653127643,-0.00405846259597098
2026-01-23,1.0,15.64000034,0.005472500784895473,0.0029381960219900805,0.006763103474641596,-0.001072334640444872,-0.00775674580688257
2026-01-26,0.0,16.09000015,0.0003268163370915289,-0.018019825728821104,0.003217749093789024,-0.012688964236415856,-0.005754203626396226
2026-01-27,1.0,16.14999962,0.004993594233384968,0.00844091192608687,0.007871764433058814,-0.002654442074546459,-0.008486025165836075
2026-01-28,1.0,16.35000038,0.0040735879571425215,0.00047185958618456425,0.014923108802634033,-0.0058952664251652465,0.002387458778550844
2026-01-29,1.0,16.35000038,-8.172646335147249e-05,0.00031649841078085217,-0.008189528848317806,-0.0022643189555857646,-0.0017641074856395988
2026-01-30,1.0,16.87999916,-0.0012934673662599039,-0.0009887679297140295,-0.014629344099379438,-0.00035689618377698906,0.0073472580978251045
2026-02-02,0.0,17.44000053,-0.004311179490786188,-0.012600360582393222,-0.013808856020350646,0.01392871918158356,0.006372095094912211
2026-02-03,1.0,16.34000015,0.005376785241651305,0.03847672415087189,0.01790507102526817,0.002578113532439197,-0.0017431244335961438
2026-02-04,1.0,18.0,-0.008439495473707481,-0.00783941313538783,0.0029293940807075813,-0.004042461622161042,0.0018455896268205763
2026-02-05,0.0,18.63999939,-0.0050853001910375895,-0.00879321495285268,-0.015245506295141098,0.00924045175626187,0.00204663331266719
2026-02-06,0.0,21.77000046,-0.012326677927097407,0.008062109026658604,-0.000577175259074636,0.007213150508194488,-0.0019442568721164122
2026-02-09,1.0,20.37000084,0.019504344377843097,0.03815879883159923,0.01937194262886699,-0.005645977453766271,-0.008331213760278011
2026-02-10,1.0,17.36000061,0.004680117783635751,0.022569979896074344,0.020415315974773307,-0.002642976003397912,-0.00020655551893522528
2026-02-11,1.0,17.79000092,-0.0033091821945792077,0.0,0.015979726317672416,-0.002203313328422496,0.0003098567317456613
2026-02-12,1.0,17.64999962,-4.895730596388148e-05,-0.0001856047335913047,0.0,-0.007684078888405388,0.0010321891801599037
2026-02-13,0.0,20.81999969,-0.01578494135374342,-0.01218133538001176,0.0,-0.002280634895893918,-0.0005160008434961227
2026-02-19,1.0,20.60000038,0.0004989646078499277,0.009192623314632442,0.0,-0.0005136928778819438,0.010779870039025141
2026-02-20,1.0,20.22999954,0.0037553120829585396,-0.01123660597779974,0.0,0.005256384988636675,-0.0013283326713642296
2026-02-23,1.0,19.09000015,0.006915755715459326,0.0,0.004973395073998077,-0.002981514380434369,-0.0010230803961430723
2026-02-24,1.0,21.01000023,-0.01043995952572807,0.008679941579790906,0.02709391067849154,-0.0008594212186761041,0.0018406826481207617
2026-02-25,1.0,19.54999924,0.007622488930634219,0.02177800304768418,0.020317643061192214,-0.0015335293497926727,-0.0018406826481207617
2026-02-26,1.0,17.93000031,0.008103434028871703,0.0029022451242060043,4.0040064304136536e-05,-0.00911084099921844,0.000920803901376388
2026-02-27,0.0,18.62999916,-0.005380027063267789,0.0016475494348107134,0.0,0.0037701483845999917,-0.0018423782958656432
2026-03-03,0.0,19.86000061,-0.0043487950600731295,-0.044674047567871966,-0.03128643436009426,0.013832393740495164,0.014644850500855178
2026-03-04,0.0,23.56999969,-0.009090633317928365,-0.03680160634614893,-0.04452599290593007,0.02098636394847997,-0.0028309230354794934
2026-03-05,1.0,21.14999962,0.00772612571264375,0.01885529953882603,0.02538600673118374,-0.015164224796806458,0.0055530766171330015
2026-03-06,1.0,23.75,-0.005662707763553598,0.00618188902665473,-0.0021822408990050945,0.012760956182086503,-0.0033281442053709753
2026-03-09,0.0,29.48999977,-0.013365720372098266,-0.05339769336126565,-0.045331762860831404,0.002956069482721979,0.0019175708732470653
2026-03-10,1.0,25.5,0.008269871540662166,0.02841307123906489,0.02038997316915747,-0.013173645650870647,-0.003535163281880749
2026-03-11,1.0,24.93000031,-0.0021374025198301894,0.014221045241148644,0.040142909364824675,0.005658408492516642,0.004039200882139937
2026-03-12,0.0,24.22999954,-0.0008379520703929444,-0.010457144451384792,-0.01572744632959555,0.001736657698963917,0.005126356875313931
2026-03-13,0.0,27.29000092,-0.015344808263714427,-0.0116993395881142,-0.005420531709804166,-0.0032315977816912422,0.006196948814507941
2026-03-16,1.0,27.19000053,-0.0060775464316567,-0.001272854270631285,-0.0017322790387428455,0.02097424387199709,-0.006497763862754802
2026-03-17,1.0,23.51000023,0.010079909836061773,-0.0009447573150609401,0.014708968406754508,-0.008586763288035648,-0.0013046040227235878
2026-03-18,1.0,22.37000084,0.0024911493941885965,0.02825616275692866,0.015018444791836671,-0.0027171084923072186,0.00510838467297603
2026-03-19,0.0,25.09000015,-0.013700999468126085,-0.034380220995275934,-0.019369074412026066,0.013631774394629481,-0.008629322477319512
2026-03-20,1.0,24.05999947,-0.0027525826334908743,0.0,-0.004337149827829734,-0.01029028854254932,0.004223640225664127
2026-03-23,0.0,26.78000069,-0.015253934323050444,-0.03541371179522912,-0.024791485292684712,0.009599108693086222,-0.007049420787615723
2026-03-24,1.0,26.14999962,0.011388109167116411,0.014201044422458509,-0.003375229603323149,-0.01261066049444004,0.004839240884828122
2026-03-25,1.0,26.95000076,-0.003749595487917645,0.028253067315633373,0.025038469408206865,0.00801304721301932,0.001708267119353124
2026-03-26,0.0,25.32999992,0.005404493736399729,-0.0027194838238635555,-0.0030396327411157387,0.002441342223662879,0.00300755174071643
2026-03-27,0.0,27.44000053,-0.017559440947659155,-0.00431081621807472,-0.0067729539782153125,0.004911411485734263,0.002499376119537544
2026-03-30,0.0,31.04999924,-0.016863231853481153,-0.0282601740794437,-0.018114860335899152,-0.000888753713282675,0.0035881688407304324
2026-03-31,0.0,30.61000061,-0.003953553862698911,-0.01597190322872244,-0.024757045563809754,0.006026834592800512,-0.005487149167021421
2026-04-01,1.0,25.25,0.02871489335696964,0.051077402660414606,0.044749501905988254,-0.00847842053969039,-0.003106034750528508
2026-04-02,0.0,24.54000092,0.007142944898689052,-0.024038346061164617,-0.01832494825229425,0.005810159029198125,0.0038060669881465614
2026-04-03,1.0,23.87000084,0.0011202481077905446,0.012505874190123834,0.0,-0.0018998354509038862,0.0
2026-04-06,1.0,23.87000084,0.0,0.0054477161954160636,0.0,2.6529246676787466e-05,-0.0004999294085425987
2026-04-07,1.0,24.17000008,0.00441701317441634,0.00029723734271946967,0.019981459365471466,-0.0009346918801096393,-0.0034065153202051945
2026-04-08,1.0,25.78000069,0.0007589601039832417,0.052479988829123414,0.04505929416927401,-0.0057998360472559796,-0.00513159196848445
2026-04-09,0.0,21.04000092,0.024772038365126647,-0.007363452028970485,0.002866351030842651,-0.014465809518029005,-0.00313208202286841
2026-04-10,1.0,19.48999977,0.006151066772988045,0.018238305056838655,0.01584199276865661,-0.00292790630509554,-0.0017217623025862494
2026-04-13,0.0,19.22999954,-0.001139169621250602,-0.007429311147818751,0.0011135342174242169,0.006022786065989827,-0.00284234049765697
2026-04-14,1.0,19.12000084,0.010121875398027669,0.02403716315402349,0.02338203146144835,-0.0036093664532517167,-0.002544660063150239
2026-04-15,1.0,18.36000061,0.011713988997511748,0.004427971093575067,0.011668981540715606,-0.005036851915095397,-0.000611736076831626
2026-04-16,1.0,18.17000008,0.007944144840156042,0.023529708233986923,0.011099797421874058,0.0031527434744118565,0.0016303616918316166
2026-04-17,0.0,17.94000053,0.00260655583759295,-0.017669820795756408,-0.008863888842562062,0.0026151851064373233,-0.001222522057206632
2026-04-20,1.0,17.47999954,0.011968554007937726,0.005950398501219922,0.004188031162094319,-0.008678080947033706,-0.0005097672260543362
2026-04-21,1.0,18.87000084,-0.0023771959276999155,0.008873092430926377,0.017336129111384935,0.0028012368005443378,0.0036648783533026474
2026-04-22,1.0,19.5,-0.0063684535673278475,0.00398011939706322,0.007242914864477257,0.011194501227190123,0.0018273373612736066
2026-04-23,1.0,18.92000008,0.010405755910293024,-0.007506875755419529,-0.004347529558483387,-0.005290648541833143,0.0021278361607581786
2026-04-24,0.0,19.30999947,-0.00414143217114038,0.009691588822361652,0.031791454530582186,0.0013455381397262656,-0.00293954803299723
2026-04-27,1.0,18.70999908,0.007942067948544462,0.013657684605806963,0.01742218332110035,-0.003560512109181957,-0.00030457159646957166
2026-04-28,1.0,18.02000046,0.00123161798314797,-0.010292720723317217,-0.002398292970184457,-0.0011466207226522585,0.0014205926859895968
2026-04-29,1.0,17.82999992,-0.004906187790172822,0.0,-0.005537085683478438,-0.00068591746866975,0.003037315472627533
2026-04-30,0.0,18.80999947,-0.00039925183108024953,-0.010612958939058004,-0.009635009190585464,0.010400966264350053,-0.008527933307278524
2026-05-04,1.0,16.88999939,0.010186184263915266,0.00384180555453284,0.044675825634771016,-0.010577620296205126,0.003968454803131571
2026-05-06,1.0,18.29000092,-0.0011464128533376083,0.0,0.010598578546277437,0.0015140639175630355,-0.004580440446588341
2026-05-07,1.0,17.38999939,0.022570171682865237,0.05429696854044863,0.019138768754325852,-0.020224037548711493,0.0023437455466881474
2026-05-08,1.0,17.07999992,-0.003810345495553591,-0.0019146768822704274,-0.007896828966856617,0.007132994769158962,-0.004181796778467195
2026-05-11,1.0,17.19000053,0.008390405496928821,-0.0047273470895827785,0.0044635702570463565,0.003951523541763535,0.0010216172164803083
2026-05-12,0.0,18.37999916,0.0018781917448364993,0.005188414237956351,0.0025872595888269956,0.009471895005837894,0.0035672307512113477
2026-05-13,1.0,17.98999977,-0.0016038944366894015,0.008404452374762172,-0.012580989025655853,0.012495808247429352,0.0019312140562055546
2026-05-14,1.0,17.87000084,0.005832206054551037,-0.009816285388030366,0.009076617554008237,-0.0021121050931389718,0.004053449903091533
