Date,Target,Log_Return,Volatility_20,ATR_14,RSI_14,MACD,MACD_Signal
2023-05-02,1,0.00909685,0.007797235,26.49072266,42.95905244,13.69362317,22.32651576
2023-05-03,0,-0.009148871,0.008098555,26.59212821,36.82574769,11.36521225,20.13425506
2023-05-04,0,-0.000183898,0.00799513,25.55355399,32.78127401,9.374748545,17.98235375
2023-05-08,1,0.004894167,0.007269983,25.81713867,33.69876222,8.687238671,16.12333074
2023-05-09,0,-0.001254124,0.006757144,26.04856655,31.44964835,7.798317203,14.45832803
2023-05-10,0,-0.00541292,0.006581132,25.81070382,29.97524765,5.932083471,12.75307912
2023-05-11,0,-0.002209524,0.005639354,26.53140695,27.60727819,3.962787506,10.9950208
2023-05-12,0,-0.006274189,0.005726608,26.21212333,27.0864247,1.131876601,9.022391957
2023-05-15,1,0.001586421,0.005612438,25.68141392,31.57958049,-0.785454122,7.060822741
2023-05-16,1,0.000358857,0.005486875,25.53642927,36.18419103,-2.207696686,5.207118856
2023-05-17,1,0.005797086,0.005696606,22.98857771,52.06589841,-2.146523198,3.736390445
2023-05-18,1,0.008279386,0.006108668,23.24285017,59.98688769,-0.419661293,2.905180097
2023-05-19,1,0.008861841,0.006482632,22.50929478,62.76297897,2.724183427,2.868980763
2023-05-22,1,0.007572374,0.006666728,22.72645787,65.6013143,6.695071343,3.634198879
2023-05-23,1,0.004086143,0.006503656,22.53717913,63.02829046,10.56508009,5.020375122
2023-05-24,0,-3.90E-05,0.006176444,21.86647252,73.13482867,13.46875346,6.710050789
2023-05-25,0,-0.004982307,0.005337878,22.40291922,67.3330856,14.57232864,8.282506359
2023-05-26,1,0.001611467,0.005291487,21.60362026,65.52075439,15.59955696,9.745916479
2023-05-30,1,0.010384326,0.00562455,22.19145857,72.13415525,18.35730188,11.46819356
2023-05-31,0,-0.003254114,0.005732931,22.09289551,74.38145297,19.63865054,13.10228496
2023-06-01,0,-0.003089683,0.005525589,21.4793178,73.2994618,19.78455029,14.43873802
2023-06-02,1,0.012451567,0.005573151,22.45502581,84.15593909,22.2412723,15.99924488
2023-06-05,1,0.005386413,0.005599539,22.01930455,84.98037261,25.03337484,17.80607087
2023-06-07,1,7.27E-05,0.005582915,21.49072266,84.92613941,26.95081044,19.63501878
2023-06-08,0,-0.001817678,0.005601577,21.27071708,81.55445375,27.76702568,21.26142016
2023-06-09,1,0.011542305,0.005707684,22.20713588,82.4658553,30.50795415,23.11072696
2023-06-12,0,-0.004481477,0.005834181,22.50069754,75.00273341,31.36564278,24.76171012
2023-06-13,1,0.003265377,0.005438164,21.47783552,73.4527911,32.36620602,26.2826093
2023-06-14,0,-0.007178941,0.005906368,22.07570103,64.24978767,31.27598843,27.28128513
2023-06-15,0,-0.004032448,0.006078704,23.11356027,60.74252035,29.22460698,27.6699495
2023-06-16,1,0.006591125,0.006103764,22.6628418,68.16189585,28.66042372,27.86804434
2023-06-19,0,-0.006223186,0.006248461,23.49070522,62.19037621,26.59229499,27.61289447
2023-06-20,0,-0.00176054,0.00606873,22.47642299,55.21823402,24.30275925,26.95086743
2023-06-21,0,-0.008589878,0.006263239,22.83783831,51.37971848,20.45468465,25.65163087
2023-06-22,1,0.004277195,0.006269144,23.33499581,56.04814195,18.08979195,24.13926309
2023-06-23,0,-0.009140562,0.006630752,23.37285505,41.95157152,14.14819491,22.14104945
2023-06-26,1,0.004696883,0.006597148,23.80285645,41.36279706,11.86404657,20.08564888
2023-06-27,0,-0.000313758,0.006594668,23.61999512,41.13125053,9.874648797,18.04344886
2023-06-28,0,-0.006685356,0.00633948,24.39071219,38.63717437,6.831396328,15.80103835
2023-06-29,0,-0.005541406,0.006413607,23.9492885,25.91178752,3.238866907,13.28860406
2023-06-30,1,0.005576539,0.00652328,24.11286272,33.02191957,1.524847577,10.93585277
2023-07-03,1,0.014783234,0.006775286,25.83285086,41.98082806,3.211068811,9.390895976
2023-07-04,0,-0.003525908,0.006696475,24.91782924,43.90807808,3.764883697,8.26569352
2023-07-05,0,-0.005533348,0.006791236,24.31998117,43.13915168,3.014336456,7.215422107
2023-07-06,0,-0.008844723,0.007029451,25.11141532,34.2574794,0.58032864,5.888403414
2023-07-07,0,-0.011638958,0.006748358,26.24855259,32.31207216,-3.692935324,3.972135666
2023-07-10,0,-0.002381424,0.006727542,26.87355259,32.11720838,-7.478280402,1.682052453
2023-07-11,1,0.016442817,0.007835704,28.04499163,46.05037752,-7.025105704,-0.059379179
2023-07-12,1,0.004761341,0.007831197,27.92783901,46.29470405,-5.614385141,-1.170380371
2023-07-13,1,0.00639188,0.007954458,27.55283901,54.24244088,-3.128100329,-1.561924363
2023-07-14,1,0.014204609,0.008468808,28.5378418,58.41242658,1.81264793,-0.887009904
2023-07-17,0,-0.003544702,0.008385187,28.75713239,56.65689205,4.921063349,0.274604746
2023-07-18,0,-0.004354593,0.008436715,28.41141183,57.8487346,6.392554141,1.498194625
2023-07-19,1,0.000237688,0.008188057,28.15070452,61.0633929,7.522030485,2.702961797
2023-07-20,0,-0.003075765,0.008174284,27.63213239,56.99769707,7.682251565,3.698819751
2023-07-21,1,0.003658372,0.007907306,27.54856655,51.59722193,8.480464133,4.655148627
2023-07-24,1,0.007166499,0.007990769,29.33787319,57.40475161,10.50652438,5.825423778
2023-07-25,1,0.003012328,0.007999024,29.4650007,62.41357922,12.60674819,7.181688659
2023-07-26,0,-0.016868394,0.008801503,31.60070801,57.13326979,10.590619,7.863474727
2023-07-27,1,0.00440708,0.00872009,30.88856724,66.425265,9.803726208,8.251525023
2023-07-28,1,0.001730583,0.008657049,30.97785296,68.78649813,9.435264246,8.488272868
2023-07-31,1,0.009258021,0.008268502,30.21641323,66.24940711,10.97433028,8.98548435
2023-08-01,1,0.013016134,0.008654999,31.29926409,69.40701445,14.8064259,10.14967266
2023-08-02,0,-0.019154447,0.009702063,33.28569685,54.63936679,13.6035708,10.84045229
2023-08-03,0,-0.004243735,0.009516068,33.07711356,45.34402791,11.62225563,10.99681296
2023-08-04,0,-0.000994527,0.009061668,32.87498256,46.61541459,9.730898594,10.74363008
2023-08-07,0,-0.008523268,0.009300465,32.9057094,44.61860989,6.376000476,9.870104162
2023-08-08,0,-0.002611208,0.008604172,33.56570871,43.3122464,3.137993531,8.523682035
2023-08-09,1,0.012025453,0.008952085,34.49070522,50.87552125,3.049446363,7.428834901
2023-08-10,0,-0.001367497,0.008854877,32.77071708,48.49982625,2.661326998,6.47533332
2023-08-11,0,-0.00396704,0.008254039,31.77429199,42.96340888,1.505260044,5.481318665
2023-08-14,0,-0.007899839,0.008389112,32.19716099,38.17306168,-1.044188515,4.176217229
2023-08-16,0,-0.017749955,0.009175045,31.60930525,38.01808122,-6.637829225,2.013407938
2023-08-17,0,-0.002295039,0.009165861,32.49000767,34.60920172,-11.40653047,-0.670579743
2023-08-18,0,-0.006110301,0.009214406,32.99074009,31.69606078,-16.23721267,-3.783906329
2023-08-21,1,0.001715457,0.009163091,32.18931362,26.52483491,-19.4938719,-6.925899443
2023-08-22,1,0.00276242,0.008983052,31.40359933,17.95081001,-21.26961959,-9.794643473
2023-08-23,0,-0.004078676,0.008906406,28.71217564,21.65231611,-23.2353514,-12.48278506
2023-08-24,1,0.012761935,0.00886313,28.69717843,34.38640028,-21.94360426,-14.3749489
2023-08-25,0,-0.00733272,0.008870336,30.24787249,32.03023069,-22.16045957,-15.93205103
2023-08-28,1,0.009588135,0.00919611,30.07786342,42.06247526,-20.14174967,-16.77399076
2023-08-29,1,0.003434359,0.008934005,28.67143903,45.39622591,-17.63259805,-16.94571222
2023-08-30,1,0.003543671,0.008353305,28.06145368,39.78591983,-14.74305751,-16.50518128
2023-08-31,0,-0.001934524,0.007318091,28.4357387,39.53025316,-12.70602831,-15.74535068
2023-09-01,1,0.002906241,0.007334341,27.75571987,43.54587976,-10.37176763,-14.67063407
2023-09-04,1,0.008096018,0.007598973,27.27000209,53.19803711,-6.762276975,-13.08896265
2023-09-05,0,-0.000917454,0.007354906,24.51714216,66.53023992,-4.046334648,-11.28043705
2023-09-06,0,-0.007322847,0.007517566,23.25357492,61.8134335,-3.375241049,-9.699397851
2023-09-07,0,-0.005900353,0.007035522,22.81642369,61.90424324,-4.013960375,-8.562310356
2023-09-08,0,-0.000227663,0.007037887,22.88785226,60.79516491,-4.5149124,-7.752830765
2023-09-11,1,0.003604605,0.007076055,22.30357143,61.28108828,-4.122044948,-7.026673601
2023-09-12,0,-0.007970972,0.007079898,23.43071638,58.07694748,-5.386625581,-6.698663997
2023-09-13,0,-0.00074148,0.005832022,22.52071708,49.08082089,-6.465989474,-6.652129093
2023-09-14,1,0.014954471,0.006663143,22.7035784,64.78679505,-4.191467403,-6.159996755
2023-09-15,1,0.010973904,0.006791877,23.72928292,65.56735372,-0.096928181,-4.94738304
2023-09-18,0,-0.010262864,0.007316482,24.76142229,55.53810858,0.993397626,-3.759226907
2023-09-19,0,-0.006042177,0.007486563,24.85641044,49.52172261,0.599054985,-2.887570528
2023-09-20,1,0.000207085,0.007398686,24.51068987,50.84341239,0.325551777,-2.244946067
2023-09-21,0,-0.017644824,0.007971786,26.46784319,39.97285767,-3.463838924,-2.488724639
2023-09-22,0,-0.002723455,0.007827642,26.7964216,33.31730887,-6.938908861,-3.378761483
2023-09-25,0,-0.004944113,0.007538515,27.6164202,31.92354674,-10.56923662,-4.81685651
2023-09-26,0,-0.013225369,0.007938864,28.20785086,30.16324278,-15.90879297,-7.035243803
2023-09-27,1,0.000852305,0.00786638,28.21569824,32.66950265,-19.74338013,-9.576871068
2023-10-04,0,-0.024383492,0.009334248,31.1671317,26.2407807,-27.25956674,-13.1134102
2023-10-05,0,-0.000869086,0.009245514,31.71428571,23.72648568,-33.00437779,-17.09160372
2023-10-06,1,0.002131975,0.008952717,30.58426339,26.88316435,-36.71995844,-21.01727466
2023-10-10,0,-0.002556437,0.0089351,32.34141323,26.47438567,-39.70315533,-24.7544508
2023-10-11,1,0.019577516,0.010270767,33.96927316,28.83393041,-37.79878646,-27.36331793
2023-10-12,1,0.012065295,0.010711752,33.33428083,29.16352549,-33.50358329,-28.591371
2023-10-13,0,-0.009590961,0.010863146,33.26070731,29.45558439,-31.64480677,-29.20205815
2023-10-16,0,-0.00813918,0.010871352,33.67783901,29.01321244,-31.4161309,-29.6448727
2023-10-17,1,0.009774558,0.011115583,34.75856236,34.26366149,-28.9700099,-29.50990014
2023-10-18,1,0.000987321,0.011128746,32.59927804,40.44450107,-26.52953058,-28.91382623
2023-10-19,0,-0.019187227,0.011099638,34.11499023,35.29732844,-28.04848054,-28.74075709
2023-10-20,0,-0.017033078,0.010990127,36.1757115,32.36669131,-32.17360499,-29.42732667
2023-10-23,0,-0.00759932,0.010933251,35.24143764,33.82987143,-36.47318977,-30.83649929
2023-10-24,1,0.011176078,0.011463598,37.61715262,38.4147644,-37.31299982,-32.1317994
2023-10-25,0,-0.00857029,0.011479945,35.11572266,43.20679562,-39.16832241,-33.539104
2023-10-26,0,-0.027494828,0.012279776,37.97141811,36.06250928,-45.2881402,-35.88891124
2023-10-27,1,0.001621065,0.012350847,38.77214704,35.82290592,-49.26921678,-38.56497235
2023-10-30,1,0.003355471,0.012465912,37.31570871,37.73424052,-51.2093862,-41.09385512
2023-10-31,0,-0.014192142,0.012505968,36.42285156,26.11254686,-54.74326279,-43.82373665
2023-11-01,1,0.010293708,0.012867903,36.73856027,24.8248973,-55.00788131,-46.06056558
2023-11-02,1,0.017896245,0.012716745,38.40712193,34.80497248,-51.27300076,-47.10305262
2023-11-03,1,0.0107059,0.012998507,37.94498117,41.00044267,-45.75065507,-46.83257311
2023-11-06,1,0.055049005,0.018026737,45.33068848,54.32964322,-30.21080179,-43.50821884
2023-11-07,0,-0.023618671,0.018895496,50.26497977,48.28460889,-22.35092006,-39.27675909
2023-11-08,0,-0.009182872,0.018485494,50.28212193,50.5608514,-17.72027753,-34.96546278
2023-11-09,1,0.002252135,0.01826094,48.35853795,55.38551415,-13.45478831,-30.66332788
2023-11-10,0,-0.007203299,0.018210069,49.24068778,55.44971325,-11.34919276,-26.80050086
2023-11-13,0,-0.00245144,0.018136239,47.72712054,52.18980415,-10.04082159,-23.44856501
2023-11-14,1,0.01219363,0.018217454,48.54141671,57.43129403,-6.548841289,-20.06862026
2023-11-15,1,0.021716622,0.018886916,47.83285086,70.35258804,0.523089653,-15.95027828
2023-11-16,1,0.000607057,0.018311588,47.15427944,70.20908158,6.178271771,-11.52456827
2023-11-17,0,-0.007394032,0.01792149,47.09570313,66.97498602,9.076353378,-7.404383939
2023-11-20,1,0.008607043,0.017832778,46.18355887,73.27570032,12.94661813,-3.334183526
2023-11-21,1,0.007685536,0.017763106,45.63928223,73.01944365,17.36455406,0.805563991
2023-11-22,1,0.000509757,0.017577819,43.92072405,70.39043753,20.73012382,4.790475958
2023-11-23,1,0.001297088,0.016058084,43.04500907,68.72924145,23.39078326,8.510537418
2023-11-24,0,-0.007315108,0.016265025,35.25216239,48.9590454,23.74655541,11.55774102
2023-11-27,0,-0.000388588,0.016294844,30.86359515,61.84260122,23.67730168,13.98165315
2023-11-28,1,0.010403886,0.015781296,29.18502372,72.54998763,25.43527533,16.27237758
2023-11-29,0,-0.000773549,0.015783009,29.01932199,71.21678297,26.36719276,18.29134062
2023-11-30,1,0.006124519,0.015474797,28.59430804,79.00188356,28.03171691,20.23941588
2023-12-01,0,-0.012015314,0.015782994,28.23359026,71.00886311,26.6008806,21.51170882
2023-12-04,1,0.003960173,0.009932317,26.94857352,68.44911708,25.96964085,22.40329523
2023-12-05,0,-0.008252781,0.008476356,24.67928641,52.01678073,23.53024682,22.62868555
2023-12-06,1,0.000440853,0.008132936,24.40070452,51.91224091,21.43862731,22.3906739
2023-12-07,0,-0.001327257,0.008154872,23.98214286,56.41307856,19.29154846,21.77084881
2023-12-08,1,0.010291684,0.008130625,23.5392892,57.49991412,19.44604401,21.30588785
2023-12-11,1,0.002978268,0.0080576,22.81785366,54.50114818,19.9445693,21.03362414
2023-12-12,1,0.003916479,0.007737977,22.20427595,56.75013529,20.89839755,21.00657882
2023-12-13,0,-0.009754516,0.006652764,22.95286342,48.90271117,19.44434106,20.69413127
2023-12-14,1,0.013262739,0.007241324,23.95713588,61.26086539,20.75749675,20.70680437
2023-12-15,1,0.00758857,0.007088325,24.51855469,64.79049559,23.09576279,21.18459605
2023-12-18,1,0.001286464,0.006908418,23.82496861,60.90745696,24.9277898,21.9332348
2023-12-19,1,0.000658152,0.006754024,23.18211147,61.8026086,26.21387136,22.78936211
2023-12-20,1,0.017654838,0.007692129,24.56352888,66.68639731,30.57232418,24.34595453
2023-12-21,0,-0.005477249,0.007871847,24.27139718,71.51984481,32.49951624,25.97666687
2023-12-22,0,-0.000196175,0.00760079,24.35998535,70.00760196,33.59837514,27.50100852
2023-12-26,1,0.001184167,0.007582683,24.00927734,77.95387124,34.32212126,28.86523107
2023-12-27,1,0.004183182,0.00734799,24.58285086,79.01643277,35.36832991,30.16585084
2023-12-28,1,0.015859802,0.007958879,26.35642787,83.71963756,39.11783099,31.95624687
2024-01-02,1,0.005457209,0.007944793,26.67143903,82.92593901,42.76877769,34.11875303
2024-01-03,0,-0.02368827,0.009374032,29.96144322,64.33943677,40.15605756,35.32621394
2024-01-04,0,-0.007812419,0.009611176,30.64144461,58.73770559,36.0328571,35.46754257
2024-01-05,0,-0.003461676,0.009415301,30.23500279,62.01956014,31.67864082,34.70976222
2024-01-08,0,-0.00398765,0.009497008,29.25999233,54.5956685,27.08774534,33.18535884
2024-01-09,0,-0.002565804,0.00951995,30.21142578,49.52535455,22.65729114,31.0797453
2024-01-10,0,-0.007548215,0.009475578,31.01785714,45.2219779,17.39152378,28.342101
2024-01-11,0,-0.000672915,0.009460009,31.26714216,44.5694724,12.93132142,25.25994508
2024-01-12,0,-0.006009498,0.009520161,29.78430176,30.58517249,8.075366685,21.8230294
2024-01-15,1,0.000372177,0.009250851,29.29000419,32.90378598,4.253797854,18.30918309
2024-01-16,0,-0.011306759,0.009069041,30.21857561,29.14894382,-1.054304385,14.4364856
2024-01-17,0,-0.025010044,0.010303898,33.86713518,22.49427739,-10.12221348,9.524745781
2024-01-18,1,0.001698191,0.010312383,33.96927316,20.72309214,-16.78108049,4.263580527
2024-01-19,1,0.013312395,0.010890502,33.64069475,18.21633589,-19.19836104,-0.428807786
2024-01-22,0,-0.003398723,0.009870526,33.09924316,13.44389249,-21.54273625,-4.651593479
2024-01-23,1,0.005769842,0.010038135,29.96353585,22.35588646,-21.99644555,-8.120563893
2024-01-24,0,-0.00360535,0.010027843,29.75282506,23.50390784,-22.81282425,-11.05901596
2024-01-25,1,0.000263216,0.010011839,29.89282227,24.72320581,-23.14059845,-13.47533246
2024-01-26,1,0.003321941,0.009982904,31.59427316,28.85638775,-22.47796692,-15.27585935
2024-01-29,1,0.008872889,0.009406671,31.23639788,36.63002242,-19.94049921,-16.20878732
2024-01-30,0,-0.000736017,0.00921357,31.33354841,39.68065736,-17.87198072,-16.541426
2024-01-31,0,-0.000688553,0.00787414,31.22283064,39.67875854,-16.18488292,-16.47011739
2024-02-01,1,0.018006012,0.008942536,32.9699707,53.63722145,-11.0593904,-15.38797199
2024-02-02,1,0.028250559,0.011027086,36.73141044,64.34906682,-1.106254396,-12.53162847
2024-02-05,0,-0.009219098,0.011205165,38.0135498,65.27179375,4.789863606,-9.067330055
2024-02-06,0,-0.005848136,0.011275559,35.63783482,76.95382378,8.149379242,-5.623988195
2024-02-07,1,0.012873893,0.011451594,37.36570522,79.28152661,13.35141012,-1.828908533
2024-02-08,1,0.004107155,0.011457861,36.00641741,77.58093305,18.13167387,2.163207948
2024-02-13,1,0.011127267,0.01150336,36.73571777,82.11595898,24.00916935,6.53240023
2024-02-14,0,-0.011089161,0.011889143,38.81070382,73.36780252,26.00949813,10.42781981
2024-02-15,0,-0.002529461,0.011535237,39.22427804,73.92825031,26.75222171,13.69270019
2024-02-16,1,0.01328649,0.009818621,40.17499651,76.59495182,29.81808782,16.91777772
2024-02-19,1,0.011822199,0.009943638,39.13711984,78.113883,34.39313291,20.41284875
2024-02-20,0,-0.008418843,0.010137845,38.99213518,71.87974208,35.79314912,23.48890883
2024-02-21,0,-0.001687026,0.010082652,38.79070173,71.35513192,36.12475142,26.01607735
2024-02-22,1,0.004122167,0.010071523,38.99783761,72.53221878,36.84717459,28.1822968
2024-02-23,1,0.001286553,0.009945644,37.56926618,69.03113121,37.26687761,29.99921296
2024-02-26,0,-0.007759484,0.010255159,35.07210868,55.73860569,35.52612085,31.10459454
2024-02-27,0,-0.008357213,0.010590188,33.82711356,56.13812389,32.00004274,31.28368418
2024-02-28,1,0.01032347,0.010638313,33.7457101,63.25752259,31.04576376,31.23610009
2024-02-29,0,-0.003750935,0.010714288,31.93355887,56.21966416,29.15218011,30.8193161
2024-03-04,1,0.012003955,0.010871962,33.39855957,59.47523641,29.88190465,30.63183381
2024-03-05,0,-0.009343291,0.010659697,33.32212612,49.95718123,28.12915066,30.13129718
2024-03-06,0,-0.002990014,0.008735034,31.3199986,54.06868915,25.8043601,29.26590976
2024-03-07,1,0.002318019,0.008435358,31.07927595,56.54312567,24.17788918,28.24830565
2024-03-08,1,0.012286252,0.008624549,31.46641323,56.16488873,25.23899572,27.64644366
2024-03-11,0,-0.007681416,0.008481807,30.53642927,45.8364031,24.14659697,26.94647432
2024-03-12,1,0.008225958,0.008611412,29.82856097,54.90765903,24.76814437,26.51080833
2024-03-13,1,0.004375515,0.008327768,29.47141811,57.98810491,25.91097409,26.39084149
2024-03-14,1,0.009308421,0.008036154,29.95785086,60.23364087,28.52052576,26.81677834
2024-03-15,0,-0.019281614,0.009290866,31.48570033,49.86339222,26.09826591,26.67307585
2024-03-18,1,0.007099277,0.008957408,30.40499442,56.1897202,25.41873736,26.42220816
2024-03-19,0,-0.011108355,0.008925677,30.7849993,54.85126177,22.22982012,25.58373055
2024-03-20,1,0.012707991,0.009179669,30.94070871,55.77913349,22.18790462,24.90456536
2024-03-21,1,0.023773467,0.010513593,33.91500419,64.71510559,27.06507737,25.33666777
2024-03-22,0,-0.002289504,0.010539282,32.80358887,60.41496673,30.07522218,26.28437865
2024-03-25,0,-0.004006469,0.010612641,32.55001395,62.86140826,31.2141658,27.27033608
2024-03-26,1,0.007105117,0.010464801,34.13642229,66.31017222,33.3079361,28.47785608
2024-03-27,0,-0.000718399,0.0102016,33.44642857,65.34561878,34.41082965,29.6644508
2024-03-28,0,-0.003377628,0.010102328,31.57502093,60.01712322,34.1416881,30.55989826
2024-03-29,1,0.000294883,0.010026967,31.34786551,64.13099907,33.60634372,31.16918735
2024-04-01,1,0.000447803,0.009745213,31.12074498,61.53308364,32.90207367,31.51576461
2024-04-02,1,0.001926845,0.009414114,31.20861816,60.64522038,32.39811917,31.69223553
2024-04-03,0,-0.016919394,0.010272654,32.70861816,48.04080666,27.949406,30.94366962
2024-04-04,1,0.012857664,0.010596933,31.81576102,63.23236752,26.93985351,30.1429064
2024-04-05,0,-0.010186661,0.010612515,32.80861119,54.84474292,23.62501749,28.83932862
2024-04-08,1,0.00126658,0.010430844,31.24717494,61.53210665,21.03310405,27.2780837
2024-04-09,0,-0.004606473,0.010362278,31.31288365,53.06430854,17.76635665,25.37573829
2024-04-11,1,0.000665192,0.010321119,30.65860421,36.85217128,15.1480672,23.33020407
2024-04-12,0,-0.009330526,0.010301427,31.32716588,33.39799221,10.91861177,20.84788561
2024-04-15,0,-0.004256211,0.009380468,31.95075335,33.33163623,6.571892338,17.99268696
2024-04-16,0,-0.023031079,0.010539556,33.89004953,19.61837675,-1.758696779,14.04241021
2024-04-17,0,-0.009800187,0.010480284,35.70575823,17.88836399,-10.29566502,9.174795165
2024-04-18,1,0.019361089,0.01104135,38.82503836,31.92462757,-12.83675636,4.77248486
2024-04-19,0,-0.016393499,0.009882396,43.30503627,27.85269249,-18.0987755,0.198232789
2024-04-22,1,0.014395067,0.010626163,44.32929339,34.65103783,-19.0173647,-3.644886708
2024-04-23,0,-0.00244454,0.010618043,44.25214495,33.18082944,-20.03246551,-6.922402468
2024-04-24,1,0.019903382,0.011549188,44.86929757,46.03223066,-16.39310199,-8.816542373
2024-04-25,0,-0.017770677,0.012104736,45.42000907,36.02041652,-17.11458161,-10.47615022
2024-04-26,1,0.010486462,0.012435251,45.19072614,42.86208059,-15.27432423,-11.43578502
2024-04-29,1,0.011643546,0.012783053,46.06713867,46.51243281,-11.17676228,-11.38398047
2024-04-30,1,0.001717676,0.012794239,45.04356166,48.45970877,-7.470494845,-10.60128335
2024-05-02,0,-0.00312895,0.012782771,42.00639997,47.30113701,-5.152485877,-9.511523854
2024-05-03,0,-0.002619275,0.012250721,41.60569545,49.37275653,-3.837665754,-8.376752234
2024-05-07,1,0.021338947,0.012870851,42.82498605,56.94787752,1.841458137,-6.33311016
2024-05-08,1,0.003901863,0.012676087,39.1207101,66.51627714,7.122687758,-3.641950576
2024-05-09,0,-0.012061356,0.012983855,38.8664202,65.32748609,8.553921432,-1.202776174
2024-05-10,1,0.005695106,0.013000058,36.97999791,62.15120136,10.81344651,1.200468362
2024-05-13,0,-0.000153963,0.013000514,32.93071638,69.90614836,12.42700148,3.445774987
2024-05-14,1,0.001147081,0.012798464,31.18073382,66.51284031,13.79926122,5.516472233
2024-05-16,1,0.00826505,0.012839328,32.68500628,70.19826546,16.52476527,7.718130841
2024-05-17,0,-0.010362214,0.011837628,30.79570661,58.21594625,16.207893,9.416083274
2024-05-20,1,0.006409586,0.011526772,29.69998605,71.19487578,17.17251484,10.96736959
2024-05-21,0,-0.006571158,0.0110335,28.9085519,63.14664613,16.29987108,12.03386989
2024-05-22,0,-0.000264324,0.010201836,28.48641532,57.91091865,15.37298875,12.70169366
2024-05-23,0,-0.000605995,0.009823884,29.00999233,56.62023405,14.33999199,13.02935333
2024-05-24,0,-0.012648483,0.010305078,30.93929618,50.78849441,10.63824561,12.55113178
2024-05-27,1,0.013081899,0.00975207,31.57142857,58.31244545,10.43990872,12.12888717
2024-05-28,0,-5.14E-05,0.00871916,28.57498605,47.39909458,10.15438373,11.73398648
2024-05-29,0,-0.016870319,0.009397716,30.62212263,36.77426304,6.181340216,10.62345723
2024-05-30,0,-0.015758713,0.009664891,30.83428083,35.53264288,-0.341153617,8.430535059
2024-05-31,1,0.000409744,0.009650112,30.6628418,31.82669064,-5.361321714,5.672163705
2024-06-03,1,0.017296785,0.010464169,32.7878418,42.45738142,-5.563888494,3.424953265
2024-06-04,0,-0.007641337,0.010589306,33.50284249,39.1177934,-7.288128161,1.28233698
2024-06-05,1,0.010239981,0.009645944,32.94641113,40.02448469,-6.370225398,-0.248175496
2024-06-07,1,0.012257685,0.010034672,33.78569685,49.69817697,-2.932441996,-0.785028796
2024-06-10,0,-0.007928004,0.009822382,33.90642439,43.7364278,-1.920703525,-1.012163742
2024-06-11,1,0.001535246,0.009734572,33.57142857,46.98954818,-0.775076758,-0.964746345
2024-06-12,1,0.008410796,0.009932828,33.55571638,50.70220445,1.954107192,-0.380975638
2024-06-13,1,0.009746449,0.010167641,34.86143276,54.58881669,6.201595332,0.935538556
2024-06-14,1,0.001280548,0.010003629,33.26569475,60.73809355,9.740323758,2.696495597
2024-06-17,0,-0.005204836,0.009783848,31.93355887,53.41930871,11.25950878,4.409098234
2024-06-18,1,0.007196746,0.009811026,32.82427107,56.25359665,13.90250857,6.307780301
2024-06-19,1,0.012015485,0.009994953,32.08285086,68.97829576,18.4799994,8.742224121
2024-06-20,1,0.003675251,0.010000802,30.25355748,80.24384094,22.67739118,11.52925753
2024-06-21,0,-0.008358537,0.010235117,30.34354074,74.06508365,23.8432508,13.99205619
2024-06-24,0,-0.007039158,0.009909226,28.3406808,64.65474321,22.92700457,15.77904586
2024-06-25,1,0.003487891,0.00954004,27.81209891,70.81527972,22.71846271,17.16692923
2024-06-26,1,0.006345246,0.009612182,27.36640276,69.72195955,23.70496274,18.47453593
2024-06-27,0,-0.002865796,0.008687978,26.67855399,63.07232423,23.57034147,19.49369704
2024-06-28,1,0.004930252,0.007635823,25.38856724,71.28205514,24.29392568,20.45374277
2024-07-01,1,0.002316973,0.007613787,25.69285366,71.57496161,25.10170254,21.38333472
2024-07-02,0,-0.008397269,0.007248513,25.96569824,61.453914,23.5778655,21.82224088
2024-07-03,1,0.004717572,0.006920639,24.28283691,59.03719646,23.1642775,22.0906482
2024-07-04,1,0.011009261,0.006968373,25.18498884,63.64013192,25.04360593,22.68123975
2024-07-05,1,0.01311393,0.007034078,27.19855608,72.1374898,29.205321,23.986056
2024-07-08,0,-0.00156293,0.006672145,26.14212472,68.65906975,31.77652094,25.54414899
2024-07-09,1,0.003360575,0.006666162,25.13070243,65.38410396,34.19626551,27.27457229
2024-07-10,1,0.000212753,0.006561269,24.87641253,63.8453483,35.7510453,28.96986689
2024-07-11,1,0.008112122,0.006475878,24.74356515,74.56533062,38.42524264,30.86094204
2024-07-12,0,-0.011951432,0.007230116,26.19358608,69.81829203,37.34233826,32.15722129
2024-07-15,1,0.001371101,0.007044048,26.78501674,69.05527652,36.38105551,33.00198813
2024-07-16,1,0.001805538,0.006940511,25.78857422,67.25391938,35.62574973,33.52674045
2024-07-17,0,-0.007986916,0.0068336,25.55643136,62.91144226,32.80918718,33.3832298
2024-07-18,0,-0.006683562,0.006996022,27.61713518,55.65551562,28.71770624,32.45012509
2024-07-19,0,-0.010281626,0.007133117,29.43071638,48.27785738,22.88023641,30.53614735
2024-07-22,0,-0.011495044,0.007434373,30.43287877,46.7319486,15.49726267,27.52837041
2024-07-23,1,0.003893258,0.007444991,31.03430176,46.25210078,10.39621991,24.10194031
2024-07-24,0,-0.005631708,0.007389069,30.94360352,36.63265346,5.038345759,20.2892214
2024-07-25,0,-0.017574743,0.008301997,31.50287737,20.68089133,-3.050686761,15.62123977
2024-07-26,1,0.00780888,0.008440158,32.52359445,27.13966311,-7.658325496,10.96532672
2024-07-29,1,0.012235007,0.008934102,34.21787807,32.98479886,-8.498279329,7.072605507
2024-07-30,0,-0.009935212,0.009010169,35.64787946,30.09328424,-11.240492,3.409986006
2024-07-31,1,0.011799269,0.009369295,36.2643171,31.99965327,-10.66825985,0.594336834
2024-08-01,1,0.002519657,0.00900969,34.61788504,37.11502113,-9.540748156,-1.432680164
2024-08-02,0,-0.037221903,0.011571753,40.8543178,27.21467985,-16.64471117,-4.475086365
2024-08-05,0,-0.091761016,0.022882845,60.43218122,16.56324294,-40.73852306,-11.7277737
2024-08-06,1,0.03247857,0.024503888,68.28717913,26.81767777,-52.7215666,-19.92653228
2024-08-07,1,0.018175323,0.02508194,71.12574986,32.22539359,-57.81891826,-27.50500948
2024-08-08,0,-0.004557906,0.024878791,71.4443185,33.01458695,-62.08539723,-34.42108703
2024-08-09,1,0.012322397,0.025171234,71.69574847,37.53878448,-62.19178326,-39.97522627
2024-08-12,1,0.011473783,0.025404753,71.76862444,39.19123247,-59.18359449,-43.81689992
2024-08-13,1,0.001221402,0.025397541,71.69290597,40.32656276,-55.89702776,-46.23292549
2024-08-14,1,0.008735338,0.025550122,70.07577079,45.16554032,-50.85032132,-47.15640465
2024-08-16,1,0.019743302,0.026061786,72.03006417,47.57766391,-42.11047799,-46.14721932
2024-08-19,0,-0.008515174,0.026036303,71.35862514,43.53285217,-36.60750823,-44.2392771
2024-08-20,1,0.008292662,0.02604104,71.2857666,47.03057308,-30.10237882,-41.41189745
2024-08-21,1,0.001667359,0.026022764,70.09289551,44.82285432,-24.30374604,-37.99026716
2024-08-22,1,0.002418297,0.026015083,69.92215402,44.78587354,-18.96197939,-34.18460961
2024-08-23,0,-0.002210976,0.025723031,63.6378697,52.21415919,-15.03777913,-30.35524351
2024-08-26,0,-0.001363014,0.025655048,45.0985805,87.18110809,-12.08544836,-26.70128448
2024-08-27,0,-0.003252124,0.025479615,36.60144043,80.59998033,-10.33344698,-23.42771698
2024-08-28,1,0.000215679,0.025401598,32.30929129,76.70222762,-8.796762209,-20.50152603
2024-08-29,0,-0.010295114,0.025300896,31.48428781,71.69760376,-9.690283596,-18.33927754
2024-08-30,1,0.004508516,0.025323475,29.90427944,69.20741596,-9.320244925,-16.53547102
2024-09-02,1,0.002498434,0.023926218,29.49283273,65.64529001,-8.390444431,-14.9064657
2024-09-03,0,-0.006124692,0.010543606,29.66141183,60.09831942,-8.872228954,-13.69961835
2024-09-04,0,-0.03196572,0.011320524,33.54354422,38.39200469,-15.83586764,-14.12686821
2024-09-05,0,-0.002055757,0.010600042,33.54640416,23.18128715,-21.53404011,-15.60830259
2024-09-06,0,-0.012195976,0.010911155,34.40853446,22.35865149,-28.24350007,-18.13534209
2024-09-09,0,-0.003287307,0.01051609,35.92925153,13.70497357,-33.84444088,-21.27716185
2024-09-10,0,-0.004941347,0.010122499,36.07069615,11.26518162,-38.84410174,-24.79054982
2024-09-11,0,-0.003994531,0.010106509,36.9085519,8.286842817,-43.12103944,-28.45664775
2024-09-12,1,0.023094303,0.01135064,39.43854632,27.31411878,-41.29629451,-31.0245771
2024-09-13,1,0.001289878,0.010237985,38.83285086,28.51230546,-39.13120872,-32.64590342
2024-09-19,1,0.002090737,0.010174184,40.99926758,30.76514047,-36.55899432,-33.4285216
2024-09-20,1,0.004858786,0.010023099,42.05855887,33.58965754,-33.12435941,-33.36768916
2024-09-23,1,0.003325994,0.010061413,40.25927734,39.04140602,-29.36669836,-32.567491
2024-09-24,1,0.011338173,0.010451603,40.9478411,42.71602713,-23.72116732,-30.79822627
2024-09-25,0,-0.013527315,0.010797095,43.68856376,36.82227708,-21.84843361,-29.00826773
2024-09-26,1,0.028571256,0.012780967,46.85212054,50.91275129,-14.12935809,-26.03248581
2024-09-27,0,-0.008189711,0.01288435,42.93141392,60.84114803,-9.658867766,-22.7577622
2024-09-30,0,-0.021556994,0.013693805,44.37711007,52.40558255,-10.55419529,-20.31704882
2024-10-02,0,-0.012252461,0.013764316,43.67569406,52.35453808,-13.65459551,-18.98455816
2024-10-04,1,0.003125863,0.013733737,42.03569685,54.57253538,-15.28830244,-18.24530701
2024-10-07,1,0.015702723,0.014268097,44.04425921,60.9357373,-13.14972233,-17.22619008
2024-10-08,0,-0.00615586,0.01426865,43.74640765,60.03569754,-12.60227302,-16.30140667
2024-10-10,1,0.001848383,0.012318368,40.92712402,53.87166025,-11.64685369,-15.37049607
2024-10-11,0,-0.000866039,0.012308986,41.37711007,53.08447563,-10.94506529,-14.48540991
2024-10-14,1,0.010107027,0.012115207,40.16570173,55.74951223,-8.166103391,-13.22154861
2024-10-15,1,0.003865485,0.012071039,38.81570871,55.45898982,-5.085315713,-11.59430203
2024-10-16,0,-0.008806571,0.012216182,40.03140695,51.0942357,-4.455565715,-10.16655477
2024-10-17,0,-0.000406179,0.012154441,38.9828404,46.82950112,-3.995959242,-8.932435662
2024-10-18,0,-0.005950286,0.011181638,36.36284528,49.62469176,-4.825200941,-8.110988718
2024-10-21,1,0.004270216,0.011213646,32.76569475,37.60732414,-4.534445286,-7.395680032
2024-10-22,0,-0.013223718,0.011619829,33.39355469,35.94578459,-6.984768914,-7.313497808
2024-10-23,1,0.011187109,0.011848631,30.89214216,51.25125318,-6.517917841,-7.154381815
2024-10-24,0,-0.00717677,0.011931531,29.72427804,54.01647415,-7.56084304,-7.23567406
2024-10-25,1,0.00086749,0.011614662,30.02784947,52.88537065,-8.113097543,-7.411158756
2024-10-28,1,0.011224751,0.01151986,28.54356166,50.45868653,-6.127171786,-7.154361362
2024-10-29,1,0.002053493,0.00943281,28.06856864,55.506992,-4.073036312,-6.538096352
2024-10-30,0,-0.009214147,0.009476491,28.90215193,48.84284955,-4.332582958,-6.096993673
2024-10-31,0,-0.01461796,0.008788948,29.89714704,42.37903215,-7.489189294,-6.375432797
2024-11-01,0,-0.005409356,0.008442778,29.24213518,34.12078947,-10.97700765,-7.295747768
2024-11-04,1,0.018167276,0.009388372,31.15354701,42.36473268,-9.866369033,-7.809872021
2024-11-05,0,-0.004680783,0.008719215,30.59713309,44.02736173,-9.848224774,-8.217542572
2024-11-06,0,-0.005201902,0.008690046,32.70570592,42.17504639,-10.78832128,-8.731698314
2024-11-07,1,0.000436756,0.008674849,33.34641811,44.75430162,-11.3125857,-9.247875791
2024-11-08,0,-0.001357835,0.008676135,34.40642439,41.91270802,-11.8720211,-9.772704852
2024-11-11,0,-0.011581159,0.008610308,34.12285505,42.65833153,-14.52750935,-10.72366575
2024-11-12,0,-0.019580838,0.009364632,34.87569754,29.54025019,-20.35846336,-12.65062527
2024-11-13,0,-0.026734109,0.010715321,38.11427525,25.37915368,-29.91914206,-16.10432863
2024-11-14,1,0.000736167,0.010737646,37.84498814,25.27592433,-36.92674678,-20.26881226
2024-11-15,0,-0.000827178,0.010744485,38.76855469,17.97398111,-42.15576191,-24.64620219
2024-11-18,1,0.021372368,0.012004829,41.71212333,28.88374653,-41.60726392,-28.03841454
2024-11-19,1,0.001165704,0.011768406,40.5206822,31.59733822,-40.47363793,-30.52545921
2024-11-20,1,0.004174244,0.011456453,38.8013916,37.84156783,-38.29938107,-32.08024359
2024-11-21,0,-0.000669024,0.011403221,38.79352679,39.41560556,-36.2918774,-32.92257035
2024-11-22,1,0.008274092,0.011618921,37.6499721,33.48518022,-32.66135312,-32.8703269
2024-11-25,1,0.013146678,0.011738027,38.80782645,42.57905698,-26.80425247,-31.65711202
2024-11-26,0,-0.005531492,0.011739115,36.90926688,42.48861448,-23.0251065,-29.93071091
2024-11-27,0,-0.006887784,0.011674139,36.09997559,39.85369755,-21.18190366,-28.18094946
2024-11-28,1,0.000642951,0.011283073,34.54711914,40.63474611,-19.3679875,-26.41835707
2024-11-29,0,-0.019659629,0.012002063,36.06283133,38.19394873,-21.61579771,-25.4578452
2024-12-02,0,-0.000582411,0.011061519,34.91498675,44.85812322,-23.24463731,-25.01520362
2024-12-03,1,0.018415852,0.012005607,33.44283622,66.38896279,-20.61668592,-24.13550008
2024-12-04,0,-0.014544724,0.012333996,35.38141741,57.84767714,-21.20258152,-23.54891637
2024-12-05,0,-0.009030057,0.012417753,34.9564209,54.06010892,-23.18693546,-23.47652019
2024-12-06,0,-0.005622256,0.012434561,34.83928571,42.40239107,-25.5694847,-23.89511309
2024-12-09,0,-0.028226348,0.013568038,38.67785645,33.32438939,-32.53574811,-25.62324009
2024-12-10,1,0.023967231,0.014324501,41.61500767,41.53867752,-33.05511897,-27.10961587
2024-12-11,1,0.010151587,0.013211639,42.30146136,45.28055974,-31.11736597,-27.91116589
2024-12-12,1,0.016086878,0.013662854,43.3614502,47.73922005,-26.08478891,-27.54589049
2024-12-13,1,0.004959176,0.013676901,42.61574009,45.04101698,-20.86024911,-26.20876222
2024-12-16,0,-0.002203299,0.012873651,43.33431571,46.01253174,-16.96717299,-24.36044437
2024-12-17,0,-0.013005174,0.013214819,43.75716727,44.33862573,-16.28914711,-22.74618492
2024-12-18,1,0.011179445,0.01343092,44.98573521,47.67077857,-13.36900423,-20.87074878
2024-12-19,0,-0.019714644,0.014140511,45.20929827,47.69932372,-14.79773555,-19.65614614
2024-12-20,0,-0.013132216,0.014218751,46.01142229,44.58315247,-18.2836358,-19.38164407
2024-12-23,1,0.015625105,0.014367541,45.77071708,43.64176447,-17.7862142,-19.0625581
2024-12-24,0,-0.000610335,0.014343394,43.11286272,47.21932772,-17.31266415,-18.71257931
2024-12-26,0,-0.004455726,0.014306552,41.97215053,48.51786582,-17.60988868,-18.49204118
2024-12-27,0,-0.01030114,0.014429528,40.53142439,47.22940541,-19.62839141,-18.71931123
2024-12-30,0,-0.002198062,0.013822508,38.48357282,55.40701095,-21.40735297,-19.25691958
2025-01-02,0,-0.000229262,0.013823513,36.03142439,46.88219142,-22.60104637,-19.92574493
2025-01-03,1,0.017757634,0.013775192,37.72926549,49.90820322,-19.85011202,-19.91061835
2025-01-06,1,0.01895175,0.014096945,37.85356794,50.99229573,-13.74166025,-18.67682673
2025-01-07,1,0.001389434,0.013917701,38.07786342,49.63085623,-8.523208342,-16.64610305
2025-01-08,1,0.011549733,0.014015798,39.02999442,54.67503191,-2.02814925,-13.72251229
2025-01-09,1,0.000337046,0.012113001,38.0392892,60.43808903,3.151479656,-10.3477139
2025-01-10,0,-0.002429641,0.011142387,37.59357561,55.39978874,6.685484172,-6.941074289
2025-01-13,0,-0.010476895,0.011300324,35.53716169,60.00524701,7.28648168,-4.095563095
2025-01-14,1,0.00314414,0.01074505,33.82859584,69.10313991,8.299712487,-1.616507978
2025-01-15,0,-0.000236211,0.010689314,33.00287737,63.2495564,8.951917606,0.497177139
2025-01-16,1,0.012212771,0.011010798,34.20071847,68.42666093,11.80829032,2.759399775
2025-01-17,0,-0.001560052,0.010544862,33.76785714,70.49074452,13.59732444,4.926984709
2025-01-20,0,-0.001387898,0.010299263,32.27500698,77.75431873,14.56483181,6.854554129
2025-01-21,0,-0.000801901,0.009126565,32.35928781,78.99431746,14.99572825,8.482788953
2025-01-22,1,0.011462914,0.008674701,33.10144043,81.79916055,17.4782195,10.28187506
2025-01-23,0,-0.012472164,0.008777782,31.37573242,66.60802605,16.70559928,11.56661991
2025-01-24,1,0.008435852,0.008896542,29.95858329,62.28076729,17.60984054,12.77526403
2025-01-31,0,-0.007688711,0.009046866,30.51642718,55.95852417,16.56764367,13.53373996
2025-02-03,0,-0.025515801,0.010618724,32.96214076,36.39051086,10.50314406,12.92762078
2025-02-04,1,0.011240805,0.010828024,35.41571917,42.64657295,7.844938244,11.91108427
2025-02-05,1,0.011052126,0.011015324,35.70643834,48.89612158,7.873017545,11.10347093
2025-02-06,1,0.010891852,0.010605916,35.38000488,57.96777768,9.997431194,10.88226298
2025-02-07,0,-0.005863249,0.009937135,35.12785993,54.04460446,10.36490083,10.77879055
2025-02-10,0,-0.000257735,0.009937634,34.90572684,54.03389847,10.4828418,10.7196008
2025-02-11,1,0.007027264,0.009724091,34.26072475,51.99118915,11.87413302,10.95050724
2025-02-12,1,0.003671731,0.009752302,34.70359584,54.20045809,13.57391701,11.4751892
2025-02-13,1,0.013555552,0.01014477,35.768607,59.65253142,17.52544336,12.68524003
2025-02-14,1,0.003045921,0.009760374,34.14289202,60.96988627,21.05026252,14.35824453
2025-02-17,1,0.00744788,0.009834139,33.2293178,59.80316757,25.11715901,16.51002742
2025-02-18,1,0.006259107,0.009856224,32.64003209,68.07260003,29.32471378,19.07296469
2025-02-19,1,0.016877402,0.010148085,34.53644671,70.3271047,35.85365285,22.42910233
2025-02-20,0,-0.006557041,0.010320382,33.4621582,70.7476817,39.16751247,25.77678436
2025-02-21,1,0.000195914,0.010294852,29.02216448,87.64026108,41.35897085,28.89322165
2025-02-24,0,-0.003513333,0.010359664,27.11502511,82.96920885,41.86191539,31.4869604
2025-02-25,0,-0.005679026,0.010284874,26.7671596,75.69645608,40.58391719,33.30635176
2025-02-26,1,0.004097623,0.009744156,26.79717146,73.84370763,39.98168412,34.64141823
2025-02-27,0,-0.00734971,0.009871096,27.65433175,72.35234695,37.51141834,35.21541825
2025-02-28,0,-0.034524508,0.012641916,32.1086077,51.84674214,28.05122476,33.78257956
2025-03-04,0,-0.001525222,0.011108069,32.63003976,48.29865977,20.01179132,31.02842191
2025-03-05,1,0.011484174,0.011119423,33.46646554,51.53346879,15.81517463,27.98577245
2025-03-06,1,0.007023407,0.010973123,32.7643171,48.83488976,13.78529011,25.14567599
2025-03-07,0,-0.004934181,0.010815692,33.97431292,45.48963503,11.02632291,22.32180537
2025-03-10,1,0.002691894,0.010718519,34.54717146,43.17290196,9.290300871,19.71550447
2025-03-11,0,-0.012838806,0.011153596,37.48716518,35.59130219,5.208587136,16.814121
2025-03-12,1,0.014560864,0.011513347,36.64430455,33.99430543,4.920420623,14.43538093
2025-03-13,0,-0.000458458,0.011494254,37.57716588,35.93069414,4.544430893,12.45719092
2025-03-14,0,-0.002832603,0.011091105,37.57001604,34.92274633,3.617340056,10.68922075
2025-03-17,1,0.017125937,0.011744069,38.75784738,44.72188146,6.38604664,9.828585926
2025-03-18,1,0.000631873,0.011626404,39.00786482,47.14399919,8.614121357,9.585693012
2025-03-19,1,0.006212633,0.0116251,39.19285366,48.04992009,11.56028911,9.980612232
2025-03-20,1,0.003220827,0.010966117,38.58426339,52.48488298,14.4132647,10.86714272
2025-03-21,1,0.002283911,0.010893351,34.12212263,74.42130868,16.96525675,12.08676553
2025-03-24,0,-0.004193142,0.010928972,32.97713797,72.12296195,17.88908006,13.24722844
2025-03-25,0,-0.006196811,0.010985201,33.64426967,63.09846161,17.1119143,14.02016561
2025-03-26,1,0.010696383,0.011191893,34.20282854,64.71693332,18.55199543,14.92653157
2025-03-27,0,-0.014012573,0.011590485,34.62140765,58.58329063,16.53402744,15.24803075
2025-03-28,0,-0.019039756,0.012223766,36.62997001,47.90831842,10.84218949,14.3668625
2025-03-31,0,-0.030507759,0.011668344,37.63282994,41.71165374,0.127943438,11.51907868
2025-04-01,1,0.016100176,0.012278635,38.16141183,42.22876858,-5.055463194,8.204170309
2025-04-02,0,-0.006178262,0.012030558,37.6806815,40.536686,-10.29776791,4.503782665
2025-04-03,0,-0.007675521,0.011961318,41.3185512,39.23508561,-15.81607874,0.439810384
2025-04-04,0,-0.008594364,0.012040066,43.05855887,29.06465677,-21.65685362,-3.979522416
2025-04-07,0,-0.057266731,0.017187696,50.68425642,20.5565883,-36.93247999,-10.57011393
2025-04-08,1,0.002586648,0.017161053,52.29997907,18.83236991,-47.99865239,-18.05582162
2025-04-09,0,-0.017515851,0.016813083,54.49714007,15.95408026,-59.35490202,-26.3156377
2025-04-10,1,0.063903474,0.022931645,63.30571638,34.75563743,-55.5015289,-32.15281594
2025-04-11,0,-0.005059726,0.022938432,65.5464216,34.68727871,-52.83440279,-36.28913331
2025-04-14,1,0.009479216,0.022652991,64.90000698,37.84504869,-48.29435976,-38.6901786
2025-04-15,1,0.008724447,0.022794171,64.42360142,37.21418725,-42.4702862,-39.44620012
2025-04-16,0,-0.012175158,0.022788648,64.00645229,37.60745705,-39.81483913,-39.51992792
2025-04-17,1,0.009345627,0.022925465,61.71718052,42.91767581,-35.44746947,-38.70543623
2025-04-18,1,0.005252518,0.022972842,57.49933733,50.20742137,-30.58394579,-37.08113814
2025-04-21,1,0.002011329,0.022999412,55.36505999,46.82437596,-26.02609738,-34.87012999
2025-04-22,0,-0.000715581,0.022989538,54.37437221,48.09836538,-22.30053646,-32.35621128
2025-04-23,1,0.015530485,0.023160713,52.34936523,53.70011432,-16.02276994,-29.08952302
2025-04-24,0,-0.001279735,0.022995948,49.11437988,55.6116632,-11.17935849,-25.50749011
2025-04-25,1,0.009458236,0.022743482,41.4422433,77.6903058,-5.345128398,-21.47501777
2025-04-28,1,0.001004898,0.021598135,38.84294782,77.49198655,-0.509016064,-17.28181743
2025-04-29,1,0.006475935,0.021358006,37.15007673,87.08170159,4.606772429,-12.90409946
2025-04-30,0,-0.003439973,0.021319217,28.22222028,74.9184943,7.859592775,-8.75136101
2025-05-02,1,0.001243035,0.021221196,26.48364258,79.59665047,10.57220049,-4.886648709
2025-05-07,1,0.005458186,0.021103492,25.75793457,78.68723924,13.69458965,-1.170401037
2025-05-08,1,0.002204396,0.01581884,25.07434082,76.90732372,16.43794221,2.351267612
2025-05-09,0,-0.000857114,0.01586659,23.90935407,90.09893823,18.22367234,5.525748557
2025-05-12,1,0.011596032,0.015009056,24.21078055,90.5137826,21.81302487,8.783203819
2025-05-13,1,0.000417905,0.00652444,24.18146624,89.79381828,24.46355328,11.91927371
2025-05-14,1,0.012250185,0.006514481,25.46575056,91.29807839,28.82607522,15.30063401
2025-05-15,0,-0.007301521,0.006856746,25.98716518,83.40618174,30.38308469,18.31712415
2025-05-16,1,0.00209976,0.006737869,24.18715123,80.11067123,31.69626287,20.99295189
2025-05-19,0,-0.008967133,0.006388504,24.90358189,71.5149827,30.49322435,22.89300638
2025-05-20,0,-0.000622403,0.006262315,24.46142578,66.70684242,29.07395103,24.12919531
2025-05-21,1,0.009098322,0.006405744,25.52498954,70.47836395,29.52764006,25.20888426
2025-05-22,0,-0.012228023,0.007233847,26.11999512,56.96946043,27.00105759,25.56731893
2025-05-23,0,-0.000609297,0.007231731,25.28140695,59.07695229,24.5878104,25.37141722
2025-05-26,1,0.019979626,0.007719361,27.12711007,67.29769066,26.58974939,25.61508365
2025-05-27,0,-0.002718839,0.007761071,26.84566825,63.33809826,27.28244494,25.94855591
2025-05-28,1,0.012409293,0.007931955,29.57067871,67.10819441,30.14113321,26.78707137
2025-05-29,1,0.018732493,0.008721997,31.86424037,72.88281288,36.06504908,28.64266691
2025-05-30,0,-0.008478699,0.009066118,31.91493443,64.75274936,38.46293366,30.60672026
2025-06-02,1,0.000481799,0.008972507,33.03424944,64.77693146,40.00700172,32.48677655
2025-06-04,1,0.026280347,0.010391565,35.49639021,68.81917179,46.49405014,35.28823127
2025-06-05,1,0.014763217,0.010666771,37.96210589,75.90122684,54.33405304,39.09739562
2025-06-09,1,0.015427744,0.010928394,40.84354074,78.16745439,63.34494696,43.94690589
2025-06-10,1,0.00561494,0.01083855,41.02709961,83.64210714,70.96562567,49.35064985
2025-06-11,1,0.012178939,0.010856825,41.84852818,85.28624673,78.93469263,55.2674584
2025-06-12,1,0.004458505,0.010795867,41.53853934,84.90979243,85.31496149,61.27695902
2025-06-13,0,-0.008740018,0.011134651,42.81138393,86.23901974,87.31449582,66.48446638
2025-06-16,1,0.017818414,0.011139102,46.1192627,88.06934233,92.03736823,71.59504675
2025-06-17,1,0.001234581,0.011156096,47.58499581,86.67693531,94.97914678,76.27186676
2025-06-18,1,0.007392158,0.010601912,49.51000977,88.79394243,97.94777784,80.60704897
2025-06-19,1,0.001865585,0.010526744,48.53287179,88.03514274,99.60015334,84.40566985
2025-06-20,1,0.014701326,0.010666217,48.47572545,87.84302755,103.2776615,88.18006819
2025-06-23,0,-0.002441929,0.009935816,49.88359724,91.42692225,104.3940172,91.42285799
2025-06-24,1,0.029151564,0.010841903,53.87215751,93.02893676,111.1922495,95.37673629
2025-06-25,1,0.001484285,0.010643569,51.88429478,91.86539155,115.6191096,99.42521096
2025-06-26,0,-0.009273118,0.011085324,53.04214914,84.2566325,115.4811943,102.6364076
2025-06-27,0,-0.00769953,0.011543255,52.79143415,77.02441867,112.1728902,104.5437041
2025-06-30,1,0.00514392,0.011195372,52.36715262,77.00454527,109.5597992,105.5469231
2025-07-01,1,0.005826646,0.010661303,54.18931362,75.88081338,107.6958659,105.9767117
2025-07-02,0,-0.004733352,0.010884974,56.39432199,71.87280627,103.8443538,105.5502401
2025-07-03,1,0.013312348,0.009996045,55.38718959,79.93732103,102.9307802,105.0263481
2025-07-04,0,-0.020092885,0.01131611,56.10076032,64.15532152,96.09694663,103.2404678
2025-07-07,1,0.001697794,0.011006995,53.43003627,64.3008644,90.06169403,100.6047131
2025-07-08,1,0.017971396,0.011472159,54.1943185,67.18840297,88.73262911,98.23029628
2025-07-09,1,0.006014091,0.011324482,53.09287807,68.20218343,88.17906137,96.2200493
2025-07-10,1,0.015669222,0.011634371,53.07859584,68.59716592,90.68838432,95.11371631
2025-07-11,0,-0.00234627,0.011340905,52.77502441,68.58296539,91.02579562,94.29613217
2025-07-14,1,0.008234864,0.010950288,48.54431152,63.25691586,92.34763379,93.90643249
2025-07-15,1,0.004129462,0.010928756,47.68359375,64.09292176,93.38784736,93.80271546
2025-07-16,0,-0.009029015,0.011294962,44.85360282,64.0574618,90.83315573,93.20880352
2025-07-17,1,0.0018531,0.011295056,44.66003418,68.82092938,88.26794649,92.22063211
2025-07-18,0,-0.0013228,0.011022121,45.01717704,66.59159609,84.9156288,90.75963145
2025-07-21,1,0.007107521,0.010995485,42.24930246,67.04176928,83.13548592,89.23480234
2025-07-22,0,-0.012810618,0.009701189,42.74072266,62.42663188,77.53307988,86.89445785
2025-07-23,1,0.004353394,0.009729016,43.93502372,59.52366518,73.36341666,84.18824961
2025-07-24,1,0.002095922,0.009411829,42.79143415,72.76553643,69.79340821,81.30928133
2025-07-25,1,0.00175373,0.00914489,41.79214914,72.80283564,66.647758,78.37697667
2025-07-28,1,0.004205712,0.009131615,41.2235805,68.36522697,64.4982262,75.60122657
2025-07-29,1,0.006537214,0.009147858,43.87573242,68.6404927,63.75830375,73.23264201
2025-07-30,1,0.007370814,0.009062926,43.34929548,65.21309352,64.35854699,71.457823
2025-07-31,0,-0.002778511,0.008794121,44.39001465,64.77870882,63.37504808,69.84126802
2025-08-01,0,-0.039607063,0.011908876,51.26000977,37.68629997,51.82860018,66.23873445
2025-08-04,1,0.009044059,0.012042291,52.66287667,40.36855377,44.45234629,61.88145682
2025-08-05,1,0.015837703,0.011896533,54.64144461,51.56217794,42.17519757,57.94020497
2025-08-06,1,4.37E-05,0.011847234,52.82285854,50.79883261,39.92163717,54.33649141
2025-08-07,1,0.009194234,0.011509417,52.42857143,55.05911584,40.0575501,51.48070315
2025-08-08,0,-0.005489536,0.011574386,52.87857492,49.89647405,38.29797187,48.84415689
2025-08-11,0,-0.001009849,0.011434503,49.90072196,55.27999485,36.22448006,46.32022153
2025-08-12,0,-0.00527153,0.011452229,49.51926967,50.87263953,32.84216901,43.62461102
2025-08-13,1,0.010744943,0.011521061,48.20071847,54.46811439,32.56690271,41.41306936
2025-08-14,1,0.000399935,0.011517275,48.72000558,53.94514106,32.08299506,39.5470545
2025-08-18,0,-0.015112059,0.012034516,48.71641323,46.07001858,27.47888309,37.13342022
2025-08-19,0,-0.008127907,0.012031837,47.2678397,40.47727641,21.50678763,34.0080937
2025-08-20,0,-0.006835801,0.011793166,49.42285156,34.92072325,14.86999965,30.18047489
2025-08-21,1,0.003714997,0.011779817,47.68355887,37.50722793,10.43011524,26.23040296
2025-08-22,1,0.008554087,0.011946799,41.44712612,57.80381431,8.98575927,22.78147422
2025-08-25,1,0.012896485,0.012304132,40.68355887,59.44526083,11.0327753,20.43173444
2025-08-26,0,-0.009547403,0.012452814,38.53998675,46.98422454,10.07778471,18.36094449
2025-08-27,1,0.002450258,0.012364963,38.54000419,48.26649974,9.836932812,16.65614216
2025-08-28,1,0.002869959,0.012251229,39.80571638,44.70844326,10.2668541,15.37828454
2025-08-29,0,-0.003230816,0.012255293,39.72286551,45.84717552,9.664231008,14.23547384
2025-09-01,0,-0.013613889,0.00883929,41.69857352,40.29195888,5.645369297,12.51745293
2025-09-02,1,0.009317205,0.008853588,40.172869,47.4279633,4.779261606,10.96981466
2025-09-03,1,0.003797475,0.008127429,39.01499721,43.73761959,5.009057666,9.777663265
2025-09-04,1,0.005140031,0.00821531,38.47715541,46.28396129,6.441086328,9.110347878
2025-09-05,1,0.001339392,0.00793782,36.33930315,54.80001111,7.831868752,8.854652052
2025-09-08,1,0.004504482,0.007911822,34.41214425,62.20268515,9.986560693,9.08103378
2025-09-09,1,0.012488498,0.008370222,32.13856724,71.82438682,14.78847792,10.22252261
2025-09-10,1,0.016573295,0.008938917,33.65785435,75.36774826,22.72811547,12.72364118
2025-09-11,1,0.008911645,0.008852599,33.13141741,75.56006495,31.05645073,16.39020309
2025-09-12,1,0.01523533,0.009335327,33.86070033,76.26603066,41.32308564,21.3767796
2025-09-15,1,0.003460324,0.00835668,33.45711844,84.04980107,49.83474606,27.06837289
2025-09-16,1,0.012340973,0.008108032,35.00354004,85.54055153,59.3106699,33.51683229
2025-09-17,0,-0.010555281,0.008418867,34.68997628,77.3882841,63.16955983,39.4473778
2025-09-18,1,0.013935422,0.00868539,36.09641811,81.72343711,69.29411991,45.41672622
2025-09-19,0,-0.00465069,0.008887998,34.83140346,87.15063887,72.02174357,50.73772969
2025-09-22,1,0.006771876,0.00867494,35.2442627,86.95798344,75.20546742,55.63127724
2025-09-23,1,0.005043991,0.008079675,35.70211356,87.13356125,78.24200099,60.15342199
2025-09-24,0,-0.004038345,0.00829813,38.15567453,83.58040278,78.60860315,63.84445822
2025-09-25,0,-0.000296629,0.008356495,38.64780971,83.18981983,77.91785443,66.65913746
2025-09-26,0,-0.024810394,0.010479551,45.03069196,67.65964964,69.703299,67.26796977
2025-09-29,1,0.013248893,0.009939642,45.93141392,67.97897314,66.07555427,67.02948667
2025-09-30,0,-0.001928252,0.009964161,43.34355818,62.85474455,61.95302381,66.0141941
2025-10-01,1,0.009077977,0.010033098,43.50784738,62.98960631,60.50838416,64.91303211
2025-10-02,1,0.02666235,0.011234022,47.70711844,66.28791133,66.1360972,65.15764513
2025-10-10,1,0.017148958,0.011503595,50.5464216,69.49649957,74.68880525,67.06387715
2025-10-13,0,-0.007241034,0.011875413,53.60857282,63.35701639,78.46042384,69.34318649
2025-10-14,0,-0.006364098,0.012027794,58.49285017,65.09430214,78.70724348,71.21599789
2025-10-15,1,0.026450851,0.012734829,62.07854353,68.17390241,85.61951016,74.09670034
2025-10-16,1,0.0246014,0.013456462,66.20785086,74.67643532,97.32582855,78.74252598
2025-10-17,1,0.000138657,0.013316399,68.76428223,73.69615346,105.4297828,84.07997736
2025-10-20,1,0.01739962,0.01359618,73.02500698,75.68093207,115.8265625,90.42929439
2025-10-21,1,0.002395788,0.013520118,74.65572684,77.70690493,123.382153,97.01986611
2025-10-22,1,0.015527964,0.013179192,79.21430315,79.74592101,132.6692596,104.1497448
2025-10-23,0,-0.009863889,0.013537664,77.39285714,85.53555967,135.3926807,110.398332
2025-10-24,1,0.024664966,0.013987287,81.13856724,86.59060271,143.6439938,117.0474643
2025-10-27,1,0.025360744,0.014594668,86.83499581,89.02721627,156.5478538,124.9475422
2025-10-28,0,-0.008051503,0.01500612,89.3442906,84.95662352,162.2874704,132.4155279
2025-10-29,1,0.017485329,0.01494418,86.74074009,84.51465572,170.5779674,140.0480158
2025-10-30,1,0.001405476,0.01489874,87.26074219,83.30931026,175.5873534,147.1558833
2025-10-31,1,0.005030308,0.012763793,85.42429897,86.85289453,179.1552018,153.555747
2025-11-03,1,0.027463615,0.013356311,85.65072196,91.19504368,189.0324119,160.65108
2025-11-04,0,-0.024002724,0.015209461,86.41786412,78.81981738,186.6291824,165.8467005
2025-11-05,0,-0.02887673,0.017438493,98.04929897,65.38704858,173.2605966,167.3294797
2025-11-06,1,0.005486351,0.016837797,101.897147,66.25933683,162.5695349,166.3774907
2025-11-07,0,-0.018218055,0.017484093,106.4671456,58.08142443,146.5420749,162.4104076
2025-11-10,1,0.029771722,0.018118836,110.8085589,62.84559712,141.8461195,158.2975499
2025-11-11,1,0.008105581,0.017869927,113.0742711,61.79520977,139.1949283,154.4770256
2025-11-12,1,0.010658008,0.017310659,112.0657087,66.04452123,139.0414887,151.3899182
2025-11-13,1,0.004864737,0.016767943,109.150722,63.10055882,138.9513207,148.9021987
2025-11-14,0,-0.038884373,0.01945914,113.2928641,48.32292526,124.6086533,144.0434896
2025-11-17,1,0.019178876,0.019530515,113.8671352,54.03381404,118.1481687,138.8644254
2025-11-18,0,-0.033729935,0.021232022,118.3178362,43.88129123,100.9206398,131.2756683
2025-11-19,0,-0.006116906,0.021039178,120.8721052,42.57992066,84.34988194,121.890511
2025-11-20,1,0.018991412,0.021272897,125.6942662,45.39781461,76.41587772,112.7955844
2025-11-21,0,-0.038586605,0.022402341,129.4064244,34.0075438,57.23628475,101.6837245
2025-11-24,0,-0.001870283,0.021517397,127.272147,36.99032719,40.98291768,89.5435631
2025-11-25,1,0.003042633,0.021509607,117.224278,42.3138239,28.71668283,77.37818705
2025-11-26,1,0.026371832,0.02201778,115.5400042,46.83183005,27.00283994,67.30311762
2025-11-27,1,0.006552745,0.022083462,109.2728446,51.67706718,27.42960946,59.32841599
2025-11-28,0,-0.015245086,0.022245334,104.5771484,42.10854893,22.63954708,51.99064221
2025-12-01,0,-0.00158532,0.021123034,102.0307268,39.69120342,18.13246866,45.2190075
2025-12-02,1,0.018839973,0.021128601,102.6592843,41.66700473,20.34243552,40.2436931
2025-12-03,1,0.010302403,0.020261312,102.6857038,42.95913157,25.14224869,37.22340422
2025-12-04,0,-0.00193186,0.020231109,95.15213449,51.05523811,27.99483711,35.3776908
2025-12-05,1,0.017602538,0.020116269,96.46998814,50.67793722,35.6176198,35.4256766
2025-12-08,1,0.013277229,0.019228371,92.01285226,64.05846085,45.55551998,37.45164527
2025-12-09,0,-0.002723489,0.019169893,86.43786621,65.22591027,51.92102501,40.34552122
2025-12-10,0,-0.002065533,0.019023879,80.66500419,60.23046537,55.63451576,43.40332013
2025-12-11,0,-0.005913431,0.019025941,73.60641044,75.28693308,55.9651003,45.91567616
2025-12-12,1,0.013660889,0.016999183,72.07711356,78.76108478,60.09664287,48.75186951
2025-12-15,0,-0.018545551,0.0170741,72.16641671,68.68250151,56.54059079,50.30961376
2025-12-16,0,-0.022612427,0.016069,72.14425223,53.12866097,45.81420211,49.41053143
2025-12-17,1,0.014221516,0.016265749,72.36141532,55.40704402,41.45758424,47.81994199
2025-12-18,0,-0.015377404,0.016145528,72.89711217,55.27115568,32.63394458,44.78274251
2025-12-19,1,0.006497801,0.01340896,71.18568638,57.54275712,27.42620786,41.31143558
2025-12-22,1,0.021013592,0.014012849,71.95856585,58.22345086,29.84447317,39.0180431
2025-12-23,1,0.002770111,0.014013213,69.80425153,56.28138021,32.30759347,37.67595317
2025-12-24,0,-0.002115189,0.012947136,68.14854213,56.20210644,33.17521715,36.77580597
2025-12-26,1,0.00511273,0.012923479,63.70284598,52.48848293,35.15691881,36.45202854
2025-12-29,1,0.02176787,0.013010148,64.93783133,55.20326825,43.55856268,37.87333536
2025-12-30,0,-0.001515197,0.013008684,65.34994071,55.63590708,49.13489883,40.12564806
2026-01-02,1,0.022399389,0.013250071,68.94564383,62.23875918,60.55892091,44.21230263
2026-01-05,1,0.033740536,0.014801881,74.68280901,70.72430082,80.6167392,51.49318994
2026-01-06,1,0.015131083,0.014875102,79.89210728,71.11838618,100.8341522,61.3613824
2026-01-07,1,0.005636541,0.014614455,80.53566197,78.87430202,117.5654746,72.60220085
2026-01-08,1,0.000287816,0.01452581,79.96709333,89.11374454,129.4387892,83.96951852
2026-01-09,1,0.007429919,0.014434685,81.67850167,88.74236893,139.9743964,95.1704941
2026-01-12,1,0.008353052,0.014351137,81.96995326,97.71525146,149.7024888,106.076893
2026-01-13,1,0.01456438,0.014216552,82.47065081,97.85127535,161.0307457,117.0676636
2026-01-14,1,0.006470031,0.014119742,80.21351842,97.66898079,170.5009069,127.7543122
2026-01-15,1,0.015639946,0.012981984,84.29924665,97.8758955,181.9165265,138.5867551
2026-01-16,1,0.00896232,0.010804256,86.2621024,99.14214883,192.2326557,149.3159352
2026-01-19,1,0.013118155,0.010781939,90.183524,99.18882215,203.2234326,160.0974347
2026-01-20,0,-0.003863001,0.00962983,91.66353934,96.46540545,208.0100011,169.679948
2026-01-21,1,0.004936916,0.00966656,96.23500279,97.42221139,211.3185802,178.0076744
2026-01-22,1,0.008638793,0.00931356,96.96571568,97.22203692,214.9008423,185.386308
2026-01-23,1,0.007551389,0.009195765,93.18139648,96.68458152,218.2530924,191.9596649
2026-01-26,0,-0.008145189,0.009686281,89.78853934,89.06037655,215.1631123,196.6003544
2026-01-27,1,0.026960836,0.010394044,94.832101,90.89904404,221.0801781,201.4963191
2026-01-28,1,0.016763811,0.010163757,95.10138811,91.94404392,230.0538286,207.207821
2026-01-29,1,0.009707476,0.009788526,101.5256696,92.12029808,238.4864694,213.4635507
2026-01-30,1,0.000595439,0.009631541,104.1621094,91.73242449,242.6235249,219.2955455
2026-02-02,0,-0.054011384,0.015969382,120.0549665,63.89064957,221.1872794,219.6738923
2026-02-03,1,0.066134354,0.020933466,140.3856724,72.90818228,228.8675294,221.5126197
2026-02-04,1,0.015577502,0.02099765,143.3642578,73.09517059,238.8993219,224.9899602
2026-02-05,0,-0.039404581,0.023517723,155.5671038,61.48001574,227.4813675,225.4882416
2026-02-06,0,-0.014519282,0.023969955,168.0563965,56.51154815,210.0058855,222.3917704
2026-02-09,1,0.040228064,0.025217726,176.7428153,62.83153619,210.5854188,220.0305001
2026-02-10,1,0.000688678,0.025183585,174.8528181,62.35040798,208.9307955,217.8105592
2026-02-11,1,0.009909878,0.025197976,175.3592704,62.59100861,209.4654497,216.1415373
2026-02-12,1,0.030853506,0.025719842,180.5642787,65.41304772,220.8814101,217.0895118
2026-02-13,0,-0.002767228,0.025807146,181.9814453,66.38275155,226.0910293,218.8898153
2026-02-19,1,0.030445177,0.026328431,180.5893206,67.06004507,241.1765214,223.3471565
2026-02-20,1,0.022860529,0.026409326,183.0229143,67.89799029,260.7196503,230.8216553
2026-02-23,1,0.006445545,0.026400315,180.1515067,67.66421439,276.0562984,239.8685839
2026-02-24,1,0.020913612,0.026540496,185.3036412,69.72579647,294.7821139,250.8512899
2026-02-25,1,0.018952694,0.026622388,177.038644,82.80602841,315.2055416,263.7221402
2026-02-26,1,0.036063599,0.026878505,169.2529297,81.58065068,345.4366096,280.0650341
2026-02-27,0,-0.010061136,0.027076734,173.5193569,77.38916134,360.1484996,296.0817272
2026-03-03,0,-0.07517966,0.033060087,189.4893624,67.08895455,331.4961447,303.1646107
2026-03-04,0,-0.128489065,0.044600159,222.9315011,50.08934246,249.559548,292.4435982
2026-03-05,1,0.091914362,0.049231669,250.6850586,55.20911986,221.6372513,278.2823288
2026-03-06,1,0.000173737,0.047365742,261.5250419,55.16533346,197.3124235,262.0883477
2026-03-09,0,-0.061476951,0.047439141,288.097168,48.30175641,149.4418327,239.5590447
2026-03-10,1,0.052071806,0.048767044,300.6850237,50.16462724,132.6269397,218.1726237
2026-03-11,1,0.01388581,0.04786302,308.6100028,51.61025555,124.1126563,199.3606302
2026-03-12,0,-0.004770798,0.047712338,303.3928223,48.4604602,113.8976021,182.2680246
2026-03-13,0,-0.017345605,0.047185637,307.5406669,44.67638885,96.93747737,165.2019152
2026-03-16,1,0.011345478,0.047233116,305.6392299,45.13186357,87.53944881,149.6694219
2026-03-17,1,0.016198247,0.0473074,303.7284807,44.53171414,86.4084547,137.0172285
2026-03-18,1,0.049216549,0.048056837,312.214216,47.50271084,107.2367662,131.061136
2026-03-19,0,-0.02768933,0.048549032,309.1191755,41.27691736,109.4252865,126.7339661
2026-03-20,1,0.003114924,0.048096882,300.3277414,42.46849746,111.3272278,123.6526184
2026-03-23,0,-0.067148106,0.050103783,295.3834752,43.55652195,81.59822343,115.2417394
2026-03-24,1,0.027040769,0.050530787,260.767055,59.40964403,69.196197,106.032631
2026-03-25,1,0.015771855,0.050418009,229.7163783,51.4261972,65.73402902,97.97291056
2026-03-26,0,-0.032742798,0.050567924,227.2435128,47.20430296,47.773823,87.93309305
2026-03-27,0,-0.003961688,0.049623581,209.6506348,54.88602972,31.43573875,76.63362219
2026-03-30,0,-0.030156774,0.049882931,205.6249302,42.88675548,5.388203497,62.38453845
2026-03-31,0,-0.043539321,0.048124696,207.092041,35.64611708,-33.01675557,43.30427965
2026-04-01,1,0.080992637,0.042748484,232.6827916,47.76745069,-28.72778167,28.89786738
2026-04-02,0,-0.045682563,0.038672876,247.9413714,44.91612001,-44.55636283,14.20702134
2026-04-03,1,0.027001033,0.039258157,253.1364049,46.64399593,-45.02255761,2.361105552
2026-04-06,1,0.013489818,0.036769802,250.352853,46.27620034,-39.04895555,-5.920906668
2026-04-07,1,0.00812234,0.034875182,241.5364118,40.69959098,-30.37793508,-10.81231235
2026-04-08,1,0.066454653,0.037857467,258.5893206,52.15752,6.880537885,-7.273742303
2026-04-09,0,-0.016193873,0.038055182,261.7600098,49.93876736,28.46833198,-0.125327448
2026-04-10,1,0.01389748,0.037872415,244.4257115,59.80532832,51.50781884,10.20130181
2026-04-13,0,-0.008613731,0.037911553,235.9121443,55.75551745,64.96316817,21.15367508
2026-04-14,1,0.027026931,0.038197059,238.1156878,57.12809065,87.45890923,34.41472191
2026-04-15,1,0.020506349,0.036878354,239.6421247,64.17571437,113.9501257,50.32180267
2026-04-16,1,0.02186575,0.036484786,232.301409,66.83114896,144.1488571,69.08721356
2026-04-17,0,-0.005496868,0.036544838,216.7864118,70.68321198,163.4434981,87.95847047
2026-04-20,1,0.004378365,0.032556482,207.3078613,78.97234816,178.8651793,106.1398122
2026-04-21,1,0.026871268,0.032551014,186.5585938,75.89737617,202.4211679,125.3960834
2026-04-22,1,0.004600826,0.032488348,165.1607492,88.40524707,220.920003,144.5008673
2026-04-23,1,0.008978042,0.031151918,169.679269,87.72537558,237.512984,163.1032906
2026-04-24,0,-2.78E-05,0.031081253,168.5713937,87.06581495,247.7921092,180.0410543
2026-04-27,1,0.021298418,0.029796582,169.3678502,87.89672039,264.1419332,196.8612301
2026-04-28,1,0.003921269,0.026953851,146.0021275,84.11927051,276.014755,212.6919351
2026-04-29,1,0.007482811,0.021811851,145.3950195,92.18491153,286.1503781,227.3836237
2026-04-30,0,-0.01384994,0.01843533,146.2421526,83.84621981,283.4890129,238.6047015
2026-05-04,1,0.049969557,0.020087544,161.2057059,90.85189808,305.1457987,251.912921
2026-05-06,1,0.062523345,0.022970077,180.6135603,92.43242769,354.3394967,272.3982361
2026-05-07,1,0.014184105,0.022911889,184.7942592,92.34925012,397.2586472,297.3703183
2026-05-08,1,0.001060871,0.019696345,188.5378418,91.71340893,426.9918019,323.2946151
2026-05-11,1,0.04233467,0.019600401,212.1721191,94.91883416,471.2863229,352.8929566
2026-05-12,0,-0.023161179,0.021394197,246.1971261,86.20502761,486.3328149,379.5809283
2026-05-13,1,0.025940344,0.020922032,266.4635533,86.42235907,508.6021318,405.385169
2026-05-14,1,0.017364954,0.020740969,269.5735212,87.11823767,531.2142815,430.5509915
