Date,Target,Volume_ROC,Net_Purchase_Investment_Trust,Net_Purchase_Pension_Fund,Net_Purchase_Financial_Investment,Net_Purchase_Foreigner,Volume,Transaction_Value__logdiff1
2023-05-02,1,-0.097920415,1195030937.0,20220427019.0,192000000000.0,345000000000.0,701398536,
2023-05-03,0,0.268336491,-24640022215.0,-19957725851.0,-192000000000.0,-91428316585.0,889609358,-0.0070671672230915306
2023-05-04,0,-0.089287632,7450229244.0,-63699621016.0,-261000000000.0,39620053616.0,810178245,0.013085239548654926
2023-05-08,1,-0.190874254,35558512859.0,-112000000000.0,446000000000.0,253000000000.0,655536077,-0.08229524272682909
2023-05-09,0,0.146614126,7424806742.0,28258174569.0,14371563962.0,115000000000.0,751646926,0.015086493033379611
2023-05-10,0,-0.154343594,-4684242130.0,-61461501851.0,-111000000000.0,116000000000.0,635635038,-0.04820210181787843
2023-05-11,0,0.019664347,26152016461.0,17623274813.0,13706685978.0,1829048943.0,648134386,0.0100503358535029
2023-05-12,0,0.231580992,-13548821653.0,-34266627.0,-61425594326.0,-247000000000.0,798229990,-0.046625841340055985
2023-05-15,1,-0.392950908,4991779430.0,48066738562.0,91931794877.0,-49794741705.0,484564791,-0.2161829663665884
2023-05-16,1,0.297543248,-1689197625.0,902871183.0,-12011852011.0,228000000000.0,628743773,0.15621296144082564
2023-05-17,1,-0.102318618,36099119311.0,57824376465.0,39718012319.0,164000000000.0,564411579,-0.11377377816566892
2023-05-18,1,0.014799487,17219251298.0,10270990698.0,-84102266428.0,538000000000.0,572764581,0.07470138528556802
2023-05-19,1,-0.004656601,16815142051.0,-116000000000.0,657000000000.0,558000000000.0,570097445,0.1676471458646951
2023-05-22,1,0.041260532,-8779370836.0,17149190029.0,517000000000.0,299000000000.0,593619969,-0.11385056059065946
2023-05-23,1,-0.029605827,-16820874351.0,45130308340.0,354000000000.0,-53533549246.0,576045359,-0.09848207461933711
2023-05-24,0,0.861728423,-32629028741.0,39268859617.0,-139000000000.0,93525128152.0,1072440018,0.05999191062797493
2023-05-25,0,-0.144424424,-12419225686.0,-83975340772.0,-485000000000.0,224000000000.0,917553486,0.1759723291152966
2023-05-26,1,-0.308204793,-35711185502.0,-103000000000.0,-316000000000.0,911000000000.0,634759104,-0.0021253993123124815
2023-05-30,1,0.010850512,-70407557933.0,-23858403022.0,52958933936.0,675000000000.0,641646565,0.16623541904233008
2023-05-31,0,0.069415523,-37316050290.0,-74439754507.0,-34180566216.0,216000000000.0,686186797,0.3077496355025886
2023-06-01,0,-0.01596265,-64976192345.0,-89826988954.0,-152000000000.0,-8205036565.0,675233437,-0.4987574575525038
2023-06-02,1,-0.156410938,50570760983.0,-41529220660.0,186000000000.0,373000000000.0,569619542,0.022642476749759055
2023-06-05,1,-0.041676651,39623511662.0,32891565367.0,299000000000.0,-19511906838.0,545879707,-0.0903120304084446
2023-06-07,1,-0.015137005,-5509195087.0,-27170606428.0,403000000000.0,-40297072056.0,537616723,0.1741199876805375
2023-06-08,0,0.081300399,31205733976.0,22177453652.0,229000000000.0,-384000000000.0,581325177,0.1199593150789795
2023-06-09,1,0.003257829,94071048993.0,-2906622654.0,272000000000.0,481000000000.0,583219035,-0.03540192705091627
2023-06-12,0,-0.044859037,-24320651857.0,-154000000000.0,241000000000.0,-342000000000.0,557056391,-0.16943201206795777
2023-06-13,1,0.246409784,-10779867124.0,-231000000000.0,429000000000.0,137000000000.0,694320536,0.17840068205071802
2023-06-14,0,-0.057489419,27831824145.0,-168000000000.0,-6524523412.0,113000000000.0,654404452,0.15669845190605614
2023-06-15,0,-0.109973442,-16651753314.0,-210000000000.0,78906405394.0,-64115208893.0,582437342,-0.1302651948379001
2023-06-16,1,0.156644673,6384164616.0,-108000000000.0,-122000000000.0,428000000000.0,673673049,0.09134977858822779
2023-06-19,0,0.068098308,-23908851758.0,-197000000000.0,230000000000.0,-360000000000.0,719549044,-0.12675170563914406
2023-06-20,0,0.004157817,-12371268810.0,-92494181083.0,54014798597.0,-281000000000.0,722540797,-0.018182319083191345
2023-06-21,0,-0.086835688,-21982924145.0,-96729857377.0,49997720039.0,-200000000000.0,659798470,-0.01851904776723856
2023-06-22,1,-0.070592905,13416725259.0,140000000000.0,79027112090.0,-107000000000.0,613221379,-0.17970815228243708
2023-06-23,0,-0.138472062,-26957872725.0,-14954388654.0,-391000000000.0,-188000000000.0,528307350,-0.04460430623675293
2023-06-26,1,-0.088124536,-16122451726.0,-20915421468.0,276000000000.0,15003253159.0,481750510,-0.012948974340801556
2023-06-27,0,0.117817694,10904615920.0,118000000000.0,-162000000000.0,-108000000000.0,538509244,0.017616427388297495
2023-06-28,0,-0.092368485,-8638474844.0,10069135500.0,87539481672.0,-392000000000.0,488767961,0.025288703951922287
2023-06-29,0,0.236800851,16699257815.0,24163096986.0,-229000000000.0,55313840334.0,604508630,0.0011344300706142008
2023-06-30,1,-0.154794885,10497416523.0,48310428301.0,190000000000.0,-178000000000.0,510933786,-0.07166894655436451
2023-07-03,1,0.209562174,64401304737.0,-218000000000.0,876000000000.0,-13324597690.0,618006181,0.08853275260636906
2023-07-04,0,0.091268348,-1532098821.0,-270000000000.0,-3805616772.0,-59437290111.0,674410584,0.020960502615334775
2023-07-05,0,-0.108719971,3462530865.0,-56753342379.0,-579000000000.0,256000000000.0,601088685,0.11729771654955101
2023-07-06,0,-0.115105098,-54386264848.0,243000000000.0,-560000000000.0,-168000000000.0,531900313,0.0
2023-07-07,0,0.152969889,-190000000000.0,16867127198.0,-351000000000.0,-45069398717.0,613265045,0.00966191091173485
2023-07-10,0,-0.083885241,29933482880.0,15771050352.0,-172000000000.0,-156000000000.0,561821159,-0.06967992063798789
2023-07-11,1,0.057516052,18476209359.0,69080511617.0,82297714481.0,269000000000.0,594134894,0.08872811560868143
2023-07-12,1,0.173006656,40968801970.0,29429726291.0,-74975559341.0,219000000000.0,696924185,0.21936282847430633
2023-07-13,1,-0.159649228,131000000000.0,-52237443665.0,349000000000.0,217000000000.0,585660777,0.007547205635383136
2023-07-14,1,-0.027056051,14593734525.0,50471717790.0,789000000000.0,615000000000.0,569815109,0.07249550203815147
2023-07-17,0,-0.033774371,-58337179548.0,-132000000000.0,5687841480.0,-165000000000.0,550569962,-0.20067069546215066
2023-07-18,0,-0.104197068,-27827559934.0,-2606983094.0,-253000000000.0,-155000000000.0,493202186,0.025317807984290397
2023-07-19,1,-0.107721209,-31643799987.0,48754019427.0,-212000000000.0,-40280153577.0,440073850,-0.06899287148695166
2023-07-20,0,-0.153858585,-19656863803.0,44302897232.0,-271000000000.0,163000000000.0,372364710,-0.16778487110306273
2023-07-21,1,0.347796807,-7849825643.0,-7713771300.0,17545949523.0,-290000000000.0,501871967,0.26147035518038564
2023-07-24,1,0.054777519,1892885189.0,-37238109281.0,-223000000000.0,-171000000000.0,529363268,0.44008907267421193
2023-07-25,1,0.366682565,-99706387904.0,-39124282022.0,43905183219.0,-1350000000000.0,723471549,0.005221943981151611
2023-07-26,0,0.15292233,-132000000000.0,-18026845243.0,248000000000.0,-947000000000.0,834106504,0.636907462237069
2023-07-27,1,-0.287665707,-38620439415.0,-68439674010.0,493000000000.0,82278490784.0,594162667,-0.4096059007741957
2023-07-28,1,-0.152980613,-31609777270.0,-84250387368.0,-283000000000.0,60211856009.0,503267298,-0.360832954087396
2023-07-31,1,-0.097412767,-5869470172.0,-37728782982.0,-83756810865.0,-292000000000.0,454242638,-0.06771817405494929
2023-08-01,1,0.086739127,67499779327.0,-40045355102.0,266000000000.0,198000000000.0,493643248,0.012658396871923827
2023-08-02,0,0.427496162,-98655960387.0,-56359337376.0,-435000000000.0,-70146532016.0,704673842,0.0062696130135933
2023-08-03,0,0.120257665,-2610524450.0,-157000000000.0,-491000000000.0,-151000000000.0,789416273,-0.07122750928836652
2023-08-04,0,-0.181990312,29789231937.0,-99918483580.0,-148000000000.0,-245000000000.0,645750159,-0.3034659401530426
2023-08-07,0,-0.219402809,-27169783821.0,-111000000000.0,-169000000000.0,281000000000.0,504070760,0.07864312731911127
2023-08-08,0,0.266525977,-25243400368.0,-127000000000.0,-273000000000.0,-142000000000.0,638418712,0.041158072493509223
2023-08-09,1,-0.267680093,-64682010361.0,-26623506531.0,-159000000000.0,366000000000.0,467526732,-0.18555257737540032
2023-08-10,0,0.215235558,-47709033284.0,-57959444574.0,8214190140.0,-233000000000.0,568155109,0.09265883048270496
2023-08-11,0,0.188742198,52357085949.0,-61792240669.0,9618551605.0,-191000000000.0,675389953,-0.07342746855481863
2023-08-14,0,-0.075530152,-2502191745.0,-34198056616.0,-265000000000.0,-120000000000.0,624377647,-0.04879016416943216
2023-08-16,0,0.09730965,-102000000000.0,18237382266.0,-176000000000.0,-1898044111.0,685135617,0.1823215567939549
2023-08-17,0,0.072974059,34867160839.0,-21794190917.0,-135000000000.0,-1229151556.0,735132744,-0.11466290832014181
2023-08-18,0,-0.241246377,-6884108879.0,-29293162299.0,-186000000000.0,-108000000000.0,557784633,0.009302392662316805
2023-08-21,1,-0.283847766,13796593680.0,-23363288732.0,36200932204.0,-34008655799.0,399458711,-0.23712979328895045
2023-08-22,1,0.181119745,33334206.0,-28011446799.0,-13252495253.0,-14806143234.0,471808571,0.08436703873653784
2023-08-23,0,0.159728198,-63778763073.0,-51835317928.0,40541331832.0,20622541049.0,547169704,-0.07734946607789084
2023-08-24,1,-0.193778156,28619640312.0,47429944502.0,122000000000.0,111000000000.0,441140168,0.16310151034734233
2023-08-25,0,0.308844431,-19674114025.0,28197277830.0,-180000000000.0,-192000000000.0,577383852,-0.1962799090446623
2023-08-28,1,-0.16245048,80218616141.0,25465344457.0,167000000000.0,-13515475702.0,483587568,-0.009685305734464578
2023-08-29,1,-0.08730935,8275556226.0,21964499226.0,-5316486785.0,-161000000000.0,441365852,0.007272759329080003
2023-08-30,1,-0.175280554,-11821751819.0,1330609779.0,223000000000.0,-16495437008.0,364003001,-0.06357280401761045
2023-08-31,0,0.299903582,-51354930376.0,-29397802841.0,301000000000.0,-216000000000.0,473168805,0.37453256133873936
2023-09-01,1,0.042687751,-32221966497.0,-90160555822.0,-119000000000.0,369000000000.0,493367317,-0.12221763272425079
2023-09-04,1,-0.306657526,2769282705.0,-102000000000.0,25012921633.0,413000000000.0,342072516,-0.1392620673335081
2023-09-05,0,0.124261684,12306602839.0,-67695462635.0,-111000000000.0,162000000000.0,384579023,-0.13649143425299926
2023-09-06,0,0.097631745,923068801.0,-56426406209.0,-198000000000.0,-69319515554.0,422126144,0.005256253888827445
2023-09-07,0,-0.106261154,-31645708178.0,-57030681436.0,-63791459498.0,-5894909225.0,377270533,0.08777561088238528
2023-09-08,0,0.050410947,-33738752044.0,-23745563866.0,229000000000.0,-355000000000.0,396289098,-0.07604909214206756
2023-09-11,1,0.037299242,6427668743.0,-27693064065.0,56398227660.0,23838762297.0,411070381,0.07724885233397316
2023-09-12,0,-0.125673217,-43959317160.0,-20577765339.0,123000000000.0,-298000000000.0,359409844,0.06835317851775002
2023-09-13,0,0.161838058,16126457450.0,-45074081410.0,81462358506.0,113000000000.0,417576035,0.037366984689356286
2023-09-14,1,-0.012134106,94019052355.0,40530016080.0,994000000000.0,-517000000000.0,412509123,0.03289421240500445
2023-09-15,1,0.07083646,38932624094.0,-2066687615.0,943000000000.0,47799868129.0,441729809,0.22522905780523317
2023-09-18,0,-0.05759245,25277139127.0,-10653468979.0,-60941190277.0,-375000000000.0,416289507,-0.3135698434039078
2023-09-19,0,0.110626303,-458974483.0,-29168014311.0,-292000000000.0,-1648570533.0,462342076,-0.11337429638138019
2023-09-20,1,-0.103114818,991289389.0,-37567212618.0,137000000000.0,-168000000000.0,414667757,-0.03376944255335701
2023-09-21,0,-0.048211045,-49558658730.0,-16541773482.0,-612000000000.0,-68589734691.0,394676191,0.029930666246190896
2023-09-22,0,0.097569225,3799839379.0,-79461316737.0,-564065051.0,-128000000000.0,433184441,-0.09967868219039744
2023-09-25,0,0.012535441,-23986723292.0,-160000000000.0,329000000000.0,-132000000000.0,438614599,0.055110362710522054
2023-09-26,0,-0.025394561,-15192809548.0,-38308362599.0,-316000000000.0,-42589254898.0,427476174,-0.055110362710522054
2023-09-27,1,-0.143248702,39597810867.0,-22779748824.0,-111000000000.0,-28216151255.0,366240767,-0.043422161450276775
2023-10-04,0,0.160052963,-31506596796.0,13924326296.0,-340000000000.0,-423000000000.0,424858687,0.4113648302353532
2023-10-05,0,0.063229645,-1387675662.0,68030280875.0,127000000000.0,-272000000000.0,451722351,-0.10972733482416785
2023-10-06,1,-0.359359721,-11469949318.0,2768252958.0,209000000000.0,-326000000000.0,289391533,-0.3377860095274947
2023-10-10,0,0.437513022,-11463561654.0,-15338673947.0,616000000000.0,-208000000000.0,416004097,0.3774695006187372
2023-10-11,1,0.074385383,26281767162.0,61435564790.0,453000000000.0,-120000000000.0,446948721,-0.03968349109124247
2023-10-12,1,0.153268117,39077522626.0,58458289216.0,113000000000.0,-57984808125.0,515451710,-0.02324399057765092
2023-10-13,0,0.130821252,-44677591430.0,13460559607.0,-215000000000.0,-161000000000.0,582883748,-0.22090641391585208
2023-10-16,0,0.352509914,-3895866712.0,7677329.0,30844524784.0,-211000000000.0,788356048,0.15853053950656104
2023-10-17,1,-0.353876763,6290701834.0,-3265771520.0,-125000000000.0,428000000000.0,509375162,-0.08452233290387667
2023-10-18,1,0.789537367,12624213597.0,-33366749309.0,-16998260843.0,346000000000.0,911545886,0.14353308916285457
2023-10-19,0,-0.169601079,-18619309272.0,-25972480849.0,-166000000000.0,-138000000000.0,756946720,0.016713480973741923
2023-10-20,0,-0.311433622,-23356612466.0,-15807856229.0,-33484841601.0,210000000000.0,521208061,0.027249642447372935
2023-10-23,0,-0.240360638,-12535026557.0,-29639933856.0,138000000000.0,-258000000000.0,395930159,-0.2671066747353237
2023-10-24,1,0.121827264,24992630141.0,29204055296.0,-34645073508.0,-154000000000.0,444165247,0.11026420324235531
2023-10-25,0,-0.0075614,59667258939.0,-40605774771.0,-59644597356.0,-346000000000.0,440806736,-0.01520941866352743
2023-10-26,0,0.204774754,-42161800785.0,-1442681989.0,177000000000.0,-480000000000.0,531072827,0.1666610415216212
2023-10-27,1,-0.030498331,8392948190.0,55811842429.0,183000000000.0,-380000000000.0,514875992,-0.14393279044406526
2023-10-30,1,-0.136020492,1395609395.0,11140504061.0,52459625770.0,-66328418195.0,444842306,-0.14194910150356677
2023-10-31,0,-0.112084715,-5614830315.0,-27733226134.0,-32180808742.0,-327000000000.0,394982283,0.1690443551122769
2023-11-01,1,-0.093231984,36155663302.0,27148167996.0,370000000000.0,-127000000000.0,358157301,-0.1997260897647628
2023-11-02,1,0.053898667,43251095939.0,-26207914278.0,233000000000.0,140000000000.0,377461502,0.13055962223536355
2023-11-03,1,0.533035504,46721279590.0,46060022904.0,64326363211.0,134000000000.0,578661884,0.045809536031296005
2023-11-06,1,-0.0865394,-40670034237.0,-26369617725.0,318000000000.0,712000000000.0,528584832,0.6368663446613567
2023-11-07,0,-0.134149302,22198230036.0,-91882947671.0,-274000000000.0,411000000000.0,457675546,-0.22808997524953512
2023-11-08,0,0.020848695,-2639601913.0,-139000000000.0,233000000000.0,-13714797057.0,467217484,-0.455888837223533
2023-11-09,1,-0.154502964,20197957420.0,-66663851463.0,45294106275.0,283000000000.0,395030998,-0.05081306935859686
2023-11-10,0,-0.209003958,5027214236.0,-75164072675.0,-74056490487.0,50419710381.0,312467956,-0.22348654565816517
2023-11-13,0,-0.017105325,-27512021026.0,37279199726.0,16204094102.0,13789995380.0,307123090,0.017007212647232706
2023-11-14,1,-0.000518968,24327135840.0,35544981079.0,568000000000.0,-91051423175.0,306963703,0.07314388434706487
2023-11-15,1,0.367729331,33571058162.0,-47933820931.0,1100000000000.0,554000000000.0,419843260,0.3800669175025533
2023-11-16,1,-0.029540598,186561962.0,60383627461.0,-161000000000.0,457000000000.0,407440839,-0.3148428946978328
2023-11-17,0,-0.045324585,-37321048424.0,-19315939507.0,-81675366334.0,-75238474139.0,388973752,0.177168803398299
2023-11-20,1,-0.167536773,9466020611.0,39970751088.0,355000000000.0,99964854525.0,323806345,-0.21000757504530299
2023-11-21,1,0.065620549,6089359018.0,2598939340.0,115000000000.0,353000000000.0,345054695,0.15696483906082292
2023-11-22,1,0.273669008,-21130474454.0,-14890996375.0,-93440363943.0,143000000000.0,439485471,0.0064641466198871456
2023-11-23,1,-0.178872031,-9415175381.0,-61286809145.0,-7730491623.0,119000000000.0,360873812,-0.16494758885789906
2023-11-24,0,-0.004131943,-14552541225.0,-36743353134.0,104000000000.0,-215000000000.0,359382702,-0.00609757986811843
2023-11-27,0,0.014917326,-6079973448.0,-3053823423.0,227000000000.0,-106000000000.0,364743731,0.2479107490248822
2023-11-28,1,0.214797342,38553770729.0,456656053.0,482000000000.0,-94681286706.0,443089715,0.04320578587553214
2023-11-29,0,0.307344947,6570736938.0,51627599035.0,-244000000000.0,79866148864.0,579271100,0.07484239627584444
2023-11-30,1,0.146758461,-8125593408.0,1778071116.0,249000000000.0,125000000000.0,664284035,0.2410105531426332
2023-12-01,0,-0.222326278,-49335911087.0,-32095023693.0,-299000000000.0,-177000000000.0,516596238,-0.30561977313844935
2023-12-04,1,-0.034331299,14744581721.0,9682279634.0,135000000000.0,257000000000.0,498860818,-0.007950070265458464
2023-12-05,0,-0.143915833,5375995538.0,95674873924.0,-229000000000.0,29410123845.0,427066848,-0.055081291581540626
2023-12-06,1,-0.08447721,-2897283516.0,-30786894530.0,244000000000.0,-146000000000.0,390989432,-0.07633473128499801
2023-12-07,0,0.14293951,-19525997049.0,30629380367.0,-203000000000.0,36060258561.0,446877270,0.05564014004216489
2023-12-08,1,-0.033746706,33774736433.0,83565047318.0,277000000000.0,204000000000.0,431796634,-0.026169717733385056
2023-12-11,1,0.007427052,-23683207663.0,27083471747.0,157000000000.0,5342310158.0,435003610,0.042033381706552575
2023-12-12,1,-0.130964389,-16138043973.0,-55948709324.0,658000000000.0,74912663432.0,378033628,-0.0663157249335562
2023-12-13,0,-0.000262413,-26289983091.0,57100772435.0,64103027249.0,-131000000000.0,377934427,-0.028873396823286157
2023-12-14,1,0.402686411,146000000000.0,160000000000.0,323000000000.0,625000000000.0,530123485,0.548713891685491
2023-12-15,1,-0.122254406,56582565051.0,32437027401.0,228000000000.0,857000000000.0,465313553,-0.007722046093910251
2023-12-18,1,-0.172969752,17396007377.0,43159464303.0,-184000000000.0,59377574402.0,384828383,-0.2348395910773995
2023-12-19,1,0.019928338,-25045227011.0,20169403822.0,133000000000.0,-92128963587.0,392497373,-0.19177789203599005
2023-12-20,1,0.453317694,33337206710.0,9714347547.0,1100000000000.0,480000000000.0,570423377,0.2853039500468135
2023-12-21,0,0.013869368,-34617536391.0,-64993753419.0,179000000000.0,13090104788.0,578334789,-0.16778487110306273
2023-12-22,0,-0.194295052,-49297684267.0,13269625657.0,377000000000.0,-37303203376.0,465967201,-0.067711448178148
2023-12-26,1,-0.054808733,-798990823.0,-28109502226.0,959000000000.0,82263319958.0,440428129,0.07926013296292922
2023-12-27,1,-0.205924066,-474021395.0,-13529290475.0,-286000000000.0,225000000000.0,349733378,0.08212821416455895
2023-12-28,1,0.315535348,45360139712.0,29680611113.0,785000000000.0,702000000000.0,460086621,-0.09897071755905529
2024-01-02,1,-0.109142346,-45651530761.0,-48757352917.0,207000000000.0,228000000000.0,409871688,0.022048137221762687
2024-01-03,0,0.12994291,-82922074334.0,-23322437270.0,-1030000000000.0,-97306133000.0,463131608,0.04765219803718068
2024-01-04,0,0.662974754,-102000000000.0,-51803099856.0,-574000000000.0,115000000000.0,770176172,-0.11642257536368561
2024-01-05,0,-0.321856595,-47365153570.0,-120000000000.0,-226000000000.0,-51007262023.0,522289892,-0.07026493398953804
2024-01-08,0,-0.387037745,-60224900997.0,-69842222660.0,-253000000000.0,170000000000.0,320143990,-0.21482502443911855
2024-01-09,0,1.471432536,-30452817222.0,-124000000000.0,145000000000.0,65561520138.0,791214273,0.27502838668322127
2024-01-10,0,-0.2795617,-40309700084.0,-88601071428.0,17558623393.0,-23772970820.0,570021066,-0.011299555253934557
2024-01-11,0,0.383146419,92631377706.0,-56890552755.0,-424000000000.0,2300000000000.0,788422596,0.4426441113499209
2024-01-12,0,0.002225445,-44027256870.0,-65731730497.0,-53291793982.0,-212000000000.0,790177187,-0.49274194833269647
2024-01-15,1,0.015091323,-38977120453.0,-75262965119.0,189000000000.0,-49758040039.0,802102006,-0.022961733886727842
2024-01-16,0,-0.17768738,-31179346966.0,-83150626229.0,-288000000000.0,-184000000000.0,659578602,0.07646286400121127
2024-01-17,0,0.463957979,-26931353592.0,-81359132204.0,89850072093.0,-906000000000.0,965595357,0.24664771110242967
2024-01-18,1,-0.408129417,11780753905.0,-38692383388.0,-11955621903.0,-133000000000.0,571507487,-0.30854721091574433
2024-01-19,1,-0.092213261,-38034751727.0,-75358587043.0,-105000000000.0,703000000000.0,518806918,0.09968177146582136
2024-01-22,0,-0.252042412,20482718153.0,1845425801.0,-21916102074.0,300000000000.0,388045571,-0.0853274580141381
2024-01-23,1,0.217084282,9801457112.0,62362891350.0,138000000000.0,141000000000.0,472284165,-0.04742530029556491
2024-01-24,0,-0.162657308,-30480446493.0,-6129803897.0,-35392768573.0,72596902146.0,395463694,-0.0749704955672037
2024-01-25,1,-0.096671807,2018862992.0,35308436380.0,122000000000.0,45736559913.0,357233504,0.08611612178211914
2024-01-26,1,-0.18075318,36249499311.0,37543912204.0,-108000000000.0,379000000000.0,292662412,-0.12861737782209204
2024-01-29,1,0.460521138,70986827780.0,88985971442.0,-5753762947.0,547000000000.0,427439639,0.22705745063534621
2024-01-30,0,0.127197609,21539683447.0,59507512094.0,80957806616.0,-13424075615.0,481808939,-0.026004857135330184
2024-01-31,0,-0.05652551,-280576421.0,8363215432.0,27968112155.0,89167046947.0,454574443,0.03045920748471076
2024-02-01,1,0.652258761,147000000000.0,-44509005586.0,64529536631.0,1050000000000.0,751074606,0.4054651081081637
2024-02-02,1,-0.206309035,65644912089.0,132000000000.0,410000000000.0,1930000000000.0,596121129,0.06453852113757108
2024-02-05,0,-0.141654615,67433199407.0,124000000000.0,-968000000000.0,179000000000.0,511677820,-0.14149956227370097
2024-02-06,0,-0.195553102,-58257628092.0,-53133920957.0,-36523993515.0,338000000000.0,411617635,-0.18392283816092814
2024-02-07,1,0.258892474,-25330361669.0,-4488688516.0,622000000000.0,539000000000.0,518182343,0.10054122922187858
2024-02-08,1,-0.170158226,19339886087.0,56020020407.0,170000000000.0,411000000000.0,430009355,0.08338160893904956
2024-02-13,1,0.300867733,-110000000000.0,-90423236839.0,775000000000.0,961000000000.0,559385295,0.06203539091945487
2024-02-14,0,-0.028353014,-37644681117.0,10495829718.0,-471000000000.0,108000000000.0,543525036,-0.2752286113804949
2024-02-15,0,0.143209699,-32521350908.0,-16150453454.0,109000000000.0,-9300908897.0,621363093,0.05770831762064432
2024-02-16,1,-0.044291868,14433252751.0,5759449020.0,277000000000.0,564000000000.0,593841761,-0.04785602117763332
2024-02-19,1,-0.28819582,39642375053.0,92021674096.0,309000000000.0,616000000000.0,422699048,-0.03796659792385171
2024-02-20,0,0.449419366,-52939992009.0,4490071306.0,-235000000000.0,108000000000.0,612668186,0.018163970627671944
2024-02-21,0,-0.082465255,-23285416426.0,50767809671.0,82532801604.0,-64775807045.0,562144348,-0.08883121370661584
2024-02-22,1,-0.188114497,-15650718952.0,-48461557762.0,121000000000.0,169000000000.0,456396847,0.11839001594816168
2024-02-23,1,-0.089879414,-11939678140.0,4438819180.0,88295019877.0,147000000000.0,415376166,0.0
2024-02-26,0,0.279951693,-68806104315.0,-18713777280.0,57616042097.0,119000000000.0,531661427,0.06575137756277982
2024-02-27,0,0.080201942,-39228185895.0,38556958308.0,96777588677.0,35893174343.0,574301706,0.1358015411590614
2024-02-28,1,-0.265973678,4945486310.0,-1281253923.0,76639185114.0,478000000000.0,421552569,-0.20155291872184122
2024-02-29,0,0.176755891,-37925464817.0,16723307982.0,-445000000000.0,179000000000.0,496064469,0.23280546222594367
2024-03-04,1,-0.185560851,11319634698.0,73931939075.0,-43513838625.0,770000000000.0,404014324,-0.02334736399699011
2024-03-05,0,0.131735003,-72997670191.0,34085214971.0,-407000000000.0,85533627777.0,457237152,-0.04016604172533533
2024-03-06,0,-0.171121622,-51006404764.0,-24711028395.0,-132000000000.0,-377000000000.0,378993989,-0.1500606945757319
2024-03-07,1,0.22141996,-26515067376.0,-14115908194.0,41853533217.0,-325000000000.0,462910823,0.03738753207161949
2024-03-08,1,-0.018688196,-13318613139.0,-15234742937.0,672000000000.0,182000000000.0,454259855,0.053584246134107616
2024-03-11,0,-0.138412053,-54255192239.0,27596986702.0,-38700956515.0,-106000000000.0,391384816,-0.2608002707522168
2024-03-12,1,0.03215368,-48028409585.0,-23520120205.0,475000000000.0,-372000000000.0,403969278,0.09366713158092566
2024-03-13,1,0.234647772,-176000000000.0,48287264219.0,40228954152.0,335000000000.0,498759769,0.12268137660045753
2024-03-14,1,0.221606238,-37065139151.0,137000000000.0,-186000000000.0,473000000000.0,609288045,0.24827952458575098
2024-03-15,0,-0.039948801,-106000000000.0,75833319845.0,14606140982.0,-1040000000000.0,584947718,-0.06595796779179608
2024-03-18,1,-0.302189802,-899914637.0,1395248889.0,307000000000.0,-86899513299.0,408182483,-0.32682198078905245
2024-03-19,0,0.704790494,-35396996074.0,18301934161.0,-539000000000.0,-241000000000.0,695865617,0.11684889266458498
2024-03-20,1,0.035331805,23926904692.0,10218348100.0,555000000000.0,854000000000.0,720451805,0.1713582519966863
2024-03-21,1,0.145429761,10202996486.0,-15368975587.0,1100000000000.0,1880000000000.0,825226939,0.09745533615071267
2024-03-22,0,-0.382539213,-72132530851.0,-17959564694.0,-26332545579.0,667000000000.0,509545275,-0.1967102942460528
2024-03-25,0,-0.039103666,-79833518248.0,10313948958.0,-142000000000.0,-43286028618.0,489620187,-0.141763945045831
2024-03-26,1,-0.084390462,-45568972334.0,-83112767384.0,710000000000.0,623000000000.0,448300913,0.2008528614158358
2024-03-27,0,0.139065305,-68364828056.0,85111846153.0,173000000000.0,293000000000.0,510644016,0.02429269256904476
2024-03-28,0,-0.178923213,-34140067486.0,-671097806.0,-190000000000.0,73487346552.0,419277948,-0.04919024419077189
2024-03-29,1,0.181783057,-82278583086.0,-77790551674.0,-117000000000.0,782000000000.0,495495575,-0.06062462181643369
2024-04-01,1,-0.197570017,-43473379591.0,-4839075428.0,128000000000.0,271000000000.0,397600506,-0.10337835445383448
2024-04-02,1,0.585493224,19967817486.0,-117000000000.0,-253000000000.0,1010000000000.0,630392908,0.2600768063598906
2024-04-03,0,0.01651882,-99269272338.0,56271725959.0,-596000000000.0,531578062.0,640806255,0.015151805020604314
2024-04-04,1,-0.254138435,-4016363006.0,-43559657516.0,-33795731478.0,586000000000.0,477952756,-0.10285738543970879
2024-04-05,0,0.299355535,-62186516304.0,60407304303.0,-383000000000.0,-113000000000.0,621030559,-0.06010392406970411
2024-04-08,1,-0.000608719,35816006554.0,51208702671.0,-205000000000.0,206000000000.0,620652526,-0.06394872460027656
2024-04-09,0,-0.242436555,16762606397.0,-3594160472.0,53173111089.0,304000000000.0,470183666,-0.05826890812397423
2024-04-11,1,0.193859746,104000000000.0,98875013081.0,-1300000000000.0,1070000000000.0,561333352,0.24686007793152598
2024-04-12,0,-0.083298275,-38180264801.0,38901923580.0,-556000000000.0,14607221018.0,514575252,-0.07290677080808905
2024-04-15,0,0.09206577,-9752284617.0,52468571584.0,-31416184970.0,-238000000000.0,561950019,-0.12516314295400477
2024-04-16,0,0.01470248,-91530079344.0,22980198501.0,-79588663622.0,-270000000000.0,570212078,0.158224005214894
2024-04-17,0,-0.273343854,-26296801166.0,-39210361102.0,-129000000000.0,-169000000000.0,414348111,-0.22925977833164524
2024-04-18,1,0.155516802,44505115327.0,18849862974.0,-81879476001.0,575000000000.0,478786204,0.08051451707129331
2024-04-19,0,0.690678259,-7212402476.0,65608826735.0,-630000000000.0,-349000000000.0,809473426,0.27820332849723783
2024-04-22,1,-0.503514047,7751327836.0,147000000000.0,631000000000.0,-750000000000.0,401892185,-0.2411620568168864
2024-04-23,0,0.070624862,17371773643.0,36406688137.0,42341247741.0,-25292878480.0,430275765,-0.10032272162786882
2024-04-24,1,-0.242951469,41659091754.0,56511371856.0,222000000000.0,492000000000.0,325739636,0.024815169119722924
2024-04-25,0,0.025550231,-54408070716.0,43689175152.0,-408000000000.0,-289000000000.0,334062359,-0.1262748718066966
2024-04-26,1,0.348612515,-31278545362.0,68613364520.0,21394724435.0,473000000000.0,450520678,0.11642257536368561
2024-04-29,1,0.044449358,24783141696.0,81079168766.0,254000000000.0,345000000000.0,470546033,0.038839833316263395
2024-04-30,1,-0.022234843,59908474116.0,11678673739.0,173000000000.0,238000000000.0,460083516,0.07342746855481863
2024-05-02,0,-0.236905349,19372105745.0,-2122962625.0,-146000000000.0,2674010328.0,351087270,-0.22093360566340792
2024-05-03,0,-0.035533168,-13838084914.0,12629640424.0,57001136004.0,94476971612.0,338612027,-0.14335558826057238
2024-05-07,1,0.571720381,-23927915909.0,-41010585708.0,793000000000.0,1120000000000.0,532203424,0.35540024650673274
2024-05-08,1,-0.18017211,3997296237.0,-11754431659.0,90059882225.0,400000000000.0,436315210,-0.0837698830654574
2024-05-09,0,-0.028659714,68042480247.0,-179000000000.0,84720280682.0,-359000000000.0,423810541,0.07480121308269716
2024-05-10,1,0.383008154,-4277000835.0,30362348178.0,400000000000.0,148000000000.0,586133434,0.04405998979402881
2024-05-13,0,0.066783904,-12863342247.0,-47682492630.0,73704563018.0,20102584195.0,625277713,0.12160713209478757
2024-05-14,1,-0.291042137,10175792200.0,-12775451031.0,114000000000.0,84516691286.0,443295551,-0.32237361758526717
2024-05-16,1,0.177185988,20138752277.0,-68611125297.0,681000000000.0,426000000000.0,521841311,0.3375254226058715
2024-05-17,0,0.103661795,-6162987108.0,-85629787897.0,-18961498104.0,-241000000000.0,575936318,-0.18986876242933803
2024-05-20,1,0.01065185,50160158193.0,-152000000000.0,465000000000.0,-16080521471.0,582071105,0.12783337150988316
2024-05-21,0,-0.036511215,-68433902903.0,-223000000000.0,29634389785.0,-107000000000.0,560818982,-0.17435338714477666
2024-05-22,0,-0.135685678,-9654005532.0,-82718762426.0,114000000000.0,294000000000.0,484723878,0.166321215447514
2024-05-23,0,-0.116859143,-18517954611.0,-120000000000.0,-266000000000.0,362000000000.0,428079461,-0.08408311721054318
2024-05-24,0,0.171835551,-56139454255.0,19663305533.0,-751000000000.0,-314000000000.0,501638731,0.08408311721054318
2024-05-27,1,0.10978255,24060689470.0,-31889385495.0,376000000000.0,-137000000000.0,556709910,0.24231346742192983
2024-05-28,0,-0.207923714,-9950412122.0,91413317565.0,-15319724316.0,44235878679.0,440956718,-0.3090048419206042
2024-05-29,0,-0.004480721,-28666562594.0,19495675617.0,-228000000000.0,-1030000000000.0,438980914,0.12160713209478757
2024-05-30,0,-0.150892474,-35263388378.0,-11311011216.0,-347000000000.0,-785000000000.0,372741998,-0.16566712188881638
2024-05-31,1,0.646494874,1846432380.0,35726932921.0,1020000000000.0,-1340000000000.0,613717789,0.39033622651186306
2024-06-03,1,0.274737601,14675655173.0,-87898380882.0,239000000000.0,189000000000.0,782329142,-0.158224005214894
2024-06-04,0,-0.011337079,-51292937456.0,-56759701617.0,-146000000000.0,-211000000000.0,773459815,-0.105360515657825
2024-06-05,1,0.139659946,23426254515.0,-28481749691.0,-278000000000.0,592000000000.0,881481171,0.07637297878457261
2024-06-07,1,-0.110734673,7850912166.0,-75792233751.0,250000000000.0,286000000000.0,783870642,-0.08434114843375085
2024-06-10,0,-0.353347793,2815508326.0,-42084005040.0,-469000000000.0,16955223849.0,506891681,-0.10092591858995803
2024-06-11,1,0.102588582,6004198584.0,55170078788.0,-161000000000.0,-224000000000.0,558892980,0.04329680575332162
2024-06-12,1,-0.085676728,-31391354851.0,-39944640603.0,75504916231.0,234000000000.0,511008858,0.0
2024-06-13,1,0.369892643,93869481202.0,146000000000.0,-365000000000.0,1540000000000.0,700027275,0.4815888035809657
2024-06-14,1,-0.07863697,-30296646285.0,26248186801.0,-387000000000.0,732000000000.0,644979251,-0.16467709281424447
2024-06-17,0,-0.079063292,-38586060425.0,-105000000000.0,69937951278.0,-137000000000.0,593985068,-0.2592825979300848
2024-06-18,1,-0.053890171,-61083195488.0,-86674294484.0,4851659863.0,649000000000.0,561975111,0.06203539091945487
2024-06-19,1,0.150773652,-33536889816.0,-40867759683.0,737000000000.0,276000000000.0,646706151,0.05841076215641294
2024-06-20,1,0.172349851,-54302043687.0,-12058234062.0,238000000000.0,497000000000.0,758165860,-0.03610500464211697
2024-06-21,0,-0.167539181,-20531474845.0,-55625807230.0,131000000000.0,-342000000000.0,631143373,0.06407885668452451
2024-06-24,0,-0.058587422,-18088421801.0,-40610700848.0,69441491634.0,-530000000000.0,594166310,-0.2672035411082412
2024-06-25,1,0.202091308,1104857609.0,-69786241878.0,246000000000.0,60954213464.0,714242157,0.06115442315332942
2024-06-26,1,-0.250906198,25277874885.0,-57566702430.0,-200000000000.0,434000000000.0,535034373,-0.04329680575332162
2024-06-27,0,-0.257675316,-8276939954.0,-49150461166.0,-668000000000.0,514000000000.0,397169222,-0.09265883048270496
2024-06-28,1,0.537255175,-8248546170.0,-67354281714.0,307000000000.0,32153817876.0,610550442,0.06575137756277982
2024-07-01,1,-0.24786175,-18725047300.0,31781348253.0,126000000000.0,-63341087773.0,459218341,-0.10032272162786882
2024-07-02,0,0.173389974,-59832305081.0,-2260295343.0,-195000000000.0,-33276899038.0,538842197,0.15343254694181496
2024-07-03,1,-0.368390256,15688502665.0,31642026271.0,124000000000.0,101000000000.0,340337982,-0.12861737782209204
2024-07-04,1,0.156904727,-5162319581.0,73082580326.0,1010000000000.0,322000000000.0,393738620,0.2502245099168796
2024-07-05,1,-0.039568064,-7108346526.0,-9650906892.0,1280000000000.0,1310000000000.0,378159145,0.0
2024-07-08,0,0.124012468,-28226073262.0,-47534558080.0,-205000000000.0,528000000000.0,425055594,-0.27604520953862277
2024-07-09,1,0.073810646,-53028077615.0,-65384088183.0,135000000000.0,327000000000.0,456429222,0.11934675763256664
2024-07-10,1,0.035150438,-67403242003.0,-71942289050.0,171000000000.0,527000000000.0,472472909,0.05218575317056917
2024-07-11,1,-0.021707141,192000000000.0,-24089116123.0,-219000000000.0,610000000000.0,462216873,0.2129219972426739
2024-07-12,0,-0.116911693,-39330074671.0,-15959715340.0,243000000000.0,-550000000000.0,408178316,-0.03484673133016969
2024-07-15,1,0.039883505,-31056527583.0,-72565329112.0,207000000000.0,-76964828774.0,424457898,-0.14473884564491257
2024-07-16,1,0.597107337,2143664276.0,-51740833718.0,192000000000.0,188000000000.0,677904823,0.04016604172533533
2024-07-17,0,-0.190012961,4754932181.0,-197000000000.0,352000000000.0,-257000000000.0,549094120,0.0902868466721003
2024-07-18,0,0.199019523,-65524507563.0,-85407403428.0,383000000000.0,-349000000000.0,658374570,0.10895118378855528
2024-07-19,0,-0.352636066,-102000000000.0,-108000000000.0,-73813572200.0,-420000000000.0,426207952,-0.4801191350298524
2024-07-22,0,0.088384803,-83764592286.0,-93564874878.0,152000000000.0,-85368275960.0,463878258,0.09065436826812956
2024-07-23,1,-0.087253548,25867469004.0,13683039498.0,-106000000000.0,247000000000.0,423403234,0.0909717782057271
2024-07-24,0,0.108213725,16199577051.0,-12685965214.0,6181282757.0,-264000000000.0,469221275,-0.03540192705091627
2024-07-25,0,-0.061597676,-45715442104.0,-21567374341.0,-267899826.0,-677000000000.0,440318335,0.21045072451579117
2024-07-26,1,0.172941411,66778146327.0,5130738888.0,286000000000.0,-47288785165.0,516467609,-0.052446475372544654
2024-07-29,1,-0.116080685,31245544893.0,21975444038.0,-95649741562.0,447000000000.0,456515695,-0.16705408466316385
2024-07-30,0,-0.139420409,-7090627249.0,-100000000000.0,-177000000000.0,-245000000000.0,392868090,-0.07550755250814589
2024-07-31,1,0.418007904,4047743517.0,-53944809039.0,62441095900.0,149000000000.0,557090057,0.1790482314489843
2024-08-01,1,-0.136882863,7930266188.0,25173277491.0,-214000000000.0,441000000000.0,480833975,-0.11267316250411241
2024-08-02,0,0.105964145,-132000000000.0,-109000000000.0,-328000000000.0,-848000000000.0,531785136,0.18384944097200773
2024-08-05,0,0.436252549,23447557100.0,236000000000.0,-419000000000.0,-1520000000000.0,763777757,0.36124463962879716
2024-08-06,1,-0.257288623,140000000000.0,237000000000.0,-767000000000.0,-174000000000.0,567266430,-0.19301684591070156
2024-08-07,1,-0.1591417,64953210444.0,32426918201.0,-446000000000.0,-18716243874.0,476990686,-0.1682277937180956
2024-08-08,0,0.03838297,43335833798.0,85226342980.0,-419000000000.0,-520000000000.0,495299005,-0.1302651948379001
2024-08-09,1,-0.040959004,37718158055.0,34021210450.0,-116000000000.0,152537242.0,475012051,-0.16816141689685793
2024-08-12,1,-0.38299714,26044643926.0,3960511024.0,89921761727.0,78501696596.0,293083794,-0.24603737118006208
2024-08-13,1,0.291549239,-7649488765.0,-2248875325.0,-28516764667.0,133000000000.0,378532151,0.1657374287784208
2024-08-14,1,-0.13151858,-3977404730.0,-29044198714.0,-95053747571.0,392000000000.0,328748140,-0.01121087974921764
2024-08-16,1,0.17370063,-15559717124.0,-2357676377.0,233000000000.0,1210000000000.0,385851899,0.23323898197956083
2024-08-19,0,0.025359277,-22660691972.0,-37701027259.0,96704917440.0,-120000000000.0,395636824,-0.19020972964296234
2024-08-20,1,0.223820359,-13108035045.0,14505808864.0,890635336.0,293000000000.0,484188400,-0.03405051637132317
2024-08-21,1,-0.138084194,-49926784595.0,-64132505607.0,164000000000.0,31111966566.0,417329635,0.046926230731369145
2024-08-22,1,0.058530636,-5964946296.0,7471486834.0,79186890455.0,68658227680.0,441756204,-0.046926230731369145
2024-08-23,0,-0.251642062,-28194176229.0,14509555932.0,337000000000.0,-295000000000.0,330591762,-0.0766035631395603
2024-08-26,0,0.009365397,7719858795.0,31745801309.0,343000000000.0,-467000000000.0,333687885,0.09212493904218277
2024-08-27,0,-0.208671136,8339642979.0,-18214989888.0,381000000000.0,-407000000000.0,264056855,-0.1215028167589125
2024-08-28,1,0.063308396,6498887162.0,-32766656648.0,242000000000.0,-344000000000.0,280773871,0.2751819096875465
2024-08-29,0,0.028712654,-55602532288.0,-28011649724.0,-85314301143.0,-421000000000.0,288835634,0.08149303425118504
2024-08-30,1,-0.034588267,-12734537738.0,64139996341.0,422000000000.0,-379000000000.0,278845310,-0.11020314013361343
2024-09-02,1,-0.042506496,12931563638.0,1896520545.0,-411000000000.0,239000000000.0,266992573,-0.1722751044431412
2024-09-03,0,0.136587451,-33003480658.0,3211590973.0,-183000000000.0,-291000000000.0,303460408,0.035131091521659386
2024-09-04,0,0.500918383,-68018071389.0,30786041031.0,-567000000000.0,-989000000000.0,455469305,0.23861347308633896
2024-09-05,0,-0.167885412,-2909730265.0,52350112512.0,56112367418.0,-586000000000.0,379002653,-0.11122563511022321
2024-09-06,0,-0.011135714,-29159169767.0,852444260.0,127000000000.0,-266000000000.0,374782188,-0.1602147810129253
2024-09-09,0,-0.278965259,14212301153.0,35738313274.0,-8601764591.0,-542000000000.0,270230978,-0.15395890688583336
2024-09-10,0,0.286492661,11857202176.0,37065925984.0,-103000000000.0,-671000000000.0,347650170,0.12239579586276861
2024-09-11,0,-0.129697877,-39489199510.0,19281845159.0,80077198047.0,-1040000000000.0,302560681,0.13323443642337907
2024-09-12,1,0.125324315,144000000000.0,-43818934496.0,-167000000000.0,278000000000.0,340478891,0.160958461040682
2024-09-13,1,0.052232257,36853809822.0,71033961638.0,276000000000.0,-958000000000.0,358262872,-0.2941928974640611
2024-09-19,1,0.074856825,-1173328275.0,10738731739.0,888000000000.0,-1180000000000.0,385081293,0.42661748311338954
2024-09-20,1,0.287946577,28014301786.0,14036438593.0,234000000000.0,-33693633654.0,495964133,0.10303222589823591
2024-09-23,1,-0.316200518,9944915232.0,28082208914.0,281000000000.0,-702000000000.0,339140017,-0.4058148195997511
2024-09-24,1,0.047051327,208412350.0,6470306187.0,552000000000.0,-377000000000.0,355097005,0.07769917756948175
2024-09-25,0,0.279852383,-81369236152.0,-46333782707.0,707000000000.0,-570000000000.0,454471748,0.12744494656811867
2024-09-26,1,-0.285128355,51972990585.0,4125029205.0,699000000000.0,495000000000.0,324888966,-0.008583743691392698
2024-09-27,0,0.271216238,3161310152.0,2057999664.0,-422000000000.0,266000000000.0,413004129,0.033901551675683095
2024-09-30,0,-0.130963173,4061327531.0,-23375912575.0,-172000000000.0,-1000000000000.0,358915798,-0.105360515657825
2024-10-02,0,-0.022042627,-32708753832.0,-21190827398.0,-623000000000.0,-307000000000.0,351004351,-0.11674191114797594
2024-10-04,1,0.180408596,-7709625782.0,-65243575899.0,-169000000000.0,42753532722.0,414328553,0.03978087001184605
2024-10-07,1,-0.17053473,25309093861.0,86903623202.0,-63788114571.0,29180864802.0,343671145,0.039220713153280684
2024-10-08,0,-0.073998418,-17553266100.0,4681380222.0,-324000000000.0,-381000000000.0,318240024,-0.12586851987895287
2024-10-10,1,0.943690112,23804233192.0,118000000000.0,-439000000000.0,163000000000.0,618559988,0.4159515538682719
2024-10-11,0,-0.205774304,-14539617289.0,71242141360.0,175000000000.0,-599000000000.0,491276237,-0.3753476856440052
2024-10-14,1,-0.182322205,-9158474001.0,89708652791.0,248000000000.0,91477689688.0,401705670,-0.11295179298905111
2024-10-15,1,0.091079444,228325772.0,71140727656.0,-84716024327.0,290000000000.0,438292799,0.1689460623436254
2024-10-16,0,-0.001688422,-8520262010.0,163000000000.0,-146000000000.0,-660000000000.0,437552776,0.0
2024-10-17,0,-0.242913666,15592590772.0,18201444337.0,159000000000.0,-405000000000.0,331265227,-0.014962872676711925
2024-10-18,0,-0.199429697,-15970324584.0,35681143792.0,141000000000.0,-478000000000.0,265201103,-0.1849380421349025
2024-10-21,1,-0.092481063,3003491522.0,-31017212887.0,197000000000.0,22102494346.0,240675023,-0.06365217484047392
2024-10-22,0,0.426480263,-46752818001.0,16006775432.0,-278000000000.0,-281000000000.0,343318170,0.143787892791714
2024-10-23,1,0.02651474,15210770999.0,71854236317.0,205000000000.0,212000000000.0,352421162,0.05112586965852728
2024-10-24,0,-0.026453985,2405545884.0,-20276440051.0,-14263557786.0,-607000000000.0,343098218,0.03131779955254643
2024-10-25,1,0.349171691,5447350376.0,-8484599509.0,90701516255.0,-391000000000.0,462898403,0.0569299990376777
2024-10-28,1,-0.279029794,22124938772.0,82873506991.0,350000000000.0,-128000000000.0,333735957,-0.12057820062871372
2024-10-29,1,0.08855534,-10134760932.0,25314403149.0,32617447526.0,-118000000000.0,363290058,0.022740557633873948
2024-10-30,0,0.341514953,-46166150285.0,8035688985.0,46821689654.0,-336000000000.0,487359045,-0.0293339881137058
2024-10-31,0,-0.165680744,-32653516665.0,49871877805.0,258000000000.0,-858000000000.0,406613036,0.1929230086713254
2024-11-01,0,-0.213382896,-34987822855.0,14780765621.0,-237000000000.0,-39017847667.0,319848769,-0.32598199753932633
2024-11-04,1,0.169125869,4963715143.0,102000000000.0,184000000000.0,29716800648.0,373943470,0.01500028125949271
2024-11-05,0,-0.168656923,-44763636469.0,-28910188732.0,-202000000000.0,-144000000000.0,310875315,-0.04309919248185423
2024-11-06,0,0.764392638,-9040870503.0,76337430691.0,-43773444714.0,-103000000000.0,548506117,0.4242851674349346
2024-11-07,1,-0.151976325,4956478096.0,179000000000.0,-55393323792.0,105000000000.0,465146173,-0.08855339734144252
2024-11-08,0,-0.035282831,-47770120168.0,-6441943082.0,194000000000.0,-13207813305.0,448734499,-0.08499321283339256
2024-11-11,0,0.275134469,-17545700228.0,71860171483.0,-221000000000.0,-482000000000.0,572196827,0.13024980442151346
2024-11-12,0,0.285943482,-87729325236.0,165000000000.0,-26351345295.0,-306000000000.0,735812780,0.12464244520727519
2024-11-13,0,-0.158513853,-32997618165.0,25758571687.0,69869273798.0,-631000000000.0,619176261,-0.13353139262452274
2024-11-14,1,0.033615131,96935139213.0,178000000000.0,-31985934413.0,-233000000000.0,639989952,0.14903557916048626
2024-11-15,0,-0.02603602,7134765771.0,104000000000.0,-96392962924.0,-59478559825.0,623327161,-0.04725288485054335
2024-11-18,1,-0.28781239,14864147688.0,43784358580.0,-73025632748.0,-52987299865.0,443925881,-0.15684247149297192
2024-11-19,1,-0.074493864,27971023145.0,319000000000.0,120000000000.0,-330000000000.0,410856127,-0.15367909292863402
2024-11-20,1,-0.005029486,24153633173.0,181000000000.0,-32152100370.0,-182000000000.0,408789732,-0.1504903536321649
2024-11-21,0,0.103546637,14389628978.0,301000000000.0,-288550286.0,-259000000000.0,451118534,0.0667738725393896
2024-11-22,1,0.204822569,49241716550.0,82570042348.0,172000000000.0,118000000000.0,543517791,-0.04152000521818877
2024-11-25,1,0.03895853,-11709771039.0,54485875472.0,436000000000.0,-74748556334.0,564692445,0.5207512635659626
2024-11-26,0,-0.217788754,-76133135952.0,71949430369.0,-233000000000.0,-68993373953.0,441708781,-0.4382178945799744
2024-11-27,0,-0.061963095,-66310527177.0,201000000000.0,143000000000.0,-335000000000.0,414339138,-0.013873054868245305
2024-11-28,1,-0.173210847,-32204512507.0,85666024663.0,281000000000.0,-492000000000.0,342571105,-0.12640566854680912
2024-11-29,0,0.121746684,-40090877675.0,10157082431.0,99435592904.0,-749000000000.0,384278001,0.1851796438225115
2024-12-02,0,-0.146166202,-20717896897.0,-8074264978.0,427000000000.0,-131000000000.0,328109545,-0.18254111986432875
2024-12-03,1,-0.012105149,-4024994759.0,-318937050.0,244000000000.0,566000000000.0,324137730,0.1869222878798915
2024-12-04,0,1.067899556,-77409636642.0,112000000000.0,24347148909.0,-407000000000.0,670284268,0.37401015594027953
2024-12-05,0,-0.225177111,-58486425942.0,157000000000.0,-4639211800.0,-317000000000.0,519351593,-0.31357841675536235
2024-12-06,0,0.213837813,-2680002790.0,345000000000.0,471000000000.0,-284000000000.0,630408602,0.09605812299551175
2024-12-09,0,-0.061490543,-32970450079.0,228000000000.0,490000000000.0,103000000000.0,591644435,-0.06765864847381309
2024-12-10,1,0.012044134,11505853560.0,20341073636.0,365000000000.0,-105000000000.0,598770280,-0.0725706928348373
2024-12-11,1,0.031641834,9212492395.0,-26820336054.0,171000000000.0,-138000000000.0,617716470,-0.18232155679395134
2024-12-12,1,0.07522993,168000000000.0,388000000000.0,-532000000000.0,-20895446529.0,664187237,0.4619064190131148
2024-12-13,1,-0.130158838,-14543519819.0,261000000000.0,-147000000000.0,-174000000000.0,577737398,-0.32918180335853364
2024-12-16,0,-0.08832602,-54361564808.0,142000000000.0,-60241181602.0,-434000000000.0,526708153,-0.04388695035587631
2024-12-17,0,0.061384218,-14850160394.0,141000000000.0,47947415961.0,-702000000000.0,559039721,0.09133103813414678
2024-12-18,1,-0.209934816,-17429787527.0,100000000000.0,85258693459.0,392000000000.0,441677820,-0.10679833042745202
2024-12-19,0,0.142160745,-30465188738.0,137000000000.0,-559000000000.0,-434000000000.0,504467068,0.011919092237210549
2024-12-20,0,0.224623796,-25239156185.0,187000000000.0,-195000000000.0,-822000000000.0,617782376,0.10239403469272901
2024-12-23,1,-0.306929394,-39824353595.0,76991963721.0,392000000000.0,145000000000.0,428166806,-0.23660270468821665
2024-12-24,0,-0.096665338,-91045365786.0,-24738114625.0,149000000000.0,-6185403456.0,386777917,-0.09071371368816372
2024-12-26,0,-0.165412399,-1019756878.0,-6761836838.0,206000000000.0,20405643904.0,322800054,-0.05020065399163798
2024-12-27,0,-0.035652953,22774506911.0,82250826237.0,-167000000000.0,-174000000000.0,311291279,-0.010980502483445065
2024-12-30,0,-0.023539914,3854726549.0,18562954107.0,30920329920.0,-121000000000.0,303963509,-0.17540546509557942
2025-01-02,0,0.153730355,9774611646.0,9159869200.0,-268000000000.0,-238000000000.0,350691927,0.2687061709927754
2025-01-03,1,0.162092297,4593747827.0,40991978215.0,272000000000.0,284000000000.0,407536387,0.16760654034264988
2025-01-06,1,-0.257094604,19649537894.0,39986219397.0,-30739910350.0,370000000000.0,302760981,-0.01099583467453158
2025-01-07,1,0.346583459,-5172925695.0,96854973661.0,-150000000000.0,163000000000.0,407692929,0.14498277358283929
2025-01-08,1,-0.109847397,50831772028.0,139000000000.0,-110000000000.0,222000000000.0,362908922,0.10003285255004002
2025-01-09,1,0.114027092,87469936064.0,25261924759.0,-532000000000.0,751000000000.0,404290371,0.10054122922187858
2025-01-10,0,-0.066050826,-63878133168.0,264000000000.0,-485000000000.0,-3813706835.0,377586658,-0.17125260946653142
2025-01-13,0,0.532271953,-14359968392.0,259000000000.0,-99274778032.0,-874000000000.0,578565446,-0.06832966819083808
2025-01-14,1,-0.283594202,-20838579147.0,56996888787.0,-53550157072.0,-296000000000.0,414487640,-0.09863060344162733
2025-01-15,0,0.299277127,-25951915330.0,38649159979.0,-210000000000.0,56761084835.0,538534310,0.11289305036219233
2025-01-16,1,-0.162425551,-30806046569.0,75671702975.0,22148124041.0,626000000000.0,451062578,0.02686889201296694
2025-01-17,0,-0.011478813,-41340992900.0,131000000000.0,-119000000000.0,-234000000000.0,445884915,0.0586889963486783
2025-01-20,0,-0.018701942,-22965953321.0,73572891647.0,40430285207.0,-418000000000.0,437546001,-0.14387037041970174
2025-01-21,0,0.307316942,-32883396384.0,58850508084.0,55132666853.0,-173000000000.0,572011300,0.07344790612315677
2025-01-22,1,0.020499759,13915740457.0,88094425479.0,295000000000.0,351000000000.0,583737394,0.17478247962078797
2025-01-23,0,0.044548691,-66489426772.0,150000000000.0,-245000000000.0,-620000000000.0,609742131,-0.11340075997639332
2025-01-24,1,-0.012673343,5258832601.0,65057805446.0,-15733717469.0,273000000000.0,602014660,0.028843371948330088
2025-01-31,0,-0.245195531,8458144968.0,35463492151.0,298000000000.0,-1180000000000.0,454403356,0.3022808718729344
2025-02-03,0,0.150625384,-51138860199.0,210000000000.0,-451000000000.0,-871000000000.0,522848036,-0.16507975035944966
2025-02-04,1,-0.083142118,-54871642961.0,139000000000.0,11570047283.0,77245571545.0,479377343,-0.061693569005338844
2025-02-05,1,-0.087682888,-20727305064.0,90759040565.0,27625408313.0,65594890099.0,437344153,-0.10032272162786882
2025-02-06,1,0.09684153,-14760411027.0,47082490535.0,140000000000.0,356000000000.0,479697230,0.1789658489469801
2025-02-07,0,-0.124714456,-61806450434.0,122000000000.0,-180000000000.0,-240000000000.0,419872051,-0.15415067982725716
2025-02-10,0,-0.062657955,-35325072274.0,185000000000.0,183000000000.0,-277000000000.0,393563727,0.03846628082779446
2025-02-11,1,0.146175214,-33982381205.0,58670737259.0,190000000000.0,141000000000.0,451092989,0.03704127168035143
2025-02-12,1,0.030594998,-29088098916.0,10160252896.0,52557311052.0,371000000000.0,464894178,0.2195005600357085
2025-02-13,1,0.463433547,65668200903.0,68302874736.0,371000000000.0,-113000000000.0,680341736,0.22168263067453253
2025-02-14,1,-0.266009103,-59623833723.0,176000000000.0,272000000000.0,-320000000000.0,499364641,-0.207189623371967
2025-02-17,1,-0.26638779,-37806070744.0,82783939271.0,263000000000.0,-224000000000.0,366339998,-0.23399356733827403
2025-02-18,1,0.151916581,-18134673779.0,121000000000.0,100000000000.0,18935648626.0,421993118,0.1358015411590614
2025-02-19,1,0.245989019,64551134535.0,67712126648.0,660000000000.0,396000000000.0,525798791,0.16766439899398122
2025-02-20,0,0.00666516,-81417208164.0,80847797720.0,-8960609712.0,-288000000000.0,529303324,-0.020339684237121958
2025-02-21,1,-0.159831008,-8634276479.0,74306429095.0,61015463799.0,-216000000000.0,444704240,-0.24740817331384335
2025-02-24,0,0.206091748,-7354978147.0,17820189902.0,-91866448407.0,-200000000000.0,536354114,-0.05406722127027308
2025-02-25,0,-0.235048599,-39077070571.0,13822369897.0,-92082269066.0,-321000000000.0,410284831,-0.028170876966697733
2025-02-26,1,-0.057331413,-3608597829.0,57404901317.0,174000000000.0,-322000000000.0,386762622,0.06453852113757108
2025-02-27,0,0.328747339,20023507006.0,45851879957.0,-343000000000.0,-179000000000.0,513909805,-0.03636764417087335
2025-02-28,0,0.14528175,-83318129055.0,5940831420.0,-518000000000.0,-1560000000000.0,588571521,0.3677247801253145
2025-03-04,0,-0.177531814,728396200.0,51526216282.0,-263000000000.0,-194000000000.0,484081351,-0.17465868404838503
2025-03-05,1,0.176273878,97648839135.0,70907237311.0,-210000000000.0,-226000000000.0,569412248,-0.007662872745569871
2025-03-06,1,0.070605183,35205731675.0,-550366428.0,69495382199.0,137000000000.0,609615704,-0.14014663174323871
2025-03-07,0,-0.069591862,23426058917.0,46285802840.0,-136000000000.0,59105655053.0,567191412,0.07663322602091327
2025-03-10,1,-0.231838108,-5523898450.0,46122251900.0,74637735766.0,-429000000000.0,435694828,-0.21092343997943175
2025-03-11,0,-0.084184107,-22418295696.0,-26885014630.0,-174000000000.0,-1540000000000.0,399016248,0.09825027747531934
2025-03-12,1,0.006586972,8035847301.0,-30632355371.0,38789074057.0,380000000000.0,401644557,0.1208364731432745
2025-03-13,0,0.063856175,147000000000.0,-46569214601.0,294000000000.0,-481000000000.0,427292042,0.06301296782873322
2025-03-14,0,-0.15203337,-53919251663.0,56115640598.0,50076864432.0,-295000000000.0,362329393,-0.27604520953862277
2025-03-17,1,0.094512197,-10148042110.0,28916360145.0,501000000000.0,622000000000.0,396573940,0.1883396291195183
2025-03-18,1,0.400814622,-23530910394.0,34156166372.0,134000000000.0,444000000000.0,555526574,0.0
2025-03-19,1,0.176049839,-7210762242.0,22957790839.0,271000000000.0,305000000000.0,653326938,-0.016807118316382486
2025-03-20,1,-0.303535121,-38124048864.0,-2992436037.0,124000000000.0,552000000000.0,455019267,0.016807118316382486
2025-03-21,1,0.093424424,-37003018808.0,13372154676.0,-342000000000.0,850000000000.0,497529180,0.16833531481921327
2025-03-24,0,-0.25143761,-53815461430.0,4992047134.0,7830685905.0,6151772366.0,372431632,-0.7188261949776376
2025-03-25,0,0.1794901,-9151729684.0,-19561119151.0,130000000000.0,-75211633491.0,439279423,0.18304383923777934
2025-03-26,1,0.156248286,-7157583100.0,15570782366.0,240000000000.0,351000000000.0,507916080,-0.08144762511485482
2025-03-27,0,-0.20594449,-88333381166.0,-25460178838.0,-117000000000.0,88668299283.0,403313562,0.0026075634070785725
2025-03-28,0,0.273355333,609806807.0,40065883283.0,21673555398.0,-642000000000.0,513561475,-0.07150719045366216
2025-03-31,0,-0.237495799,-10678439502.0,60722289266.0,556000000000.0,-1580000000000.0,391592782,0.14188798721546192
2025-04-01,1,0.157819199,28527835113.0,77428143593.0,-7425171231.0,-391000000000.0,453393641,-0.1716985694026647
2025-04-02,0,0.137201084,14073759070.0,174000000000.0,-22090030228.0,-727000000000.0,515599740,0.05330855345450658
2025-04-03,0,-0.068934443,92068244282.0,272000000000.0,68855170698.0,-1380000000000.0,480057159,0.122024181062379
2025-04-04,0,0.447900251,63608384142.0,207000000000.0,350000000000.0,-1790000000000.0,695074881,0.25760923243225875
2025-04-07,0,-0.108728094,-10723490389.0,431000000000.0,-95673110432.0,-2100000000000.0,619500714,-0.018868484304380928
2025-04-08,1,-0.100859558,86889851666.0,113000000000.0,-367000000000.0,-647000000000.0,557018146,-0.140905453077238
2025-04-09,0,0.256048097,-44322370066.0,57856324113.0,40051769712.0,-1000000000000.0,699641582,0.04711792297706907
2025-04-10,1,-0.041812166,308000000000.0,53966282574.0,179000000000.0,329000000000.0,670388052,0.14935738125497977
2025-04-11,0,-0.448524154,21739159945.0,175000000000.0,-135000000000.0,-690000000000.0,369702818,-0.36702432480073455
2025-04-14,1,0.321651716,-334596020.0,112000000000.0,-64143907086.0,-244000000000.0,488618364,-0.1393069093774173
2025-04-15,1,0.14678355,-5848280889.0,94464244602.0,64528321115.0,-118000000000.0,560339502,-0.02727441791966001
2025-04-16,0,0.094289983,-31898896574.0,86849302137.0,-47659695621.0,-459000000000.0,613173904,0.03323568743616079
2025-04-17,1,-0.018649266,-6456043288.0,56195835173.0,275000000000.0,-351000000000.0,601738661,-0.01799148979304377
2025-04-18,1,-0.250529929,-16348640640.0,78362304973.0,-12839946026.0,-105000000000.0,450985117,-0.15692810870524454
2025-04-21,1,-0.048799879,-8928783020.0,56296074372.0,-17446035020.0,-288000000000.0,428977098,-0.07533404682540024
2025-04-22,0,-0.028665747,4172620583.0,94348217496.0,-36492501044.0,-242000000000.0,416680149,0.16499677313665018
2025-04-23,1,0.291436934,9302100838.0,63707325336.0,547000000000.0,-197000000000.0,538116134,0.22766406272552686
2025-04-24,0,-0.390586287,-21164137684.0,-16024864196.0,-168000000000.0,-7382931153.0,327935351,-0.065226042649698
2025-04-25,1,0.230510025,1231577048.0,84366161670.0,441000000000.0,615000000000.0,403527737,0.18643961340287163
2025-04-28,1,0.125330765,-69430310652.0,30563085304.0,139000000000.0,-85933648957.0,454102177,-0.11607217125275326
2025-04-29,1,0.204754119,-1698955739.0,57434984612.0,391000000000.0,693000000000.0,547081468,0.1672513038729555
2025-04-30,0,-0.108928265,22066889243.0,-8979589058.0,-127000000000.0,-169000000000.0,487488833,-0.08839272896063477
2025-05-02,1,0.201037325,28242651524.0,45241556483.0,201000000000.0,-167000000000.0,585492284,-0.013118852429116146
2025-05-07,1,-0.066161678,-19393639714.0,-8190873040.0,127000000000.0,350000000000.0,546755132,0.07067213300667063
2025-05-08,1,-0.137391153,34951277324.0,-8169018241.0,-237000000000.0,130000000000.0,471635814,0.14160830605016983
2025-05-09,0,0.029502617,2239074552.0,91176153599.0,-218000000000.0,68061412101.0,485550305,-0.24895936727692103
2025-05-12,1,-0.15611332,20451042742.0,26107972247.0,310000000000.0,152136203.0,409749435,0.060404833544918546
2025-05-13,1,0.031019855,20350965676.0,-59954992500.0,-41868800245.0,171000000000.0,422459803,0.02546433886593391
2025-05-14,1,-0.075642671,15426535940.0,14148013174.0,440000000000.0,476000000000.0,390503815,0.015873349156290573
2025-05-15,0,-0.130408513,-94146720606.0,4682821428.0,-165000000000.0,274000000000.0,339578793,-0.20392558065923083
2025-05-16,1,0.059272691,-42173233757.0,15607601432.0,149000000000.0,170000000000.0,359706542,0.1021830590920878
2025-05-19,0,-0.129023289,-18296727890.0,-24334665267.0,-91684923295.0,-114000000000.0,313296021,-0.17364202307423326
2025-05-20,0,0.458650364,-28432106948.0,-20734981520.0,139000000000.0,-114000000000.0,456989355,0.1264694788680636
2025-05-21,1,-0.187010781,-2278591515.0,-5217059205.0,84013804591.0,195000000000.0,371527419,-0.029141134907501254
2025-05-22,0,-0.036237325,-61466479207.0,8343597962.0,-262000000000.0,-226000000000.0,358064259,0.18701482722570617
2025-05-23,0,0.212140349,7324322914.0,-10737535317.0,-114000000000.0,-58284123298.0,434024136,-0.03517095349636179
2025-05-26,1,-0.12407374,-10817713212.0,47458975378.0,373000000000.0,102000000000.0,380173138,-0.03765150620368729
2025-05-27,0,-0.162787638,4541113887.0,-20636821703.0,13003300666.0,-75636719405.0,318285651,-0.05293543459109529
2025-05-28,1,0.273930684,-33790635792.0,44791867826.0,757000000000.0,303000000000.0,405473857,0.34778599652148756
2025-05-29,1,0.105720826,-3392052032.0,68016030745.0,562000000000.0,295000000000.0,448340888,-0.027150989065951592
2025-05-30,0,0.172458368,-50512785457.0,14445323313.0,158000000000.0,-612000000000.0,525661026,0.30586439153497125
2025-06-02,1,-0.384386909,-29530823675.0,-8952510266.0,-191000000000.0,128000000000.0,323603809,-0.6077136242515309
2025-06-04,1,0.514004039,35258802197.0,2869575028.0,122000000000.0,1050000000000.0,489937474,0.4062918960841593
2025-06-05,1,0.134866132,-51910439428.0,61586656480.0,337000000000.0,984000000000.0,556013446,0.09455858262501238
2025-06-09,1,-0.033086009,-59587537114.0,-111000000000.0,-454000000000.0,980000000000.0,537617180,0.05129329438754837
2025-06-10,1,-0.054746236,-52322298027.0,-9048493815.0,182000000000.0,633000000000.0,508184663,0.0212022076506031
2025-06-11,1,-0.224829932,-68338670804.0,-27624097410.0,384000000000.0,166000000000.0,393929540,-0.13453089295760634
2025-06-12,1,0.811759814,151000000000.0,124000000000.0,-422000000000.0,408000000000.0,713705710,0.3249778571954778
2025-06-13,0,0.30538062,-75196282184.0,29296004837.0,-341000000000.0,122000000000.0,931657602,0.01149437942573428
2025-06-16,1,-0.220366207,-23042788392.0,-28386582974.0,347000000000.0,-322000000000.0,726351750,-0.1949726743475111
2025-06-17,1,0.293580013,-45962319151.0,-111000000000.0,228000000000.0,-96735251099.0,939594106,0.2175725062647551
2025-06-18,1,-0.386386068,-21805385275.0,-47541758021.0,174000000000.0,286000000000.0,576548034,-0.19695321906202068
2025-06-19,1,-0.248439836,17086576619.0,-136000000000.0,-91952282609.0,-87418957620.0,433310535,-0.06317890162153006
2025-06-20,1,0.118977366,-3765140423.0,11318992895.0,90759898596.0,563000000000.0,484864681,0.26570316573300445
2025-06-23,0,0.290361908,-6467508020.0,-16774804868.0,-857000000000.0,-369000000000.0,625650915,-0.005571045049453716
2025-06-24,1,-0.074243235,-19710321056.0,-98400735170.0,479000000000.0,444000000000.0,579200567,0.06488762220587319
2025-06-25,1,0.113191933,-153000000000.0,-51986541705.0,-213000000000.0,-111000000000.0,644761399,0.03093030069135949
2025-06-26,0,-0.285608911,-101000000000.0,-46682955704.0,-155000000000.0,-581000000000.0,460611798,-0.1474052916877291
2025-06-27,0,-0.171462953,16764935778.0,-12772689265.0,267000000000.0,-858000000000.0,381633939,-0.19415601444095643
2025-06-30,1,0.216251679,-7359262542.0,-30096619860.0,522000000000.0,-651000000000.0,464162919,-0.05129329438754837
2025-07-01,1,0.240979881,66074808160.0,-68827619645.0,521000000000.0,176000000000.0,576016844,0.13353139262452274
2025-07-02,0,0.209684167,-89442871071.0,-1877611701.0,310000000000.0,-327000000000.0,696798456,-0.026668247082163532
2025-07-03,1,-0.226289615,71712261182.0,-6743727442.0,326000000000.0,646000000000.0,539120202,0.006734032181345384
2025-07-04,0,-0.034049479,-108000000000.0,-79484086820.0,-160000000000.0,162000000000.0,520763440,-0.09129142020940861
2025-07-07,1,-0.309850576,64972410071.0,-59254783951.0,-93888968626.0,-91190609722.0,359404588,-0.2876820724517799
2025-07-08,1,1.075079428,4736677378.0,-2578060207.0,5061412717.0,244000000000.0,745793067,0.28030196515415895
2025-07-09,1,-0.137882998,55748789432.0,3099022551.0,-140000000000.0,-413000000000.0,642960883,-0.06108769197983932
2025-07-10,1,-0.072149504,164000000000.0,44951482986.0,-132000000000.0,472000000000.0,596571574,0.10457280391957724
2025-07-11,0,-0.220056608,-50660170349.0,4610589498.0,62412074481.0,326000000000.0,465292057,-0.05841076215641294
2025-07-14,1,-0.045683688,-44884692933.0,-20497421543.0,40976705347.0,371000000000.0,444035800,-0.1367589371153919
2025-07-15,1,-0.054914689,-3029988153.0,28938628440.0,-46441404870.0,214000000000.0,419651712,0.05043085362689226
2025-07-16,0,0.266523414,-103000000000.0,-74792499649.0,-178000000000.0,53420699064.0,531498719,-0.07663322602091327
2025-07-17,1,-0.200773955,-21471232748.0,-13621028919.0,245000000000.0,47171940790.0,424787619,0.3095647837012869
2025-07-18,0,-0.073774179,-23131310118.0,-94179492988.0,214000000000.0,190000000000.0,393449261,-0.2578291093021008
2025-07-21,1,-0.125908179,24425218883.0,-9315945629.0,66864532439.0,896000000000.0,343910781,-0.10629465864962384
2025-07-22,0,0.100535173,-92985182958.0,-76046275704.0,13953518426.0,-129000000000.0,378485911,0.08076135664445871
2025-07-23,1,0.756541331,-61854811359.0,-103000000000.0,380000000000.0,422000000000.0,664826146,0.05043085362689226
2025-07-24,1,-0.359983235,43247309316.0,-15722061203.0,60911740850.0,743000000000.0,425499879,0.06351340572232544
2025-07-25,1,-0.085097935,44694186757.0,46425945691.0,3963133357.0,269000000000.0,389290718,-0.28052823509516145
2025-07-28,1,0.291373145,33332993907.0,-66818993971.0,522000000000.0,480000000000.0,502719579,0.34746771777027163
2025-07-29,1,-0.257631515,-53437379060.0,-11909538891.0,136000000000.0,605000000000.0,373203172,-0.08244366921107371
2025-07-30,1,-0.09412965,-10192121085.0,-15700722147.0,320000000000.0,580000000000.0,338073688,0.015504186535963527
2025-07-31,0,0.598242762,-102000000000.0,-143000000000.0,-368000000000.0,344000000000.0,540323825,0.23841102344499987
2025-08-01,0,-0.060237174,-256000000000.0,-19635300337.0,-462000000000.0,-656000000000.0,507776245,-0.07550755250814589
2025-08-04,1,-0.422080619,47615279959.0,10392347608.0,118000000000.0,82772693376.0,293453733,-0.45366720992604215
2025-08-05,1,-0.068201985,42003566392.0,18927699525.0,-44602528461.0,295000000000.0,273439606,0.12370965432602432
2025-08-06,1,0.197187086,-96530391390.0,-3897955063.0,48345638704.0,281000000000.0,327358365,0.009049835519917337
2025-08-07,1,-0.000949482,-59278867324.0,40978001835.0,116000000000.0,-17604897762.0,327047544,0.008968669982760247
2025-08-08,0,0.044017102,-106000000000.0,-80220164964.0,196000000000.0,-160000000000.0,341443229,0.017699577099399733
2025-08-11,0,-0.106825378,-72443713350.0,-90656602643.0,41736260722.0,220000000000.0,304968427,-0.10146946016485714
2025-08-12,0,0.223789563,-37712374821.0,21397450605.0,3495077882.0,-59372183527.0,373217178,-0.00975617494536607
2025-08-13,1,-0.142403392,-48483121091.0,-17067257225.0,46540066807.0,637000000000.0,320069786,0.01941808585710092
2025-08-14,1,0.379286379,-3734437885.0,-78836194555.0,152000000000.0,-79961068780.0,441467896,-0.039220713153280684
2025-08-18,0,-0.261253745,-13107388329.0,34778984795.0,139000000000.0,-490000000000.0,326132755,-0.112049503808624
2025-08-19,0,-0.125231524,-3164080845.0,-22153850933.0,313000000000.0,-455000000000.0,285290653,-0.036450504509819126
2025-08-20,0,0.175240715,-44492370378.0,-72039799210.0,620000000000.0,-214000000000.0,335285191,0.31401444679601553
2025-08-21,1,-0.174089735,53614094444.0,25171829060.0,-64360593619.0,-17115416031.0,276915481,-0.07933674223652076
2025-08-22,1,-0.144875913,81168550096.0,10958318950.0,33597315183.0,182000000000.0,236797098,-0.2676995728644407
2025-08-25,1,-0.070237748,43580166224.0,27972826651.0,67474555655.0,119000000000.0,220165003,-0.03043448530025472
2025-08-26,0,0.477769839,-4860816787.0,-16108522489.0,-200000000000.0,-686000000000.0,325353201,0.47432062639113326
2025-08-27,1,-0.134107075,33556798120.0,17119095887.0,-87202490780.0,-204000000000.0,281721035,-0.384531898441697
2025-08-28,1,0.108146426,30739552714.0,74751901807.0,137000000000.0,-24298916158.0,312188158,0.1100950527399398
2025-08-29,0,-0.2147926,-57929755210.0,-26994167382.0,156000000000.0,-372000000000.0,245132452,-0.09662683568907227
2025-09-01,0,0.061215897,-70714559789.0,14645842505.0,-26371879503.0,-267000000000.0,260138455,-0.11444413439086887
2025-09-02,1,0.194279911,12643551131.0,17380132401.0,-148000000000.0,402000000000.0,310678131,0.08157998699242341
2025-09-03,1,0.080914347,-30688242888.0,-64880315447.0,-262000000000.0,436000000000.0,335816449,0.014865911275826704
2025-09-04,1,-0.147582312,8947485987.0,-21218993136.0,4507024653.0,203000000000.0,286255881,-0.09894902848636988
2025-09-05,1,0.131311905,-29780160854.0,-13789367320.0,165000000000.0,-138000000000.0,323844686,0.31182437777338023
2025-09-08,1,0.149624799,-6396260566.0,-12974057207.0,113000000000.0,232000000000.0,372299882,-0.28219258016700977
2025-09-09,1,0.18169659,6693625489.0,26981626354.0,206000000000.0,684000000000.0,439945501,0.25428379204993234
2025-09-10,1,0.283583641,-6550243633.0,37276629176.0,908000000000.0,1380000000000.0,564706848,0.25654183171605993
2025-09-11,1,-0.228646101,-80618937466.0,-149000000000.0,1080000000000.0,302000000000.0,435588829,0.08396538011733412
2025-09-12,1,0.03046144,-205000000000.0,186000000000.0,712000000000.0,1420000000000.0,448857492,-0.06947237281476859
2025-09-15,1,-0.155958736,-48987386118.0,-56689780119.0,60345432689.0,267000000000.0,378854245,-0.08244366921107371
2025-09-16,1,0.072217834,-43433949486.0,13813197883.0,229000000000.0,1800000000000.0,406214278,0.09672962645855065
2025-09-17,0,-0.195966455,-64053755185.0,43546933022.0,-182000000000.0,-36144722867.0,326609906,-0.19516969927180483
2025-09-18,1,0.197688881,-22387590211.0,46741024261.0,313000000000.0,288000000000.0,391177053,0.06669137449867435
2025-09-19,0,-0.108217879,-67514766529.0,-59981201920.0,-89468626914.0,-306000000000.0,348844702,0.19699827120988544
2025-09-22,1,-0.174798318,-44861807877.0,-13659648631.0,420000000000.0,568000000000.0,287867235,-0.2297880940328767
2025-09-23,1,0.244794042,-34848083944.0,-29487174255.0,-33675933112.0,337000000000.0,358335419,0.016529301951209163
2025-09-24,0,-0.198668622,-28677446668.0,-95845033859.0,387000000000.0,-247000000000.0,287145415,-0.03333642026759165
2025-09-25,0,0.020650053,55903894523.0,-96224087517.0,212000000000.0,216000000000.0,293074983,0.06559728248581465
2025-09-26,0,0.361937488,-38953231022.0,-68660208836.0,-272000000000.0,-570000000000.0,399149806,0.0
2025-09-29,1,0.043417884,106000000000.0,12595246939.0,113000000000.0,448000000000.0,416480046,-0.23111172096338706
2025-09-30,0,0.263929749,46191261910.0,-1657623813.0,-209000000000.0,25972753484.0,526401520,0.11332868530700324
2025-10-01,1,-0.062234556,36645078234.0,-34906264253.0,149000000000.0,833000000000.0,493641155,0.09368548407732291
2025-10-02,1,-0.185426039,-26153987489.0,45041145467.0,-6638937582.0,3140000000000.0,402107231,0.4608152031913306
2025-10-10,1,0.013189554,-54935274671.0,83401703361.0,-492000000000.0,1060000000000.0,407410846,0.005115100666767347
2025-10-13,0,0.001527414,-12394052870.0,25232290956.0,-381000000000.0,-823000000000.0,408033131,-0.31527002897060896
2025-10-14,0,0.799081617,-51672435581.0,-35107716624.0,-422000000000.0,555000000000.0,734084905,0.2789023847997356
2025-10-15,1,-0.259477055,70549152613.0,82202888456.0,516000000000.0,163000000000.0,543606716,-0.3072730819289511
2025-10-16,1,-0.087960514,100000000000.0,98166933672.0,676000000000.0,659000000000.0,495790790,0.24167579944313644
2025-10-17,1,-0.151315836,10539821316.0,-8032557205.0,-23794686090.0,443000000000.0,420769792,-0.022858138076049528
2025-10-20,1,-0.025246682,-114000000000.0,3168542569.0,870000000000.0,-248000000000.0,410146751,-0.19746453689651844
2025-10-21,1,0.284550661,-99873962571.0,49618162027.0,497000000000.0,-18821013815.0,526854280,0.31203110146206825
2025-10-22,1,0.133550605,158000000000.0,31725550553.0,540000000000.0,-701000000000.0,597215988,-0.22443304214408144
2025-10-23,0,-0.29072818,13488058741.0,-101000000000.0,-180000000000.0,-409000000000.0,423588471,0.050325083887514666
2025-10-24,1,0.007809677,49696911063.0,73033574655.0,1080000000000.0,585000000000.0,426896560,0.08803334948532537
2025-10-27,1,0.211062809,-105000000000.0,-88648147441.0,691000000000.0,649000000000.0,516998547,0.12152135776699069
2025-10-28,0,-0.210394818,-102000000000.0,-66622546139.0,311000000000.0,-1640000000000.0,408224732,-0.020101179321088125
2025-10-29,1,0.143728893,-134000000000.0,-312000000000.0,1070000000000.0,-102000000000.0,466898421,0.1104238176143717
2025-10-30,1,0.213407976,-230000000000.0,-173000000000.0,-193000000000.0,-118000000000.0,566538268,0.09531017980432566
2025-10-31,1,-0.279351008,-62375553323.0,-157000000000.0,1170000000000.0,1320000000000.0,408275232,-0.05085841723349205
2025-11-03,1,0.157739402,-56410667374.0,-33198223741.0,428000000000.0,-796000000000.0,472676323,-0.013129291441792645
2025-11-04,0,-0.10394801,-117000000000.0,-120000000000.0,-51385373466.0,-2230000000000.0,423542560,-0.08741193778008238
2025-11-05,0,0.402840933,-57809224195.0,58251975721.0,87405093093.0,-2070000000000.0,594162840,0.3392157225669621
2025-11-06,1,-0.287365679,189000000000.0,-36805466458.0,588000000000.0,-1700000000000.0,423420832,-0.3061157741406184
2025-11-07,0,-0.109515547,-137000000000.0,-68751991674.0,164000000000.0,-463000000000.0,377049668,-0.134196065297715
2025-11-10,1,-0.099550972,133000000000.0,64813593813.0,922000000000.0,-145000000000.0,339514007,-0.11844815041319379
2025-11-11,1,0.112042408,22061694723.0,-89869861481.0,367000000000.0,74380943249.0,377553974,0.18531109564232295
2025-11-12,1,-0.113810273,13870437898.0,-45197406554.0,869000000000.0,-426000000000.0,334584453,-0.24705910271076803
2025-11-13,1,0.267807288,1421739128.0,27502984530.0,-743000000000.0,1000000000000.0,424188608,0.10854016857520321
2025-11-14,0,-0.057041202,-44878847933.0,-6664717015.0,-655000000000.0,-2370000000000.0,399992380,0.028170876966697733
2025-11-17,1,-0.139742115,30020117961.0,-46707925574.0,5964690486.0,518000000000.0,344096599,-0.22314355131420882
2025-11-18,0,-0.071017764,-43108537347.0,-59361695503.0,-429000000000.0,-552000000000.0,319659628,-0.02105340919783316
2025-11-19,0,0.058130297,88744183243.0,5891802893.0,461000000000.0,-1050000000000.0,338241537,0.03484673133016969
2025-11-20,1,0.065161116,17378732171.0,-31443822134.0,748000000000.0,745000000000.0,360281733,0.033673215106585275
2025-11-21,0,-0.113682178,-59779950043.0,85078446938.0,412000000000.0,-2830000000000.0,319324121,-0.06145277921366343
2025-11-24,0,0.168468285,63408149900.0,-22807985903.0,1110000000000.0,-796000000000.0,373120108,0.4101489574205921
2025-11-25,1,-0.251463585,7340226117.0,-61109799874.0,19658363074.0,-1710358096.0,279293988,-0.47562688680009657
2025-11-26,1,0.057405328,105000000000.0,36174018808.0,1040000000000.0,524000000000.0,295326951,0.1722459048052123
2025-11-27,1,-0.12688313,72932154287.0,-562761869.0,326000000000.0,158000000000.0,257854943,-0.19506058257138648
2025-11-28,0,-0.061787204,-70695237508.0,-137000000000.0,839000000000.0,-2040000000000.0,241922807,-0.08841095734405258
2025-12-01,0,0.227311648,29097125833.0,-96241820989.0,-68894937864.0,224000000000.0,296914679,-0.008438868645864517
2025-12-02,1,0.074500288,33839413485.0,70784814352.0,248000000000.0,1220000000000.0,319034908,0.04959694113937374
2025-12-03,1,-0.088198568,38087894573.0,62672496011.0,487000000000.0,283000000000.0,290896486,0.07755823434587228
2025-12-04,0,0.210201188,-27535762591.0,52221708705.0,107000000000.0,-698000000000.0,352043273,0.022141125877215728
2025-12-05,1,0.359243621,85404353976.0,5782407832.0,849000000000.0,1000000000000.0,478512573,0.17376927497863548
2025-12-08,1,-0.173307122,40683727865.0,-15317346495.0,-141000000000.0,323000000000.0,395582936,-0.06986967996048321
2025-12-09,0,0.012792422,12330272182.0,99608405445.0,-98306205656.0,-90993089901.0,400643400,-0.13353139262452274
2025-12-10,0,-0.206522436,-95850854610.0,15652810287.0,-102000000000.0,374000000000.0,317901549,-0.05406722127027663
2025-12-11,0,0.698146403,-20114981877.0,-17402709778.0,-688000000000.0,365000000000.0,539843372,0.4769240720903092
2025-12-12,1,-0.209740534,-83159725562.0,89195037509.0,1440000000000.0,46940837270.0,426616335,-0.20726050514120686
2025-12-15,0,-0.18698712,-52542669797.0,117000000000.0,-392000000000.0,-960000000000.0,346844575,-0.06899287148695166
2025-12-16,0,0.078262565,-246000000000.0,13731755436.0,148000000000.0,-1040000000000.0,373989521,0.06899287148695166
2025-12-17,1,-0.034851287,-19550443221.0,-28662042049.0,379000000000.0,-27789783436.0,360955505,-0.23841102344499987
2025-12-18,0,0.610850659,-70579014311.0,-84632417818.0,156000000000.0,-347000000000.0,581445413,0.007662872745569871
2025-12-19,1,-0.238682664,-25140822642.0,-41242101262.0,964000000000.0,-747000000000.0,442664473,0.23074815069943
2025-12-22,1,-0.286983534,-34261909288.0,22809936437.0,1620000000000.0,1110000000000.0,315627058,-0.23841102344499987
2025-12-23,1,0.222481791,-121000000000.0,-37383279005.0,533000000000.0,954000000000.0,385848331,0.03774032798284921
2025-12-24,0,-0.057625023,-26143810406.0,32658143047.0,252000000000.0,522000000000.0,363613812,-0.1094842328416874
2025-12-26,1,0.403031552,-23628157217.0,-97501817252.0,529000000000.0,1780000000000.0,510161651,0.2979596552100183
2025-12-29,1,-0.015225901,23932814520.0,37891796466.0,-364000000000.0,336000000000.0,502393980,-0.11701645838618546
2025-12-30,0,-0.187493996,-24765470947.0,-108000000000.0,-229000000000.0,-489000000000.0,408198125,-0.09393181983420362
2026-01-02,1,-0.004553865,-72899009835.0,-19584573734.0,-114000000000.0,645000000000.0,406339246,0.28198405133714033
2026-01-05,1,0.264632203,-259000000000.0,-156000000000.0,-50824024231.0,2180000000000.0,513869696,0.26455965503092926
2026-01-06,1,-0.030121305,-103000000000.0,-72388513137.0,170000000000.0,-630000000000.0,498391270,0.11191791620398561
2026-01-07,1,0.110882181,-209000000000.0,-94664134975.0,-359000000000.0,1250000000000.0,553653981,0.13205972201306437
2026-01-08,1,-0.205124401,-185000000000.0,-151000000000.0,-855000000000.0,-107000000000.0,440086040,-0.056552169504922034
2026-01-09,1,-0.09285924,30207520740.0,52729192651.0,1170000000000.0,-1610000000000.0,399219985,-0.1571855835224092
2026-01-12,1,-0.011189583,68006389349.0,-50105642889.0,568000000000.0,-352000000000.0,394752880,-0.017167803622367472
2026-01-13,1,0.087138592,116000000000.0,2228284302.0,777000000000.0,-279000000000.0,429151090,0.08701137698962924
2026-01-14,1,0.282570404,-9543628245.0,14937573779.0,605000000000.0,-378000000000.0,550416487,-0.040491361354735744
2026-01-15,1,-0.009522389,5505542209.0,-31187586300.0,1460000000000.0,353000000000.0,545175207,-0.01666705248521083
2026-01-16,1,0.322337879,20716797370.0,-90074934450.0,511000000000.0,437000000000.0,720905827,0.12244070593036227
2026-01-19,1,-0.208161443,-40148109337.0,-119000000000.0,205000000000.0,549000000000.0,570841030,-0.0652822920904157
2026-01-20,0,0.169693788,-87352942950.0,-173000000000.0,-209000000000.0,116000000000.0,667709207,0.07268973336827855
2026-01-21,1,-0.101253269,-911081273.0,-56424073332.0,295000000000.0,446000000000.0,600101467,0.10499144386917436
2026-01-22,1,-0.052453446,-19319038527.0,-205000000000.0,316000000000.0,-248000000000.0,568624077,0.08894748601649738
2026-01-23,1,0.077340508,-85111772219.0,-272000000000.0,929000000000.0,145000000000.0,612601752,-0.09227527610917008
2026-01-26,0,-0.270483551,-195000000000.0,-173000000000.0,-953000000000.0,-166000000000.0,446903055,-0.27443684570176075
2026-01-27,1,0.065456091,-211000000000.0,-57240611682.0,570000000000.0,845000000000.0,476155582,0.22314355131420882
2026-01-28,1,0.24561971,-145000000000.0,-90013754751.0,-571000000000.0,393000000000.0,593108778,0.0808520966290942
2026-01-29,1,0.179647673,-118000000000.0,-120000000000.0,157000000000.0,-1490000000000.0,699659390,0.1499811115905345
2026-01-30,1,0.232800726,-128000000000.0,-30656185831.0,-30925756867.0,-1980000000000.0,862540604,-0.011204599012863525
2026-02-02,0,-0.336211653,25161573975.0,-39924652613.0,-2180000000000.0,-2530000000000.0,572544402,-0.10067666634540018
2026-02-03,1,0.174773779,345000000000.0,95780604221.0,1450000000000.0,717000000000.0,672610151,-0.06765864847381309
2026-02-04,1,0.174410358,97387857906.0,29002873357.0,1490000000000.0,-938000000000.0,789920328,0.013245226750019157
2026-02-05,0,0.154432991,-37381490389.0,-98472024855.0,-1880000000000.0,-5040000000000.0,911910087,0.06371581438610718
2026-02-06,0,-0.182195753,156000000000.0,132000000000.0,578000000000.0,-3330000000000.0,745763942,-0.08029994240164129
2026-02-09,1,-0.171778429,195000000000.0,-86295633100.0,2420000000000.0,439000000000.0,617657784,-0.12071374740446572
2026-02-10,1,0.153175576,-42186713608.0,-97722886851.0,744000000000.0,147000000000.0,712267871,-0.12869137242052275
2026-02-11,1,0.058263903,98025004975.0,-26289554822.0,522000000000.0,857000000000.0,753767377,0.09413899091386213
2026-02-12,1,-0.004182743,149000000000.0,72185511544.0,1080000000000.0,3010000000000.0,750614562,0.23247487874309414
2026-02-13,0,0.719469117,-93212124766.0,56325913582.0,181000000000.0,-927000000000.0,1290658558,-0.0475525402490824
2026-02-19,1,-0.081214633,59738858025.0,15370491816.0,1670000000000.0,-935000000000.0,1185838197,-0.06367309486114081
2026-02-20,1,0.475161353,-52697642592.0,-142000000000.0,1940000000000.0,-744000000000.0,1749302679,0.13569168726463232
2026-02-23,1,-0.155212554,-169000000000.0,-269000000000.0,533000000000.0,-1110000000000.0,1477788942,-0.033797379583290876
2026-02-24,1,0.084055233,-145000000000.0,-71765712033.0,2670000000000.0,-190000000000.0,1602004836,-0.01892800988552068
2026-02-25,1,-0.116572664,-307000000000.0,74951696394.0,1990000000000.0,-1310000000000.0,1415254864,0.11707507102504522
2026-02-26,1,-0.003979237,53949815743.0,-98071995959.0,1640000000000.0,-2110000000000.0,1409623229,0.09711128668514846
2026-02-27,0,-0.172787486,-226000000000.0,-228000000000.0,1100000000000.0,-7080000000000.0,1166057975,0.3445190978910837
2026-03-03,0,0.05242893,-49526905291.0,41182772768.0,-728000000000.0,-5170000000000.0,1227193147,-0.03900215780326732
2026-03-04,0,0.334432119,-129000000000.0,-72745993641.0,-583000000000.0,237000000000.0,1637605952,0.17503497299417603
2026-03-05,1,0.014108702,-109000000000.0,-87153061190.0,-1220000000000.0,-157000000000.0,1660710447,-0.3282391312174049
2026-03-06,1,-0.263556306,-178000000000.0,-175000000000.0,-598000000000.0,-1950000000000.0,1223019737,-0.3664991395747812
2026-03-09,0,-0.160898472,-199000000000.0,-102000000000.0,-1170000000000.0,-3200000000000.0,1026237730,0.05574198300823596
2026-03-10,1,-0.10039376,68223391071.0,-9321369642.0,745000000000.0,1030000000000.0,923209866,-0.14565275315686677
2026-03-11,1,0.138361225,34574324791.0,-89339267070.0,725000000000.0,-255000000000.0,1050946314,-0.07598590697792318
2026-03-12,0,-0.2375384,75972781322.0,-37404675330.0,-74636557600.0,-2390000000000.0,801306208,-0.11543616764656761
2026-03-13,0,0.13271996,-117000000000.0,28454594636.0,-950000000000.0,-1460000000000.0,907655536,0.0
2026-03-16,1,0.183113813,61546304743.0,41194926054.0,-104000000000.0,-852000000000.0,1073859802,-0.08356507834604088
2026-03-17,1,0.05700113,235000000000.0,84333393783.0,427000000000.0,-173000000000.0,1135071024,0.022676708671028223
2026-03-18,1,0.00766529,5529959875.0,95952881532.0,3100000000000.0,889000000000.0,1143771673,0.18753960814171933
2026-03-19,0,0.03532034,22655097073.0,-64937808613.0,-665000000000.0,-1880000000000.0,1184170077,-0.1566320706786435
2026-03-20,1,0.258945195,-79235923848.0,60613196498.0,457000000000.0,-1250000000000.0,1490805229,0.3908663086870128
2026-03-23,0,-0.244958612,-301000000000.0,-162000000000.0,-3020000000000.0,-3700000000000.0,1125619649,-0.22314355131420882
2026-03-24,1,0.039887642,9836232482.0,43456766681.0,1020000000000.0,-1980000000000.0,1170517963,-0.08834916983128949
2026-03-25,1,-0.347960798,36931488486.0,14664870051.0,2340000000000.0,-1290000000000.0,763223598,-0.01212136053234758
2026-03-26,0,0.212085915,-250000000000.0,-242000000000.0,318000000000.0,-2950000000000.0,925092573,0.039845908547199826
2026-03-27,0,-0.027036901,185000000000.0,-22801624440.0,418000000000.0,-3440000000000.0,900080937,-0.0771173033444299
2026-03-30,0,-0.191860368,73020339258.0,-81150069311.0,744000000000.0,-2100000000000.0,727391077,-0.13052206143381184
2026-03-31,0,0.599294306,35211304974.0,-29135483347.0,948000000000.0,-3850000000000.0,1163312408,0.35955540680408404
2026-04-01,1,-0.175670036,355000000000.0,-19186659596.0,3430000000000.0,-628000000000.0,958953275,-0.030666798392971373
2026-04-02,0,0.489290102,-21279690102.0,9098014731.0,-1690000000000.0,-141000000000.0,1428159621,0.14171580186801336
2026-04-03,1,-0.170135905,227000000000.0,-55740810705.0,284000000000.0,799000000000.0,1185178392,-0.40546510810816727
2026-04-06,1,-0.06300397,88929822132.0,-85005052024.0,760000000000.0,-156000000000.0,1110507448,-0.018182319083187792
2026-04-07,1,-0.108111258,73901897443.0,-81802493190.0,-392000000000.0,395000000000.0,990449091,0.08356507834604088
2026-04-08,1,-0.058396358,-85300447664.0,-208000000000.0,3000000000000.0,1950000000000.0,932610471,0.42634269312971895
2026-04-09,0,0.100923687,-4949986854.0,4883453765.0,504000000000.0,1720000000000.0,1026732958,-0.08027230243978423
2026-04-10,1,-0.02374461,-206000000000.0,-41563952931.0,86835035681.0,1060000000000.0,1002353584,-0.3460703906899347
2026-04-13,0,0.080667922,62410818785.0,-173000000000.0,-481000000000.0,-461000000000.0,1083211365,-0.09742211300746817
2026-04-14,1,-0.178839283,-35274451186.0,-25564504203.0,1350000000000.0,837000000000.0,889490621,0.2314807927520377
2026-04-15,1,0.038623827,-288000000000.0,-112000000000.0,821000000000.0,489000000000.0,923846153,0.15362339270721037
2026-04-16,1,0.002000856,-58335460213.0,-29881550978.0,1250000000000.0,475000000000.0,925694636,-0.15732025458853727
2026-04-17,0,-0.254894965,-36835894694.0,-75665160462.0,434000000000.0,-2000000000000.0,689739734,-0.09309042306601256
2026-04-20,1,0.004550587,-42265612859.0,8038782666.0,518000000000.0,-237000000000.0,692878455,-0.04149973090675019
2026-04-21,1,0.143088995,-17252123240.0,62175597531.0,975000000000.0,1150000000000.0,792021737,0.27596110715362343
2026-04-22,1,0.136509635,28171950706.0,99531346289.0,-410000000000.0,-682000000000.0,900140335,-0.003220614700040869
2026-04-23,1,0.158032874,-232000000000.0,19704265462.0,17672946443.0,-85974429987.0,1042392099,0.2697808621225377
2026-04-24,0,-0.157514076,44552649569.0,-20150505393.0,1040000000000.0,-1950000000000.0,878200671,-0.2959261422268611
2026-04-27,1,-0.040465103,-57967572105.0,-177000000000.0,1550000000000.0,867000000000.0,842664190,0.10071397560183115
2026-04-28,1,0.352225728,-75276024272.0,-27744712124.0,684000000000.0,-194000000000.0,1139472198,0.11844815041319379
2026-04-29,1,-0.370007043,108000000000.0,-2117024417.0,165000000000.0,-614000000000.0,717859460,-0.17701650456426066
2026-04-30,0,-0.045134413,-51584852115.0,35038595393.0,509000000000.0,-1460000000000.0,685459295,0.12796034757506547
2026-05-04,1,0.273611278,-48525429500.0,-50745653363.0,1920000000000.0,2950000000000.0,873008689,0.1762510268279236
2026-05-06,1,0.140528929,-457000000000.0,-159000000000.0,-828000000000.0,3110000000000.0,995691665,0.3401456419875224
2026-05-07,1,-0.22921695,-284000000000.0,49415739537.0,1760000000000.0,-6720000000000.0,767462258,-0.16056006501244013
2026-05-08,1,-0.318414889,-88730575062.0,-50195956799.0,1520000000000.0,-5310000000000.0,523090848,-0.22510241579954382
2026-05-11,1,0.397995763,-268000000000.0,-295000000000.0,1000000000000.0,-2840000000000.0,731278789,0.2387080678553204
2026-05-12,0,0.39637049,-35814357535.0,-186000000000.0,-620000000000.0,-5630000000000.0,1021136121,0.2587938947121984
2026-05-13,1,-0.276551562,-11519487397.0,-236000000000.0,1890000000000.0,-3760000000000.0,738739332,-0.28421070769632095
2026-05-14,1,0.150529705,-375000000000.0,-193000000000.0,1260000000000.0,-2170000000000.0,849941546,0.023484445233069806
