Date,Target,Log_Return,RSI_14,ATR_14__logdiff1,Volatility_20__logdiff1,MACD__diff1
2023-05-04,0,-0.009148871,36.82574769,0.003820657,0.037916467,-2.32841092
2023-05-08,1,-0.000183898,32.78127401,-0.039838834,-0.012853044,-1.990463705
2023-05-09,0,0.004894167,33.69876222,0.010262155,-0.095078653,-0.687509874
2023-05-10,0,-0.001254124,31.44964835,0.008924179,-0.073153638,-0.888921468
2023-05-11,0,-0.00541292,29.97524765,-0.009173457,-0.026393549,-1.866233732
2023-05-12,0,-0.002209524,27.60727819,0.027539917,-0.154437247,-1.969295965
2023-05-15,1,-0.006274189,27.0864247,-0.012107173,0.015353863,-2.830910905
2023-05-16,1,0.001586421,31.57958049,-0.02045449,-0.020138177,-1.917330723
2023-05-17,1,0.000358857,36.18419103,-0.005661505,-0.02262633,-1.422242564
2023-05-18,1,0.005797086,52.06589841,-0.10510856,0.037511682,0.061173488
2023-05-19,1,0.008279386,59.98688769,0.011000094,0.069838187,1.726861905
2023-05-22,1,0.008861841,62.76297897,-0.03206924,0.059417855,3.14384472
2023-05-23,1,0.007572374,65.6013143,0.009601465,0.028002584,3.970887916
2023-05-24,0,0.004086143,63.02829046,-0.008363439,-0.024764705,3.870008747
2023-05-25,0,-3.90E-05,73.13482867,-0.030211823,-0.051621779,2.90367337
2023-05-26,1,-0.004982307,67.3330856,0.024236744,-0.145914506,1.10357518
2023-05-30,1,0.001611467,65.52075439,-0.036330367,-0.008728893,1.02722832
2023-05-31,0,0.010384326,72.13415525,0.02684656,0.061041642,2.75774492
2023-06-01,0,-0.003254114,74.38145297,-0.004451379,0.019085973,1.28134866
2023-06-02,1,-0.003089683,73.2994618,-0.028165577,-0.03683707,0.14589975
2023-06-05,1,0.012451567,84.15593909,0.044423947,0.008570755,2.45672201
2023-06-07,1,0.005386413,84.98037261,-0.019594908,0.00472367,2.79210254
2023-06-08,0,7.27E-05,84.92613941,-0.02429821,-0.002973232,1.9174356
2023-06-09,1,-0.001817678,81.55445375,-0.010289996,0.003337124,0.81621524
2023-06-12,0,0.011542305,82.4658553,0.043082331,0.018765172,2.74092847
2023-06-13,1,-0.004481477,75.00273341,0.013132637,0.021920559,0.85768863
2023-06-14,0,0.003265377,73.4527911,-0.046524813,-0.070292392,1.00056324
2023-06-15,0,-0.007178941,64.24978767,0.027456005,0.082589587,-1.09021759
2023-06-16,1,-0.004032448,60.74252035,0.045941967,0.028760424,-2.05138145
2023-06-19,0,0.006591125,68.16189585,-0.019692812,0.004114115,-0.56418326
2023-06-20,0,-0.006223186,62.19037621,0.035878162,0.023429563,-2.06812873
2023-06-21,0,-0.00176054,55.21823402,-0.044137928,-0.029185836,-2.28953574
2023-06-22,1,-0.008589878,51.37971848,0.015951843,0.031548106,-3.8480746
2023-06-23,0,0.004277195,56.04814195,0.021535464,0.000942359,-2.3648927
2023-06-26,1,-0.009140562,41.95157152,0.001621109,0.056078399,-3.94159704
2023-06-27,0,0.004696883,41.36279706,0.018230284,-0.005080787,-2.28414834
2023-06-28,0,-0.000313758,41.13125053,-0.007711988,-0.000375991,-1.989397773
2023-06-29,0,-0.006685356,38.63717437,0.032108808,-0.039464698,-3.043252469
2023-06-30,1,-0.005541406,25.91178752,-0.018263796,0.011625081,-3.592529421
2023-07-03,1,0.005576539,33.02191957,0.006806805,0.01695549,-1.71401933
2023-07-04,0,0.014783234,41.98082806,0.06890155,0.037904263,1.686221234
2023-07-05,0,-0.003525908,43.90807808,-0.03606339,-0.011700311,0.553814886
2023-07-06,0,-0.005533348,43.13915168,-0.024285298,0.014051689,-0.750547241
2023-07-07,0,-0.008844723,34.2574794,0.032024254,0.034475651,-2.434007816
2023-07-10,0,-0.011638958,32.31207216,0.044288312,-0.040809393,-4.273263964
2023-07-11,1,-0.002381424,32.11720838,0.02353178,-0.003089369,-3.785345078
2023-07-12,1,0.016442817,46.05037752,0.042667437,0.152480878,0.453174698
2023-07-13,1,0.004761341,46.29470405,-0.004186059,-0.000575353,1.410720563
2023-07-14,1,0.00639188,54.24244088,-0.013518426,0.015617154,2.486284812
2023-07-17,0,0.014204609,58.41242658,0.035125409,0.062657241,4.940748259
2023-07-18,0,-0.003544702,56.65689205,0.007654831,-0.00992307,3.108415419
2023-07-19,1,-0.004354593,57.8487346,-0.01209493,0.006126318,1.471490792
2023-07-20,0,0.000237688,61.0633929,-0.009218508,-0.029916386,1.129476344
2023-07-21,1,-0.003075765,56.99769707,-0.018593069,-0.0016835,0.16022108
2023-07-24,1,0.003658372,51.59722193,-0.003028809,-0.033205987,0.798212568
2023-07-25,1,0.007166499,57.40475161,0.062928778,0.010499858,2.026060247
2023-07-26,0,0.003012328,62.41357922,0.00432386,0.001032534,2.10022381
2023-07-27,1,-0.016868394,57.13326979,0.069976384,0.095602968,-2.01612919
2023-07-28,1,0.00440708,66.425265,-0.022793403,-0.009292943,-0.786892792
2023-07-31,1,0.001730583,68.78649813,0.002886405,-0.007255657,-0.368461962
2023-08-01,1,0.009258021,66.24940711,-0.024887267,-0.045920546,1.539066034
2023-08-02,0,0.013016134,69.40701445,0.035209325,0.045683717,3.83209562
2023-08-03,0,-0.019154447,54.63936679,0.061533195,0.11420147,-1.2028551
2023-08-04,0,-0.004243735,45.34402791,-0.006286171,-0.019356805,-1.98131517
2023-08-07,0,-0.000994527,46.61541459,-0.00612965,-0.048928529,-1.891357036
2023-08-08,0,-0.008523268,44.61860989,0.000934221,0.02601119,-3.354898118
2023-08-09,1,-0.002611208,43.3122464,0.019858791,-0.077817197,-3.238006945
2023-08-10,0,0.012025453,50.87552125,0.027184902,0.039639264,-0.088547168
2023-08-11,0,-0.001367497,48.49982625,-0.051154529,-0.010918085,-0.388119365
2023-08-14,0,-0.00396704,42.96340888,-0.03087781,-0.070265724,-1.156066954
2023-08-16,0,-0.007899839,38.17306168,0.013220746,0.016232018,-2.549448559
2023-08-17,0,-0.017749955,38.01808122,-0.018426733,0.089552624,-5.59364071
2023-08-18,0,-0.002295039,34.60920172,0.027481039,-0.001001477,-4.768701245
2023-08-21,1,-0.006110301,31.69606078,0.015294333,0.005282308,-4.8306822
2023-08-22,1,0.001715457,26.52483491,-0.024592396,-0.005584562,-3.25665923
2023-08-23,0,0.00276242,17.95081001,-0.024712008,-0.019843876,-1.77574769
2023-08-24,1,-0.004078676,21.65231611,-0.089601244,-0.008568898,-1.96573181
2023-08-25,0,0.012761935,34.38640028,-0.000522466,-0.004870818,1.29174714
2023-08-28,1,-0.00733272,32.03023069,0.052627046,0.000812701,-0.21685531
2023-08-29,1,0.009588135,42.06247526,-0.005636384,0.036067892,2.0187099
2023-08-30,1,0.003434359,45.39622591,-0.047887995,-0.028915786,2.50915162
2023-08-31,0,0.003543671,39.78591983,-0.021504592,-0.067207514,2.88954054
2023-09-01,1,-0.001934524,39.53025316,0.01324988,-0.132307767,2.0370292
2023-09-04,1,0.002906241,43.54587976,-0.024204819,0.002218063,2.33426068
2023-09-05,0,0.008096018,53.19803711,-0.017654667,0.035445542,3.609490655
2023-09-06,0,-0.000917454,66.53023992,-0.106414721,-0.032645533,2.715942327
2023-09-07,0,-0.007322847,61.8134335,-0.052913673,0.021874842,0.671093599
2023-09-08,0,-0.005900353,61.90424324,-0.018978266,-0.066270527,-0.638719326
2023-09-11,1,-0.000227663,60.79516491,0.003125687,0.000336095,-0.500952025
2023-09-12,0,0.003604605,61.28108828,-0.025859481,0.005408566,0.392867452
2023-09-13,0,-0.007970972,58.07694748,0.049301008,0.000542952,-1.264580633
2023-09-14,1,-0.00074148,49.08082089,-0.039612183,-0.193895734,-1.079363893
2023-09-15,1,0.014954471,64.78679505,0.008086906,0.133227528,2.274522071
2023-09-18,0,0.010973904,65.56735372,0.044187301,0.019136044,4.094539222
2023-09-19,0,-0.010262864,55.53810858,0.042577038,0.074402272,1.090325807
2023-09-20,1,-0.006042177,49.52172261,0.003828795,0.022980202,-0.394342641
2023-09-21,0,0.000207085,50.84341239,-0.014006341,-0.011807397,-0.273503208
2023-09-22,0,-0.017644824,39.97285767,0.076821188,0.074606141,-3.789390701
2023-09-25,0,-0.002723455,33.31730887,0.012337825,-0.018247243,-3.475069937
2023-09-26,0,-0.004944113,31.92354674,0.030142174,-0.037636102,-3.630327759
2023-09-27,1,-0.013225369,30.16324278,0.021189808,0.051744979,-5.33955635
2023-10-04,0,0.000852305,32.66950265,0.00027816,-0.00917221,-3.83458716
2023-10-05,0,-0.024383492,26.2407807,0.09948557,0.171092235,-7.51618661
2023-10-06,1,-0.000869086,23.72648568,0.017403164,-0.009551756,-5.74481105
2023-10-10,0,0.002131975,26.88316435,-0.036281624,-0.032181399,-3.71558065
2023-10-11,1,-0.002556437,26.47438567,0.055862944,-0.001969721,-2.98319689
2023-10-12,1,0.019577516,28.83393041,0.049107833,0.139314364,1.90436887
2023-10-13,0,0.012065295,29.16352549,-0.018870064,0.042039752,4.29520317
2023-10-16,0,-0.009590961,29.45558439,-0.002209582,0.014034503,1.85877652
2023-10-17,1,-0.00813918,29.01321244,0.012463285,0.000755113,0.22867587
2023-10-18,1,0.009774558,34.26366149,0.031585916,0.022216925,2.446121
2023-10-19,0,0.000987321,40.44450107,-0.064135798,0.001183493,2.44047932
2023-10-20,0,-0.019187227,35.29732844,0.045446742,-0.002618995,-1.51894996
2023-10-23,0,-0.017033078,32.36669131,0.058651057,-0.009915171,-4.12512445
2023-10-24,1,-0.00759932,33.82987143,-0.026165345,-0.005188628,-4.29958478
2023-10-25,0,0.011176078,38.4147644,0.065237537,0.047367927,-0.83981005
2023-10-26,0,-0.00857029,43.20679562,-0.068811164,0.001424976,-1.85532259
2023-10-27,1,-0.027494828,36.06250928,0.078184753,0.067352082,-6.11981779
2023-10-30,1,0.001621065,35.82290592,0.020868407,0.005770962,-3.98107658
2023-10-31,0,0.003355471,37.73424052,-0.038287746,0.009273235,-1.94016942
2023-11-01,1,-0.014192142,26.11254686,-0.024218015,0.003208091,-3.53387659
2023-11-02,1,0.010293708,24.8248973,0.008630524,0.028530101,-0.26461852
2023-11-03,1,0.017896245,34.80497248,0.044416017,-0.011816442,3.73488055
2023-11-06,1,0.0107059,41.00044267,-0.012105663,0.021914876,5.52234569
2023-11-07,0,0.055049005,54.32964322,0.177847006,0.32702154,15.53985328
2023-11-08,0,-0.023618671,48.28460889,0.103324354,0.047067542,7.85988173
2023-11-09,1,-0.009182872,50.5608514,0.000340978,-0.02193727,4.63064253
2023-11-10,0,0.002252135,55.38551415,-0.039006792,-0.012221964,4.26548922
2023-11-13,0,-0.007203299,55.44971325,0.018077476,-0.00278967,2.10559555
2023-11-14,1,-0.00245144,52.18980415,-0.031220468,-0.004062592,1.30837117
2023-11-15,1,0.01219363,57.43129403,0.016917585,0.004468054,3.491980301
2023-11-16,1,0.021716622,70.35258804,-0.014704726,0.036089262,7.071930942
2023-11-17,0,0.000607057,70.20908158,-0.014287893,-0.030935324,5.655182118
2023-11-20,1,-0.007394032,66.97498602,-0.001242999,-0.021533532,2.898081607
2023-11-21,1,0.008607043,73.27570032,-0.019557902,-0.004962327,3.870264752
2023-11-22,1,0.007685536,73.01944365,-0.011855068,-0.003914615,4.41793593
2023-11-23,1,0.000509757,70.39043753,-0.038382515,-0.010485787,3.36556976
2023-11-24,0,0.001297088,68.72924145,-0.020139992,-0.090425424,2.66065944
2023-11-27,0,-0.007315108,48.9590454,-0.199719419,0.012804698,0.35577215
2023-11-28,1,-0.000388588,61.84260122,-0.132949533,0.001831642,-0.06925373
2023-11-29,0,0.010403886,72.54998763,-0.055921647,-0.032023297,1.75797365
2023-11-30,1,-0.000773549,71.21678297,-0.005693808,0.00010854,0.93191743
2023-12-01,0,0.006124519,79.00188356,-0.014754205,-0.019721281,1.66452415
2023-12-04,1,-0.012015314,71.00886311,-0.012695265,0.019720331,-1.43083631
2023-12-05,0,0.003960173,68.44911708,-0.046582048,-0.463139247,-0.63123975
2023-12-06,1,-0.008252781,52.01678073,-0.08796608,-0.158513144,-2.43939403
2023-12-07,0,0.000440853,51.91224091,-0.011352279,-0.04135865,-2.09161951
2023-12-08,1,-0.001327257,56.41307856,-0.0173025,0.00269355,-2.14707885
2023-12-11,1,0.010291684,57.49991412,-0.0186386,-0.002977744,0.15449555
2023-12-12,1,0.002978268,54.50114818,-0.031127621,-0.009022051,0.49852529
2023-12-13,0,0.003916479,56.75013529,-0.027258404,-0.040475461,0.95382825
2023-12-14,1,-0.009754516,48.90271117,0.033157816,-0.151107877,-1.45405649
2023-12-15,1,0.013262739,61.26086539,0.042823532,0.084771655,1.31315569
2023-12-18,1,0.00758857,64.79049559,0.023163937,-0.021354998,2.33826604
2023-12-19,1,0.001286464,60.90745696,-0.028696033,-0.025708396,1.83202701
2023-12-20,1,0.000658152,61.8026086,-0.027353208,-0.022602193,1.28608156
2023-12-21,0,0.017654838,66.68639731,0.057881853,0.130059123,4.35845282
2023-12-22,0,-0.005477249,71.51984481,-0.011964191,0.023095125,1.92719206
2023-12-26,1,-0.000196175,70.00760196,0.003643255,-0.035040534,1.0988589
2023-12-27,1,0.001184167,77.95387124,-0.01450153,-0.002385094,0.72374612
2023-12-28,1,0.004183182,79.01643277,0.023608769,-0.031440288,1.04620865
2024-01-02,1,0.015859802,83.71963756,0.069663107,0.079861354,3.74950108
2024-01-03,0,0.005457209,82.92593901,0.011881106,-0.001771415,3.6509467
2024-01-04,0,-0.02368827,64.33943677,0.116318035,0.165426568,-2.61272013
2024-01-05,0,-0.007812419,58.73770559,0.022442163,0.024983275,-4.12320046
2024-01-08,0,-0.003461676,62.01956014,-0.013353206,-0.020590456,-4.35421628
2024-01-09,0,-0.00398765,54.5956685,-0.032779153,0.00864067,-4.59089548
2024-01-10,0,-0.002565804,49.52535455,0.031999056,0.002412795,-4.4304542
2024-01-11,0,-0.007548215,45.2219779,0.026342885,-0.004671845,-5.26576736
2024-01-12,0,-0.000672915,44.5694724,0.008004699,-0.001644417,-4.46020236
2024-01-15,1,-0.006009498,30.58517249,-0.048586307,0.006338426,-4.855954735
2024-01-16,0,0.000372177,32.90378598,-0.016735164,-0.028696213,-3.821568831
2024-01-17,0,-0.011306759,29.14894382,0.031210518,-0.019849022,-5.308102239
2024-01-18,1,-0.025010044,22.49427739,0.113988259,0.127655745,-9.067909095
2024-01-19,1,0.001698191,20.72309214,0.003011305,0.000823136,-6.65886701
2024-01-22,0,0.013312395,18.21633589,-0.009719898,0.054545627,-2.41728055
2024-01-23,1,-0.003398723,13.44389249,-0.016226071,-0.098337888,-2.34437521
2024-01-24,0,0.005769842,22.35588646,-0.099529246,0.016838195,-0.4537093
2024-01-25,1,-0.00360535,23.50390784,-0.007057083,-0.001025816,-0.8163787
2024-01-26,1,0.000263216,24.72320581,0.004694306,-0.001597231,-0.3277742
2024-01-29,1,0.003321941,28.85638775,0.055357481,-0.002894263,0.66263153
2024-01-30,0,0.008872889,36.63002242,-0.011391861,-0.059454912,2.53746771
2024-01-31,0,-0.000736017,39.68065736,0.003105344,-0.020741721,2.06851849
2024-02-01,1,-0.000688553,39.67875854,-0.003539779,-0.157093425,1.6870978
2024-02-02,1,0.018006012,53.63722145,0.05444759,0.127235245,5.12549252
2024-02-05,0,0.028250559,64.34906682,0.108035091,0.209535392,9.953136004
2024-02-06,0,-0.009219098,65.27179375,0.034310411,0.016020223,5.896118002
2024-02-07,1,-0.005848136,76.95382378,-0.06453482,0.00626263,3.359515636
2024-02-08,1,0.012873893,79.28152661,0.047345462,0.015491471,5.202030878
2024-02-13,1,0.004107155,77.58093305,-0.037056127,0.00054711,4.78026375
2024-02-14,0,0.011127267,82.11595898,0.020052334,0.003963122,5.87749548
2024-02-15,0,-0.011089161,73.36780252,0.054946562,0.032986464,2.00032878
2024-02-16,1,-0.002529461,73.92825031,0.010599813,-0.030219193,0.74272358
2024-02-19,1,0.01328649,76.59495182,0.023948932,-0.161125753,3.06586611
2024-02-20,0,0.011822199,78.113883,-0.026173452,0.012652265,4.57504509
2024-02-21,0,-0.008418843,71.87974208,-0.003711409,0.019342501,1.40001621
2024-02-22,1,-0.001687026,71.35513192,-0.005179392,-0.005459128,0.3316023
2024-02-23,1,0.004122167,72.53221878,0.005325627,-0.001104387,0.72242317
2024-02-26,0,0.001286553,69.03113121,-0.037319871,-0.01257727,0.41970302
2024-02-27,0,-0.007759484,55.73860569,-0.068780137,0.03064623,-1.74075676
2024-02-28,1,-0.008357213,56.13812389,-0.036143533,0.032147016,-3.52607811
2024-02-29,0,0.01032347,63.25752259,-0.002409356,0.004534007,-0.95427898
2024-03-04,1,-0.003750935,56.21966416,-0.055195842,0.007116259,-1.89358365
2024-03-05,0,0.012003955,59.47523641,0.044855313,0.014609004,0.72972454
2024-03-06,0,-0.009343291,49.95718123,-0.002291148,-0.019717187,-1.75275399
2024-03-07,1,-0.002990014,54.06868915,-0.061964798,-0.199128158,-2.32479056
2024-03-08,1,0.002318019,56.54312567,-0.007715598,-0.034909679,-1.62647092
2024-03-11,0,0.012286252,56.16488873,0.012379501,0.022180514,1.06110654
2024-03-12,1,-0.007681416,45.8364031,-0.030000357,-0.016689155,-1.09239875
2024-03-13,1,0.008225958,54.90765903,-0.023454017,0.015164784,0.6215474
2024-03-14,1,0.004375515,57.98810491,-0.01204544,-0.033492827,1.14282972
2024-03-15,0,0.009308421,60.23364087,0.016370506,-0.035644863,2.60955167
2024-03-18,1,-0.019281614,49.86339222,0.049742063,0.145081156,-2.42225985
2024-03-19,0,0.007099277,56.1897202,-0.0349266,-0.036550868,-0.67952855
2024-03-20,1,-0.011108355,54.85126177,0.012420651,-0.00354872,-3.18891724
2024-03-21,1,0.012707991,55.77913349,0.005045215,0.028058968,-0.0419155
2024-03-22,0,0.023773467,64.71510559,0.091784767,0.135677844,4.87717275
2024-03-25,0,-0.002289504,60.41496673,-0.033319592,0.002440428,3.01014481
2024-03-26,1,-0.004006469,62.86140826,-0.007760129,0.006936418,1.13894362
2024-03-27,0,0.007105117,66.31017222,0.047587119,-0.014028498,2.0937703
2024-03-28,0,-0.000718399,65.34561878,-0.020419905,-0.025472769,1.10289355
2024-03-29,1,-0.003377628,60.01712322,-0.057578681,-0.009778678,-0.26914155
2024-04-01,1,0.000294883,64.13099907,-0.007220152,-0.007487729,-0.53534438
2024-04-02,1,0.000447803,61.53308364,-0.007271541,-0.028501973,-0.70427005
2024-04-03,0,0.001926845,60.64522038,0.002819642,-0.034566138,-0.5039545
2024-04-04,1,-0.016919394,48.04080666,0.046944316,0.087275361,-4.44871317
2024-04-05,0,0.012857664,63.23236752,-0.027676799,0.031079206,-1.00955249
2024-04-08,1,-0.010186661,54.84474292,0.030729221,0.001469345,-3.31483602
2024-04-09,0,0.00126658,61.53210665,-0.048762047,-0.017266779,-2.59191344
2024-04-11,1,-0.004606473,53.06430854,0.002100661,-0.006595089,-3.2667474
2024-04-12,0,0.000665192,36.85217128,-0.021116283,-0.003979912,-2.61828945
2024-04-15,0,-0.009330526,33.39799221,0.021572293,-0.001909755,-4.22945543
2024-04-16,0,-0.004256211,33.33163623,0.019710119,-0.093652774,-4.346719432
2024-04-17,0,-0.023031079,19.61837675,0.058925688,0.116505762,-8.330589117
2024-04-18,1,-0.009800187,17.88836399,0.052190524,-0.005639639,-8.536968241
2024-04-19,0,0.019361089,31.92462757,0.083753386,0.052151538,-2.54109134
2024-04-22,1,-0.016393499,27.85269249,0.109203582,-0.110892324,-5.26201914
2024-04-23,0,0.014395067,34.65103783,0.02337677,0.072564175,-0.9185892
2024-04-24,1,-0.00244454,33.18082944,-0.001741865,-0.000764444,-1.01510081
2024-04-25,0,0.019903382,46.03223066,0.013849921,0.084060408,3.63936352
2024-04-26,1,-0.017770677,36.02041652,0.012198971,0.04698165,-0.72147962
2024-04-29,1,0.010486462,42.86208059,-0.005060844,0.026938481,1.84025738
2024-04-30,1,0.011643546,46.51243281,0.019207977,0.027585047,4.09756195
2024-05-02,0,0.001717676,48.45970877,-0.02246981,0.000874682,3.706267435
2024-05-03,0,-0.00312895,47.30113701,-0.069808072,-0.000896743,2.318008968
2024-05-07,1,-0.002619275,49.37275653,-0.009584919,-0.042513456,1.314820123
2024-05-08,1,0.021338947,56.94787752,0.028884651,0.04938035,5.679123891
2024-05-09,0,0.003901863,66.51627714,-0.090469722,-0.015247837,5.281229621
2024-05-10,1,-0.012061356,65.32748609,-0.006521353,0.023989357,1.431233674
2024-05-13,0,0.005695106,62.15120136,-0.049753474,0.001247156,2.259525078
2024-05-14,1,-0.000153963,69.90614836,-0.115971319,3.51E-05,1.61355497
2024-05-16,1,0.001147081,66.51284031,-0.054605452,-0.015663731,1.37225974
2024-05-17,0,0.00826505,70.19826546,0.047116051,0.003187797,2.72550405
2024-05-20,1,-0.010362214,58.21594625,-0.059541165,-0.081229689,-0.31687227
2024-05-21,0,0.006409586,71.19487578,-0.036228708,-0.026610942,0.96462184
2024-05-22,0,-0.006571158,63.14664613,-0.027009111,-0.04373623,-0.87264376
2024-05-23,0,-0.000264324,57.91091865,-0.014710147,-0.078368395,-0.92688233
2024-05-24,0,-0.000605995,56.62023405,0.018213016,-0.037751141,-1.03299676
2024-05-27,1,-0.012648483,50.78849441,0.064386763,0.04782022,-3.70174638
2024-05-28,0,0.013081899,58.31244545,0.020225455,-0.055157213,-0.19833689
2024-05-29,0,-5.14E-05,47.39909458,-0.099720831,-0.111956667,-0.28552499
2024-05-30,0,-0.016870319,36.77426304,0.069190988,0.074943778,-3.973043514
2024-05-31,1,-0.015758713,35.53264288,0.006904375,0.028033154,-6.522493833
2024-06-03,1,0.000409744,31.82669064,-0.005575528,-0.001530313,-5.020168097
2024-06-04,0,0.017296785,42.45738142,0.067006213,0.080987424,-0.20256678
2024-06-05,1,-0.007641337,39.1177934,0.021572516,0.011887679,-1.724239667
2024-06-07,1,0.010239981,40.02448469,-0.016747949,-0.093307108,0.917902763
2024-06-10,0,0.012257685,49.69817697,0.025155206,0.03950878,3.437783402
2024-06-11,1,-0.007928004,43.7364278,0.003566964,-0.021382637,1.011738471
2024-06-12,1,0.001535246,46.98954818,-0.009929141,-0.008979986,1.145626767
2024-06-13,1,0.008410796,50.70220445,-0.000468132,0.020161558,2.72918395
2024-06-14,1,0.009746449,54.58881669,0.038173907,0.023364995,4.24748814
2024-06-17,0,0.001280548,60.73809355,-0.046854461,-0.016262299,3.538728426
2024-06-18,1,-0.005204836,53.41930871,-0.040869219,-0.022215064,1.519185022
2024-06-19,1,0.007196746,56.25359665,0.027510754,0.002773993,2.64299979
2024-06-20,1,0.012015485,68.97829576,-0.022846567,0.01857341,4.57749083
2024-06-21,0,0.003675251,80.24384094,-0.058707866,0.000585024,4.19739178
2024-06-24,0,-0.008358537,74.06508365,0.002969889,0.023159361,1.16585962
2024-06-25,1,-0.007039158,64.65474321,-0.068285413,-0.032358408,-0.91624623
2024-06-26,1,0.003487891,70.81527972,-0.018827118,-0.037968564,-0.20854186
2024-06-27,0,0.006345246,69.72195955,-0.016155054,0.007533574,0.98650003
2024-06-28,1,-0.002865796,63.07232423,-0.025456063,-0.101091021,-0.13462127
2024-07-01,1,0.004930252,71.28205514,-0.049561057,-0.129089505,0.72358421
2024-07-02,0,0.002316973,71.57496161,0.011913921,-0.002890043,0.80777686
2024-07-03,1,-0.008397269,61.453914,0.010563483,-0.049164338,-1.52383704
2024-07-04,1,0.004717572,59.03719646,-0.067006568,-0.046288238,-0.413588
2024-07-05,1,0.011009261,63.64013192,0.036478335,0.006873662,1.87932843
2024-07-08,0,0.01311393,72.1374898,0.076915751,0.009384854,4.16171507
2024-07-09,1,-0.00156293,68.65906975,-0.039615899,-0.052825226,2.57119994
2024-07-10,1,0.003360575,65.38410396,-0.039457684,-0.000897115,2.41974457
2024-07-11,1,0.000212753,63.8453483,-0.010170236,-0.015860253,1.55477979
2024-07-12,0,0.008112122,74.56533062,-0.005354605,-0.013099833,2.67419734
2024-07-15,1,-0.011951432,69.81829203,0.056949113,0.110170883,-1.08290438
2024-07-16,1,0.001371101,69.05527652,0.02232808,-0.026072075,-0.96128275
2024-07-17,0,0.001805538,67.25391938,-0.03791112,-0.014807602,-0.75530578
2024-07-18,0,-0.007986916,62.91144226,-0.009042533,-0.015523782,-2.81656255
2024-07-19,0,-0.006683562,55.65551562,0.077547418,0.023490081,-4.09148094
2024-07-22,0,-0.010281626,48.27785738,0.063602484,0.019406604,-5.83746983
2024-07-23,1,-0.011495044,46.7319486,0.033484659,0.04136594,-7.38297374
2024-07-24,0,0.003893258,46.25210078,0.019569539,0.001427212,-5.10104276
2024-07-25,0,-0.005631708,36.63265346,-0.002926795,-0.007539711,-5.357874151
2024-07-26,1,-0.017574743,20.68089133,0.01791258,0.116494342,-8.08903252
2024-07-29,1,0.00780888,27.13966311,0.031886922,0.016504941,-4.607638735
2024-07-30,0,0.012235007,32.98479886,0.050782449,0.056874611,-0.839953833
2024-07-31,1,-0.009935212,30.09328424,0.040941405,0.008478188,-2.742212671
2024-08-01,1,0.011799269,31.99965327,0.017144595,0.039084025,0.57223215
2024-08-02,0,0.002519657,37.11502113,-0.046463801,-0.039137188,1.127511694
2024-08-05,0,-0.037221903,27.21467985,0.165642057,0.250266377,-7.103963014
2024-08-06,1,-0.091761016,16.56324294,0.39150925,0.681820461,-24.09381189
2024-08-07,1,0.03247857,26.81767777,0.12220027,0.068444296,-11.98304354
2024-08-08,0,0.018175323,32.22539359,0.0407274,0.023316266,-5.09735166
2024-08-09,1,-0.004557906,33.01458695,0.004468949,-0.008132392,-4.26647897
2024-08-12,1,0.012322397,37.53878448,0.003513066,0.011686161,-0.10638603
2024-08-13,1,0.011473783,39.19123247,0.001015945,0.009234448,3.00818877
2024-08-14,1,0.001221402,40.32656276,-0.001055593,-0.000283924,3.28656673
2024-08-16,1,0.008735338,45.16554032,-0.022814706,0.005989733,5.04670644
2024-08-19,0,0.019743302,47.57766391,0.027506493,0.019828012,8.73984333
2024-08-20,1,-0.008515174,43.53285217,-0.009365368,-0.00097827,5.50296976
2024-08-21,1,0.008292662,47.03057308,-0.001021541,0.000181922,6.50512941
2024-08-22,1,0.001667359,44.82285432,-0.01687524,-0.000702062,5.79863278
2024-08-23,0,0.002418297,44.78587354,-0.002438903,-0.000295208,5.34176665
2024-08-26,0,-0.002210976,52.21415919,-0.094173809,-0.011289747,3.92420026
2024-08-27,0,-0.001363014,87.18110809,-0.344357957,-0.002646383,2.95233077
2024-08-28,1,-0.003252124,80.59998033,-0.208763176,-0.006861635,1.75200138
2024-08-29,0,0.000215679,76.70222762,-0.124732751,-0.003066635,1.536684771
2024-08-30,1,-0.010295114,71.69760376,-0.025866223,-0.003972275,-0.893521387
2024-09-02,1,0.004508516,69.20741596,-0.051487026,0.000892021,0.370038671
2024-09-03,0,0.002498434,65.64529001,-0.01385432,-0.056756986,0.929800494
2024-09-04,0,-0.006124692,60.09831942,0.005699661,-0.819455235,-0.481784523
2024-09-05,0,-0.03196572,38.39200469,0.122997486,0.071097752,-6.963638686
2024-09-06,0,-0.002055757,23.18128715,8.53E-05,-0.065759398,-5.69817247
2024-09-09,0,-0.012195976,22.35865149,0.025374949,0.028927697,-6.70945996
2024-09-10,0,-0.003287307,13.70497357,0.043247141,-0.036879195,-5.60094081
2024-09-11,0,-0.004941347,11.26518162,0.003929025,-0.038145895,-4.99966086
2024-09-12,1,-0.003994531,8.286842817,0.022962488,-0.001580898,-4.2769377
2024-09-13,1,0.023094303,27.31411878,0.066300388,0.116094458,1.82474493
2024-09-19,1,0.001289878,28.51230546,-0.015477111,-0.103169307,2.16508579
2024-09-20,1,0.002090737,30.76514047,0.054287643,-0.006251291,2.5722144
2024-09-23,1,0.004858786,33.58965754,0.025508703,-0.014961202,3.43463491
2024-09-24,1,0.003325994,39.04140602,-0.043722436,0.003815283,3.75766105
2024-09-25,0,0.011338173,42.71602713,0.016958618,0.038047752,5.64553104
2024-09-26,1,-0.013527315,36.82227708,0.06478728,0.032521753,1.87273371
2024-09-27,0,0.028571256,50.91275129,0.069909901,0.168679995,7.71907552
2024-09-30,0,-0.008189711,60.84114803,-0.087392453,0.008056285,4.470490324
2024-10-02,0,-0.021556994,52.40558255,0.03311998,0.060930144,-0.895327524
2024-10-04,1,-0.012252461,52.35453808,-0.01593205,0.005135905,-3.10040022
2024-10-07,1,0.003125863,54.57253538,-0.038272565,-0.002224086,-1.63370693
2024-10-08,0,0.015702723,60.9357373,0.046675837,0.038170705,2.13858011
2024-10-10,1,-0.00615586,60.03569754,-0.006785521,3.88E-05,0.54744931
2024-10-11,0,0.001848383,53.87166025,-0.066616476,-0.146973341,0.95541933
2024-10-14,1,-0.000866039,53.08447563,0.010934809,-0.000761917,0.7017884
2024-10-15,1,0.010107027,55.74951223,-0.02971439,-0.015868124,2.778961899
2024-10-16,0,0.003865485,55.45898982,-0.034188412,-0.003652328,3.080787678
2024-10-17,0,-0.008806571,51.0942357,0.030839291,0.011952354,0.629749998
2024-10-18,0,-0.000406179,46.82950112,-0.02654276,-0.005066849,0.459606473
2024-10-21,1,-0.005950286,49.62469176,-0.06957404,-0.083421649,-0.829241699
2024-10-22,0,0.004270216,37.60732414,-0.104165443,0.002858461,0.290755655
2024-10-23,1,-0.013223718,35.94578459,0.018980832,0.035581606,-2.450323628
2024-10-24,0,0.011187109,51.25125318,-0.077861055,0.019499298,0.466851073
2024-10-25,1,-0.00717677,54.01647415,-0.038537698,0.006972226,-1.042925199
2024-10-28,1,0.00086749,52.88537065,0.010161112,-0.026916294,-0.552254503
2024-10-29,1,0.011224751,50.45868653,-0.050693867,-0.008195763,1.985925757
2024-10-30,0,0.002053493,55.506992,-0.016781003,-0.199878465,2.054135474
2024-10-31,0,-0.009214147,48.84284955,0.029265657,0.004620063,-0.259546646
2024-11-01,0,-0.01461796,42.37903215,0.033847006,-0.075319077,-3.156606336
2024-11-04,1,-0.005409356,34.12078947,-0.022152404,-0.040183622,-3.487818356
2024-11-05,0,0.018167276,42.36473268,0.063317453,0.106160501,1.110638617
2024-11-06,0,-0.004680783,44.02736173,-0.018021793,-0.073942691,0.018144259
2024-11-07,1,-0.005201902,42.17504639,0.066643241,-0.003350978,-0.940096506
2024-11-08,0,0.000436756,44.75430162,0.019400808,-0.001750313,-0.52426442
2024-11-11,0,-0.001357835,41.91270802,0.031292939,0.000148234,-0.5594354
2024-11-12,0,-0.011581159,42.65833153,-0.008275907,-0.007616063,-2.65548825
2024-11-13,0,-0.019580838,29.54025019,0.021822845,0.08397995,-5.83095401
2024-11-14,1,-0.026734109,25.37915368,0.088798649,0.134734547,-9.5606787
2024-11-15,0,0.000736167,25.27592433,-0.007090333,0.002081298,-7.00760472
2024-11-18,1,-0.000827178,17.97398111,0.024110915,0.000636715,-5.22901513
2024-11-19,1,0.021372368,28.88374653,0.073182342,0.110916386,0.54849799
2024-11-20,1,0.001165704,31.59733822,-0.028979299,-0.019890502,1.13362599
2024-11-21,0,0.004174244,37.84156783,-0.043356403,-0.026865331,2.17425686
2024-11-22,1,-0.000669024,39.41560556,-0.000202715,-0.004657293,2.00750367
2024-11-25,1,0.008274092,33.48518022,-0.029921184,0.018739031,3.63052428
2024-11-26,0,0.013146678,42.57905698,0.030289726,0.010198852,5.85710065
2024-11-27,0,-0.005531492,42.48861448,-0.050159284,9.27E-05,3.77914597
2024-11-28,1,-0.006887784,39.85369755,-0.022170465,-0.005550375,1.84320284
2024-11-29,0,0.000642951,40.63474611,-0.043968025,-0.034072415,1.81391616
2024-12-02,0,-0.019659629,38.19394873,0.042938567,0.061774914,-2.24781021
2024-12-03,1,-0.000582411,44.85812322,-0.032346575,-0.081606223,-1.6288396
2024-12-04,0,0.018415852,66.38896279,-0.043078557,0.081901462,2.62795139
2024-12-05,0,-0.014544724,57.84767714,0.056349151,0.026985562,-0.5858956
2024-12-06,0,-0.009030057,54.06010892,-0.012084582,0.00676779,-1.98435394
2024-12-09,0,-0.005622256,42.40239107,-0.003356519,0.001352631,-2.38254924
2024-12-10,1,-0.028226348,33.32438939,0.104521602,0.087237107,-6.96626341
2024-12-11,1,0.023967231,41.53867752,0.073193612,0.054254548,-0.51937086
2024-12-12,1,0.010151587,45.28055974,0.016360769,-0.080873244,1.937753
2024-12-13,1,0.016086878,47.73922005,0.024749169,0.03358258,5.03257706
2024-12-16,0,0.004959176,45.04101698,-0.017347131,0.001027588,5.2245398
2024-12-17,0,-0.002203299,46.01253174,0.016721161,-0.060525687,3.89307612
2024-12-18,1,-0.013005174,44.33862573,0.009710591,0.026156187,0.67802588
2024-12-19,0,0.011179445,47.67077857,0.027690021,0.01622066,2.92014288
2024-12-20,0,-0.019714644,47.69932372,0.004957335,0.051484287,-1.42873132
2024-12-23,1,-0.013132216,44.58315247,0.017586897,0.005517788,-3.48590025
2024-12-24,0,0.015625105,43.64176447,-0.005245155,0.010409979,0.4974216
2024-12-26,0,-0.000610335,47.21932772,-0.05982313,-0.001682077,0.47355005
2024-12-27,0,-0.004455726,48.51786582,-0.026815076,-0.002571874,-0.29722453
2024-12-30,0,-0.01030114,47.22940541,-0.034928732,0.008559048,-2.01850273
2025-01-02,0,-0.002198062,55.40701095,-0.051846114,-0.042978385,-1.77896156
2025-01-03,1,-0.000229262,46.88219142,-0.065840013,7.27E-05,-1.1936934
2025-01-06,1,0.017757634,49.90820322,0.046044609,-0.00350169,2.75093435
2025-01-07,1,0.01895175,50.99229573,0.003289174,0.023088814,6.10845177
2025-01-08,1,0.001389434,49.63085623,0.00590786,-0.012796624,5.218451908
2025-01-09,1,0.011549733,54.67503191,0.024697338,0.007023639,6.495059092
2025-01-10,0,0.000337046,60.43808903,-0.025710886,-0.145905783,5.179628906
2025-01-13,0,-0.002429641,55.39978874,-0.011786378,-0.083522854,3.534004516
2025-01-14,1,-0.010476895,60.00524701,-0.056254217,0.014074913,0.600997508
2025-01-15,0,0.00314414,69.10313991,-0.049272482,-0.050386214,1.013230807
2025-01-16,1,-0.000236211,63.2495564,-0.024711725,-0.005200633,0.652205119
2025-01-17,0,0.012212771,68.42666093,0.035651901,0.029631877,2.856372714
2025-01-20,0,-0.001560052,70.49074452,-0.012737274,-0.043237701,1.78903412
2025-01-21,0,-0.001387898,77.75431873,-0.045216225,-0.023566388,0.96750737
2025-01-22,1,-0.000801901,78.99431746,0.002607931,-0.120882948,0.43089644
2025-01-23,0,0.011462914,81.79916055,0.022675715,-0.050778533,2.48249125
2025-01-24,1,-0.012472164,66.60802605,-0.053542058,0.011812898,-0.77262022
2025-01-31,0,0.008435852,62.28076729,-0.04621887,0.013438906,0.90424126
2025-02-03,0,-0.007688711,55.95852417,0.018449264,0.016755737,-1.04219687
2025-02-04,1,-0.025515801,36.39051086,0.077094518,0.160200459,-6.06449961
2025-02-05,1,0.011240805,42.64657295,0.071796113,0.01951873,-2.658205816
2025-02-06,1,0.011052126,48.89612158,0.008175252,0.017149806,0.028079301
2025-02-07,0,0.010891852,57.96777768,-0.009184192,-0.037875436,2.124413649
2025-02-10,0,-0.005863249,54.04460446,-0.007152281,-0.065133209,0.367469636
2025-02-11,1,-0.000257735,54.03389847,-0.006343637,5.02E-05,0.11794097
2025-02-12,1,0.007027264,51.99118915,-0.018651262,-0.021722549,1.39129122
2025-02-13,1,0.003671731,54.20045809,0.012843661,0.002896945,1.69978399
2025-02-14,1,0.013555552,59.65253142,0.030227301,0.039454942,3.95152635
2025-02-17,1,0.003045921,60.96988627,-0.046516185,-0.038627582,3.52481916
2025-02-18,1,0.00744788,59.80316757,-0.027121872,0.007529184,4.06689649
2025-02-19,1,0.006259107,68.07260003,-0.017893039,0.00224323,4.20755477
2025-02-20,0,0.016877402,70.3271047,0.05647568,0.029181884,6.52893907
2025-02-21,1,-0.006557041,70.7476817,-0.031599998,0.016835757,3.31385962
2025-02-24,0,0.000195914,87.64026108,-0.142355364,-0.00247681,2.19145838
2025-02-25,0,-0.003513333,82.96920885,-0.067971824,0.006275839,0.50294454
2025-02-26,1,-0.005679026,75.69645608,-0.012912258,-0.007245532,-1.2779982
2025-02-27,0,0.004097623,73.84370763,0.001120591,-0.054006551,-0.60223307
2025-02-28,0,-0.00734971,72.35234695,0.03148604,0.01294317,-2.47026578
2025-03-04,0,-0.034524508,51.84674214,0.149341767,0.247407069,-9.46019358
2025-03-05,1,-0.001525222,48.29865977,0.016109182,-0.129346178,-8.03943344
2025-03-06,1,0.011484174,51.53346879,0.02531058,0.001021618,-4.19661669
2025-03-07,0,0.007023407,48.83488976,-0.021203879,-0.01324448,-2.02988452
2025-03-10,1,-0.004934181,45.48963503,0.036264707,-0.014450877,-2.7589672
2025-03-11,0,0.002691894,43.17290196,0.016720942,-0.009025049,-1.736022039
2025-03-12,1,-0.012838806,35.59130219,0.081672934,0.039788964,-4.081713735
2025-03-13,0,0.014560864,33.99430543,-0.022740597,0.031745014,-0.288166513
2025-03-14,0,-0.000458458,35.93069414,0.02513856,-0.001659713,-0.37598973
2025-03-17,1,-0.002832603,34.92274633,-0.000190289,-0.035703823,-0.927090837
2025-03-18,1,0.017125937,44.72188146,0.031126962,0.057204911,2.768706584
2025-03-19,1,0.000631873,47.14399919,0.00643004,-0.010069629,2.228074717
2025-03-20,1,0.006212633,48.04992009,0.004731138,-0.000112165,2.946167753
2025-03-21,1,0.003220827,52.48488298,-0.015649916,-0.058356307,2.85297559
2025-03-24,0,0.002283911,74.42130868,-0.122898578,-0.006657643,2.55199205
2025-03-25,0,-0.004193142,72.12296195,-0.034131399,0.003264642,0.92382331
2025-03-26,1,-0.006196811,63.09846161,0.020028217,0.005131759,-0.77716576
2025-03-27,0,0.010696383,64.71693332,0.016465597,0.018640674,1.44008113
2025-03-28,0,-0.014012573,58.58329063,0.012163862,0.034994826,-2.01796799
2025-03-31,0,-0.019039756,47.90831842,0.056394549,0.053197587,-5.69183795
2025-04-01,1,-0.030507759,41.71165374,0.027010048,-0.046502556,-10.71424605
2025-04-02,0,0.016100176,42.22876858,0.013948037,0.050981226,-5.183406632
2025-04-03,0,-0.006178262,40.536686,-0.012677307,-0.020410847,-5.242304716
2025-04-04,0,-0.007675521,39.23508561,0.092164045,-0.00577197,-5.51831083
2025-04-07,0,-0.008594364,29.06465677,0.041249443,0.006561978,-5.84077488
2025-04-08,1,-0.057266731,20.5565883,0.163054315,0.355953857,-15.27562637
2025-04-09,0,0.002586648,18.83236991,0.031380633,-0.001551323,-11.0661724
2025-04-10,1,-0.017515851,15.95408026,0.041152254,-0.020485122,-11.35624963
2025-04-11,0,0.063903474,34.75563743,0.149827407,0.310360501,3.85337312
2025-04-14,1,-0.005059726,34.68727871,0.034782987,0.000295923,2.66712611
2025-04-15,1,0.009479216,37.84504869,-0.009910887,-0.012521861,4.54004303
2025-04-16,0,0.008724447,37.21418725,-0.007367684,0.006212949,5.82407356
2025-04-17,1,-0.012175158,37.60745705,-0.006496152,-0.000242328,2.65544707
2025-04-18,1,0.009345627,42.91767581,-0.036421551,0.005985784,4.36736966
2025-04-21,1,0.005252518,50.20742137,-0.070788922,0.002064434,4.86352368
2025-04-22,0,0.002011329,46.82437596,-0.037824714,0.001155915,4.55784841
2025-04-23,1,-0.000715581,48.09836538,-0.018055765,-0.000429408,3.72556092
2025-04-24,0,0.015530485,53.70011432,-0.037953132,0.007418195,6.27776652
2025-04-25,1,-0.001279735,55.6116632,-0.063787951,-0.007139412,4.84341145
2025-04-28,1,0.009458236,77.6903058,-0.169851131,-0.011039428,5.834230092
2025-04-29,1,0.001004898,77.49198655,-0.064774193,-0.05167163,4.836112334
2025-04-30,0,0.006475935,87.08170159,-0.0445607,-0.011180311,5.115788493
2025-05-02,1,-0.003439973,74.9184943,-0.274856216,-0.001817785,3.252820346
2025-05-07,1,0.001243035,79.59665047,-0.06358234,-0.004608379,2.712607715
2025-05-08,1,0.005458186,78.68723924,-0.027784563,-0.005561969,3.12238916
2025-05-09,0,0.002204396,76.90732372,-0.026897673,-0.28823689,2.74335256
2025-05-12,1,-0.000857114,90.09893823,-0.047575279,0.003014006,1.78573013
2025-05-13,1,0.011596032,90.5137826,0.012528245,-0.055561888,3.58935253
2025-05-14,1,0.000417905,89.79381828,-0.001211529,-0.833098626,2.65052841
2025-05-15,0,0.012250185,91.29807839,0.051747952,-0.001527581,4.36252194
2025-05-16,1,-0.007301521,83.40618174,0.020268335,0.05120544,1.55700947
2025-05-19,0,0.00209976,80.11067123,-0.071781218,-0.017489282,1.31317818
2025-05-20,0,-0.008967133,71.5149827,0.029190093,-0.053243578,-1.20303852
2025-05-21,1,-0.000622403,66.70684242,-0.017914225,-0.0199502,-1.41927332
2025-05-22,0,0.009098322,70.47836395,0.042560535,0.022645163,0.45368903
2025-05-23,0,-0.012228023,56.96946043,0.023043163,0.121575895,-2.52658247
2025-05-26,1,-0.000609297,59.07695229,-0.032631895,-0.000292557,-2.41324719
2025-05-27,0,0.019979626,67.29769066,0.070464377,0.065253162,2.00193899
2025-05-28,1,-0.002718839,63.33809826,-0.010429123,0.005388752,0.69269555
2025-05-29,1,0.012409293,67.10819441,0.09667881,0.021779197,2.85868827
2025-05-30,0,0.018732493,72.88281288,0.074701103,0.094948688,5.92391587
2025-06-02,1,-0.008478699,64.75274936,0.001589675,0.038695943,2.39788458
2025-06-04,1,0.000481799,64.77693146,0.034470821,-0.010379044,1.54406806
2025-06-05,1,0.026280347,68.81917179,0.071886122,0.146829295,6.48704842
2025-06-09,1,0.014763217,75.90122684,0.067157442,0.026138976,7.8400029
2025-06-10,1,0.015427744,78.16745439,0.073160239,0.024230961,9.01089392
2025-06-11,1,0.00561494,83.64210714,0.004484127,-0.008255133,7.62067871
2025-06-12,1,0.012178939,85.28624673,0.019823813,0.001684691,7.96906696
2025-06-13,0,0.004458505,84.90979243,-0.007434972,-0.005630539,6.38026886
2025-06-16,1,-0.008740018,86.23901974,0.030182392,0.030898582,1.99953433
2025-06-17,1,0.017818414,88.06934233,0.074426662,0.000399663,4.72287241
2025-06-18,1,0.001234581,86.67693531,0.031286789,0.001524454,2.94177855
2025-06-19,1,0.007392158,88.79394243,0.039657369,-0.050951713,2.96863106
2025-06-20,1,0.001865585,88.03514274,-0.019933529,-0.007115296,1.6523755
2025-06-23,0,0.014701326,87.84302755,-0.001178171,0.01316239,3.67750816
2025-06-24,1,-0.002441929,91.42692225,0.02862907,-0.07093545,1.1163557
2025-06-25,1,0.029151564,93.02893676,0.07692155,0.087272528,6.7982323
2025-06-26,0,0.001484285,91.86539155,-0.037597647,-0.018462674,4.4268601
2025-06-27,0,-0.009273118,84.2566325,0.022070725,0.040666211,-0.1379153
2025-06-30,1,-0.00769953,77.02441867,-0.004737919,0.040479212,-3.3083041
2025-07-01,1,0.00514392,77.00454527,-0.008069409,-0.030600805,-2.613091
2025-07-02,0,0.005826646,75.88081338,0.034204187,-0.048879835,-1.8639333
2025-07-03,1,-0.004733352,71.87280627,0.039884756,0.020762662,-3.8515121
2025-07-04,0,0.013312348,79.93732103,-0.018020147,-0.085193791,-0.9135736
2025-07-07,1,-0.020092885,64.15532152,0.012801033,0.124037859,-6.83383357
2025-07-08,1,0.001697794,64.3008644,-0.048776301,-0.027696394,-6.0352526
2025-07-09,1,0.017971396,67.18840297,0.014203013,0.041392164,-1.32906492
2025-07-10,1,0.006014091,68.20218343,-0.020533282,-0.012956213,-0.55356774
2025-07-11,0,0.015669222,68.59716592,-0.000269041,0.026996803,2.50932295
2025-07-14,1,-0.00234627,68.58296539,-0.005735699,-0.025547633,0.3374113
2025-07-15,1,0.008234864,63.25691586,-0.083561036,-0.035050344,1.32183817
2025-07-16,0,0.004129462,64.09292176,-0.017889628,-0.001968277,1.04021357
2025-07-17,1,-0.009029015,64.0574618,-0.061183476,0.032959305,-2.55469163
2025-07-18,0,0.0018531,68.82092938,-0.004324904,8.32E-06,-2.56520924
2025-07-21,1,-0.0013228,66.59159609,0.007965117,-0.024460854,-3.35231769
2025-07-22,0,0.007107521,67.04176928,-0.063456285,-0.002419519,-1.78014288
2025-07-23,1,-0.012810618,62.42663188,0.011564314,-0.125236279,-5.60240604
2025-07-24,1,0.004353394,59.52366518,0.027559651,0.002864305,-4.16966322
2025-07-25,1,0.002095922,72.76553643,-0.026373863,-0.033145458,-3.57000845
2025-07-28,1,0.00175373,72.80283564,-0.023629444,-0.028772049,-3.14565021
2025-07-29,1,0.004205712,68.36522697,-0.013698067,-0.001452685,-2.1495318
2025-07-30,1,0.006537214,68.6404927,0.06235094,0.001777185,-0.73992245
2025-07-31,0,0.007370814,65.21309352,-0.012070924,-0.009327728,0.60024324
2025-08-01,0,-0.002778511,64.77870882,0.023724098,-0.030108596,-0.98349891
2025-08-04,1,-0.039607063,37.68629997,0.143896363,0.303200574,-11.5464479
2025-08-05,1,0.009044059,40.36855377,0.026999868,0.0111407,-7.37625389
2025-08-06,1,0.015837703,51.56217794,0.036881874,-0.012177691,-2.27714872
2025-08-07,1,4.37E-05,50.79883261,-0.03384863,-0.004152591,-2.2535604
2025-08-08,0,0.009194234,55.05911584,-0.007492325,-0.028928853,0.13591293
2025-08-11,0,-0.005489536,49.89647405,0.008546547,0.005628983,-1.75957823
2025-08-12,0,-0.001009849,55.27999485,-0.057962775,-0.01215919,-2.07349181
2025-08-13,1,-0.00527153,50.87263953,-0.007673591,0.00154902,-3.38231105
2025-08-14,1,0.010744943,54.46811439,-0.026987953,0.005992368,-0.2752663
2025-08-18,0,0.000399935,53.94514106,0.010715811,-0.00032867,-0.48390765
2025-08-19,0,-0.015112059,46.07001858,-7.37E-05,0.043930772,-4.60411197
2025-08-20,0,-0.008127907,40.47727641,-0.030185858,-0.000222634,-5.97209546
2025-08-21,1,-0.006835801,34.92072325,0.044582757,-0.020036009,-6.63678798
2025-08-22,1,0.003714997,37.50722793,-0.035826239,-0.001132568,-4.43988441
2025-08-25,1,0.008554087,57.80381431,-0.140168115,0.014075733,-1.44435597
2025-08-26,0,0.012896485,59.44526083,-0.018594494,0.029471765,2.04701603
2025-08-27,1,-0.009547403,46.98422454,-0.054127733,0.012011481,-0.95499059
2025-08-28,1,0.002450258,48.26649974,4.53E-07,-0.007079713,-0.240851898
2025-08-29,0,0.002869959,44.70844326,0.032313758,-0.00924065,0.429921288
2025-09-01,0,-0.003230816,45.84717552,-0.00208355,0.000331667,-0.602623092
2025-09-02,1,-0.013613889,40.29195888,0.048539941,-0.326751369,-4.018861711
2025-09-03,1,0.009317205,47.4279633,-0.037275053,0.001616244,-0.866107691
2025-09-04,1,0.003797475,43.73761959,-0.029245751,-0.085578163,0.22979606
2025-09-05,1,0.005140031,46.28396129,-0.013881417,0.010754849,1.432028662
2025-09-08,1,0.001339392,54.80001111,-0.057164812,-0.034360808,1.390782424
2025-09-09,1,0.004504482,62.20268515,-0.054490354,-0.003280582,2.154691941
2025-09-10,1,0.012488498,71.82438682,-0.068352752,0.056322311,4.801917227
2025-09-11,1,0.016573295,75.36774826,0.046189661,0.065734033,7.93963755
2025-09-12,1,0.008911645,75.56006495,-0.015764443,-0.009703353,8.32833526
2025-09-15,1,0.01523533,76.26603066,0.021773061,0.053094718,10.26663491
2025-09-16,1,0.003460324,84.04980107,-0.011990487,-0.110744587,8.51166042
2025-09-17,0,0.012340973,85.54055153,0.045184628,-0.030206044,9.47592384
2025-09-18,1,-0.010555281,77.3882841,-0.008998423,0.037620083,3.85888993
2025-09-19,0,0.013935422,81.72343711,0.039742862,0.031167045,6.12456008
2025-09-22,1,-0.00465069,87.15063887,-0.035674261,0.023059524,2.72762366
2025-09-23,1,0.006771876,86.95798344,0.011783378,-0.024263418,3.18372385
2025-09-24,0,0.005043991,87.13356125,0.012907135,-0.07108676,3.03653357
2025-09-25,0,-0.004038345,83.58040278,0.066464599,0.026678539,0.36660216
2025-09-26,0,-0.000296629,83.18981983,0.012815614,0.007008893,-0.69074872
2025-09-29,1,-0.024810394,67.65964964,0.152854197,0.226386754,-8.21455543
2025-09-30,0,0.013248893,67.97897314,0.019804981,-0.052894831,-3.62774473
2025-10-01,1,-0.001928252,62.85474455,-0.05799119,0.002463752,-4.12253046
2025-10-02,1,0.009077977,62.98960631,0.003783229,0.006894672,-1.44463965
2025-10-10,1,0.02666235,66.28791133,0.092139299,0.113057425,5.62771304
2025-10-13,0,0.017148958,69.49649957,0.057811533,0.023712743,8.55270805
2025-10-14,0,-0.007241034,63.35701639,0.058816842,0.031810533,3.77161859
2025-10-15,1,-0.006364098,65.09430214,0.087195531,0.01275001,0.24681964
2025-10-16,1,0.026450851,68.17390241,0.059495887,0.057120543,6.91226668
2025-10-17,1,0.0246014,74.67643532,0.064398635,0.055118756,11.70631839
2025-10-20,1,0.000138657,73.69615346,0.037885408,-0.010463154,8.10395425
2025-10-21,1,0.01739962,75.68093207,0.060117487,0.020792588,10.3967797
2025-10-22,1,0.002395788,77.70690493,0.022085293,-0.005610073,7.5555905
2025-10-23,0,0.015527964,79.74592101,0.059269641,-0.025539576,9.2871066
2025-10-24,1,-0.009863889,85.53555967,-0.023262387,0.026836505,2.7234211
2025-10-27,1,0.024664966,86.59060271,0.047263908,0.032673119,8.2513131
2025-10-28,0,0.025360744,89.02721627,0.067851318,0.042507411,12.90386
2025-10-29,1,-0.008051503,84.95662352,0.028487622,0.027801861,5.7396166
2025-10-30,1,0.017485329,84.51465572,-0.02957367,-0.004136192,8.290497
2025-10-31,1,0.001405476,83.30931026,0.005977003,-0.003045281,5.009386
2025-11-03,1,0.005030308,86.85289453,-0.021270082,-0.154664155,3.5678484
2025-11-04,0,0.027463615,91.19504368,0.002647062,0.045376516,9.8772101
2025-11-05,0,-0.024002724,78.81981738,0.008916761,0.129928661,-2.4032295
2025-11-06,1,-0.02887673,65.38704858,0.126275988,0.136762336,-13.3685858
2025-11-07,0,0.005486351,66.25933683,0.038493539,-0.035053823,-10.6910617
2025-11-10,1,-0.018218055,58.08142443,0.043872504,0.037665315,-16.02746
2025-11-11,1,0.029771722,62.84559712,0.039967572,0.035660564,-4.6959554
2025-11-12,1,0.008105581,61.79520977,0.020240851,-0.013832816,-2.6511912
2025-11-13,1,0.010658008,66.04452123,-0.008959485,-0.031796805,-0.1534396
2025-11-14,0,0.004864737,63.10055882,-0.026355686,-0.03185353,-0.090168
2025-11-17,1,-0.038884373,48.32292526,0.037246486,0.148847974,-14.3426674
2025-11-18,0,0.019178876,54.03381404,0.005056104,0.003661232,-6.4604846
2025-11-19,0,-0.033729935,43.88129123,0.038342243,0.0835324,-17.2275289
2025-11-20,1,-0.006116906,42.57992066,0.021358474,-0.009124195,-16.57075786
2025-11-21,0,0.018991412,45.39781461,0.039119495,0.011047502,-7.93400422
2025-11-24,0,-0.038586605,34.0075438,0.029105529,0.051731641,-19.17959297
2025-11-25,1,-0.001870283,36.99032719,-0.016630345,-0.040303692,-16.25336707
2025-11-26,1,0.003042633,42.3138239,-0.082238678,-0.000362098,-12.26623485
2025-11-27,1,0.026371832,46.83183005,-0.014472179,0.023350636,-1.71384289
2025-11-28,0,0.006552745,51.67706718,-0.055768911,0.002978694,0.42676952
2025-12-01,0,-0.015245086,42.10854893,-0.043922855,0.007303276,-4.79006238
2025-12-02,1,-0.00158532,39.69120342,-0.02465105,-0.051768175,-4.50707842
2025-12-03,1,0.018839973,41.66700473,0.006141574,0.000263516,2.20996686
2025-12-04,0,0.010302403,42.95913157,0.000257318,-0.041914365,4.79981317
2025-12-05,1,-0.00193186,51.05523811,-0.076195877,-0.001491786,2.85258842
2025-12-08,1,0.017602538,50.67793722,0.01375493,-0.005692579,7.62278269
2025-12-09,0,0.013277229,64.05846085,-0.04730369,-0.045142046,9.93790018
2025-12-10,0,-0.002723489,65.22591027,-0.06250242,-0.003045869,6.36550503
2025-12-11,0,-0.002065533,60.23046537,-0.069121018,-0.007645996,3.71349075
2025-12-12,1,-0.005913431,75.28693308,-0.091572708,0.000108384,0.33058454
2025-12-15,0,0.013660889,78.76108478,-0.020995553,-0.11263808,4.13154257
2025-12-16,0,-0.018545551,68.68250151,0.001238228,0.004397411,-3.55605208
2025-12-17,1,-0.022612427,53.12866097,-0.000307177,-0.060670745,-10.72638868
2025-12-18,0,0.014221516,55.40704402,0.003005602,0.012169659,-4.35661787
2025-12-19,1,-0.015377404,55.27115568,0.007375805,-0.007418501,-8.82363966
2025-12-22,1,0.006497801,57.54275712,-0.02375726,-0.185719967,-5.20773672
2025-12-23,1,0.021013592,58.22345086,0.010798715,0.044051554,2.41826531
2025-12-24,0,0.002770111,56.28138021,-0.030395561,2.60E-05,2.4631203
2025-12-26,1,-0.002115189,56.20210644,-0.024005152,-0.079126065,0.86762368
2025-12-29,1,0.00511273,52.48848293,-0.067460526,-0.001828871,1.98170166
2025-12-30,0,0.02176787,55.20326825,0.019201132,0.006683934,8.40164387
2026-01-02,1,-0.001515197,55.63590708,0.006326162,-0.000112534,5.57633615
2026-01-05,1,0.022399389,62.23875918,0.053561891,0.018385776,11.42402208
2026-01-06,1,0.033740536,70.72430082,0.079931508,0.110751356,20.05781829
2026-01-07,1,0.015131083,71.11838618,0.067427133,0.004934541,20.217413
2026-01-08,1,0.005636541,78.87430202,0.008023027,-0.017677701,16.7313224
2026-01-09,1,0.000287816,89.11374454,-0.007084875,-0.00608404,11.8733146
2026-01-12,1,0.007429919,88.74236893,0.021175613,-0.006293076,10.5356072
2026-01-13,1,0.008353052,97.71525146,0.003561927,-0.005804818,9.7280924
2026-01-14,1,0.01456438,97.85127535,0.006089726,-0.009422253,11.3282569
2026-01-15,1,0.006470031,97.66898079,-0.027750423,-0.00683296,9.4701612
2026-01-16,1,0.015639946,97.8758955,0.049680869,-0.08401141,11.4156196
2026-01-19,1,0.00896232,99.14214883,0.023017435,-0.18362242,10.3161292
2026-01-20,0,0.013118155,99.18882215,0.044456386,-0.002067711,10.9907769
2026-01-21,1,-0.003863001,96.46540545,0.016277942,-0.113006847,4.7865685
2026-01-22,1,0.004936916,97.42221139,0.048668454,0.003806934,3.3085791
2026-01-23,1,0.008638793,97.22203692,0.007564324,-0.037201104,3.5822621
2026-01-26,0,0.007551389,96.68458152,-0.039809376,-0.012728351,3.3522501
2026-01-27,1,-0.008145189,89.06037655,-0.03709075,0.051967503,-3.0899801
2026-01-28,1,0.026960836,90.89904404,0.054650627,0.070522395,5.9170658
2026-01-29,1,0.016763811,91.94404392,0.002835596,-0.022404793,8.9736505
2026-01-30,1,0.009707476,92.12029808,0.065368103,-0.037617274,8.4326408
2026-02-02,0,0.000595439,91.73242449,0.025636761,-0.01616765,4.1370555
2026-02-03,1,-0.054011384,63.89064957,0.142001262,0.50563003,-21.4362455
2026-02-04,1,0.066134354,72.90818228,0.156443746,0.270675858,7.68025
2026-02-05,0,0.015577502,73.09517059,0.020995211,0.003061404,10.0317925
2026-02-06,0,-0.039404581,61.48001574,0.081688525,0.11334378,-11.4179544
2026-02-09,1,-0.014519282,56.51154815,0.077222442,0.019046864,-17.475482
2026-02-10,1,0.040228064,62.83153619,0.050396038,0.050745989,0.5795333
2026-02-11,1,0.000688678,62.35040798,-0.010751074,-0.001354767,-1.6546233
2026-02-12,1,0.009909878,62.59100861,0.002892263,0.00057128,0.5346542
2026-02-13,0,0.030853506,65.41304772,0.029249986,0.020499082,11.4159604
2026-02-19,1,-0.002767228,66.38275155,0.007817904,0.003388674,5.2096192
2026-02-20,1,0.030445177,67.06004507,-0.007679227,0.019997952,15.0854921
2026-02-23,1,0.022860529,67.89799029,0.013385853,0.003067823,19.5431289
2026-02-24,1,0.006445545,67.66421439,-0.015813159,-0.000341263,15.3366481
2026-02-25,1,0.020913612,69.72579647,0.028197583,0.005295776,18.7258155
2026-02-26,1,0.018952694,82.80602841,-0.045627747,0.003080798,20.4234277
2026-02-27,0,0.036063599,81.58065068,-0.044973815,0.009574381,30.231068
2026-03-03,0,-0.010061136,77.38916134,0.024894939,0.007347939,14.71189
2026-03-04,0,-0.07517966,67.08895455,0.088043728,0.199651889,-28.6523549
2026-03-05,1,-0.128489065,50.08934246,0.162531666,0.2994107,-81.9365967
2026-03-06,1,0.091914362,55.20911986,0.11733285,0.098799671,-27.9222967
2026-03-09,0,0.000173737,55.16533346,0.042332637,-0.038637871,-24.3248278
2026-03-10,1,-0.061476951,48.30175641,0.096767771,0.001548423,-47.8705908
2026-03-11,1,0.052071806,50.16462724,0.042765472,0.027607109,-16.814893
2026-03-12,0,0.01388581,51.61025555,0.026015069,-0.018711576,-8.5142834
2026-03-13,0,-0.004770798,48.4604602,-0.017049944,-0.003153158,-10.2150542
2026-03-16,1,-0.017345605,44.67638885,0.013578919,-0.011100477,-16.96012473
2026-03-17,1,0.011345478,45.13186357,-0.006201909,0.001005711,-9.39802856
2026-03-18,1,0.016198247,44.53171414,-0.006271272,0.001571475,-1.13099411
2026-03-19,0,0.049216549,47.50271084,0.027555395,0.015717683,20.8283115
2026-03-20,1,-0.02768933,41.27691736,-0.009962658,0.010189842,2.1885203
2026-03-23,0,0.003114924,42.46849746,-0.028852534,-0.009356905,1.9019413
2026-03-24,1,-0.067148106,43.55652195,-0.016599922,0.040879162,-29.72900437
2026-03-25,1,0.027040769,59.40964403,-0.124646929,0.00848628,-12.40202643
2026-03-26,0,0.015771855,51.4261972,-0.126782089,-0.002234361,-3.46216798
2026-03-27,0,-0.032742798,47.20430296,-0.010823224,0.00296903,-17.96020602
2026-03-30,0,-0.003961688,54.88602972,-0.080579685,-0.018851318,-16.33808425
2026-03-31,0,-0.030156774,42.88675548,-0.019388719,0.005212736,-26.04753525
2026-04-01,1,-0.043539321,35.64611708,0.007109555,-0.035883404,-38.40495907
2026-04-02,0,0.080992637,47.76745069,0.11651278,-0.118461743,4.2889739
2026-04-03,1,-0.045682563,44.91612001,0.063516196,-0.100195257,-15.82858116
2026-04-06,1,0.027001033,46.64399593,0.020736181,0.015020769,-0.46619478
2026-04-07,1,0.013489818,46.27620034,-0.011057158,-0.065482334,5.97360206
2026-04-08,1,0.00812234,40.69959098,-0.0358511,-0.052901452,8.67102047
2026-04-09,0,0.066454653,52.15752,0.068220933,0.08205278,37.25847297
2026-04-10,1,-0.016193873,49.93876736,0.012186922,0.005209025,21.5877941
2026-04-13,0,0.01389748,59.80532832,-0.068516667,-0.004814254,23.03948686
2026-04-14,1,-0.008613731,55.75551745,-0.035451959,0.001032883,13.45534933
2026-04-15,1,0.027026931,57.12809065,0.009297173,0.007502629,22.49574106
2026-04-16,1,0.020506349,64.17571437,0.006390025,-0.035133757,26.49121647
2026-04-17,0,0.02186575,66.83114896,-0.031110958,-0.010729415,30.1987314
2026-04-20,1,-0.005496868,70.68321198,-0.069123114,0.001644593,19.294641
2026-04-21,1,0.004378365,78.97234816,-0.04470765,-0.115563456,15.4216812
2026-04-22,1,0.026871268,75.89737617,-0.105459575,-0.000167968,23.5559886
2026-04-23,1,0.004600826,88.40524707,-0.121826128,-0.001927018,18.4988351
2026-04-24,0,0.008978042,87.72537558,0.026990765,-0.042005686,16.592981
2026-04-27,1,-2.78E-05,87.06581495,-0.006550641,-0.002270976,10.2791252
2026-04-28,1,0.021298418,87.89672039,0.004713616,-0.042211151,16.349824
2026-04-29,1,0.003921269,84.11927051,-0.148451784,-0.100267508,11.8728218
2026-04-30,0,0.007482811,92.18491153,-0.004166883,-0.211672735,10.1356231
2026-05-04,1,-0.01384994,83.84621981,0.005809517,-0.168184514,-2.6613652
2026-05-06,1,0.049969557,90.85189808,0.097417399,0.085830989,21.6567858
2026-05-07,1,0.062523345,92.43242769,0.113678497,0.134092447,49.193698
2026-05-08,1,0.014184105,92.34925012,0.022883371,-0.002536423,42.9191505
2026-05-11,1,0.001060871,91.71340893,0.020055645,-0.151222861,29.7331547
2026-05-12,0,0.04233467,94.91883416,0.118099089,-0.00488306,44.294521
2026-05-13,1,-0.023161179,86.20502761,0.148734713,0.087569692,15.046492
2026-05-14,1,0.025940344,86.42235907,0.079104933,-0.022316951,22.2693169
