Target,US_Interest_Rate_3Y__diff1,KR_Interest_Rate_3Y__diff1,US_Spread_10Y_3Y__diff1,KR_Spread_10Y_3Y__diff1
1,0.0,-0.0009999999999998,0.0,0.0009999299999999
0,0.0,-0.0009999999999998,0.0,0.0009999299999999
0,-0.0899999999999998,-0.0539999999999998,0.03,0.0060000429999999
1,-0.1099999999999998,-0.0710000000000001,0.1,0.025000097
0,0.2299999999999999,0.0510000000000001,-0.0799999999999999,-0.019000055
0,-0.0300000000000002,-0.0050000000000003,0.0399999999999999,0.0130000109999999
0,-0.1200000000000001,0.0170000000000003,0.02,0.006000044
0,0.0100000000000002,-0.0529999999999999,-0.05,0.00399995
1,0.0899999999999998,0.0049999999999998,-0.0199999999999999,-0.023000005
1,0.02,0.0539999999999998,0.0199999999999999,0.0039999479999999
1,0.0700000000000002,-0.0369999999999999,-0.03,0.0079998969999999
1,0.0599999999999996,0.032,-0.03,-0.0159997939999999
1,0.1400000000000001,0.0419999999999998,-0.0599999999999999,0.006000044
1,0.04,0.024,0.0099999999999999,0.027999876
1,0.0,-0.0189999999999996,0.02,-0.002000096
0,0.0100000000000002,0.052,-0.0299999999999999,0.02300024
0,0.0499999999999998,0.0049999999999998,-0.02,0.02399993
1,0.1699999999999999,0.1019999999999998,-0.07,-0.007000205
1,0.0200000000000004,0.044,-0.0499999999999999,-0.0019998549999999
0,-0.1300000000000007,0.036,0.02,-0.02399993
0,-0.0599999999999996,-0.1009999999999999,0.0099999999999999,-0.0180001259999999
1,-0.06,0.0190000000000001,0.03,-0.001999854
1,0.1499999999999999,-0.0420000000000002,-0.07,-0.0120003229999999
1,-0.0300000000000002,0.0659999999999998,0.03,2.379999999996274e-07
0,0.1100000000000003,-0.0309999999999996,-0.01,-0.007999895
1,-0.04,0.072,-0.02,0.03799987
0,0.0600000000000005,-0.0370000000000003,-0.0399999999999999,0.0179998839999999
1,-0.0700000000000002,-0.0129999999999999,0.0499999999999999,-0.0239999289999999
0,0.1399999999999996,-0.0089999999999998,-0.03,0.0110001549999999
0,0.0700000000000002,0.0609999999999999,-0.08,-0.004000186
1,-0.1399999999999996,0.0809999999999999,0.03,-0.0309998989999999
0,0.0899999999999998,-0.0409999999999999,-0.04,0.013000015
0,0.0,-0.0019999999999997,0.0,-0.022000078
0,-0.0300000000000002,-0.016,0.0,0.025000098
1,0.0,0.004,-0.0199999999999999,-0.025000098
0,0.08,0.0209999999999999,0.0,0.0050001149999999
1,-0.0499999999999998,0.0169999999999999,-0.01,-0.0009999269999999
0,-0.0200000000000004,-0.0409999999999999,0.0,-0.011000157
0,0.08,-0.0300000000000002,-0.03,0.021999837
0,-0.0599999999999996,0.0190000000000001,0.0,-0.0109996799999999
1,0.1699999999999999,0.0270000000000001,-0.03,-0.012000323
1,0.0,0.0779999999999998,-0.04,-0.028999806
0,0.0699999999999994,-0.0489999999999999,-0.0199999999999999,-0.018999815
0,0.0,0.0060000000000002,0.0,0.009999753
0,0.0300000000000002,-0.0010000000000003,0.0599999999999999,0.022000074
0,0.0899999999999998,0.0580000000000002,0.01,0.010999917
0,-0.04,0.0589999999999997,0.05,-0.010999917
1,-0.0999999999999996,0.06,0.0499999999999999,0.041999817
1,-0.0200000000000004,-0.092,0.0,-0.01300001
1,-0.1599999999999992,0.0010000000000003,0.03,-0.0029997839999999
1,-0.1500000000000003,-0.1020000000000003,0.0499999999999999,0.0030000209999999
0,0.1399999999999996,0.012,-0.07,0.015999793
0,-0.0099999999999997,-0.0029999999999996,-0.01,-0.0219998349999999
1,0.0099999999999997,-0.0150000000000001,-0.02,0.0060000419999999
0,-0.0099999999999997,-0.0529999999999999,-0.0399999999999999,-0.023000002
1,0.0899999999999998,0.0379999999999998,0.01,-0.007000208
1,0.0100000000000006,0.0209999999999999,-0.02,0.009000063
1,0.04,0.0150000000000001,-0.02,-0.010999918
0,0.0499999999999998,0.028,0.0,0.016000032
1,-0.0600000000000005,-0.0180000000000002,0.01,-0.008000135
1,0.1100000000000003,-0.0399999999999995,0.04,0.019000291
1,-0.0600000000000005,0.0479999999999996,0.0099999999999998,0.042999745
1,-0.0099999999999997,0.0460000000000002,0.02,-0.013000015
0,0.0600000000000005,-0.0340000000000002,0.02,0.0
0,-0.0300000000000002,0.0300000000000002,0.06,0.0360000199999999
0,0.04,0.0369999999999999,0.08,0.03100013
0,-0.1299999999999999,0.024,-0.02,-0.00900006
0,-0.0099999999999997,-0.0489999999999999,0.05,-0.01300001
1,-0.08,-0.0420000000000002,0.0099999999999999,-0.0320000649999999
0,0.0499999999999998,0.0250000000000003,-0.0699999999999999,0.0090000649999999
0,0.0599999999999996,0.0149999999999996,0.0299999999999999,-0.0030000199999999
0,0.0899999999999998,0.0110000000000001,-0.02,0.02699995
0,0.08,0.0489999999999999,-0.0499999999999999,0.01600003
0,0.04,-0.0349999999999997,0.0499999999999999,0.0130002499999999
0,-0.0099999999999997,0.0759999999999996,0.03,0.0329997499999999
1,-0.04,-0.0589999999999997,0.0,-0.0030000199999999
1,0.0700000000000002,0.0659999999999998,0.01,-0.0069999699999999
0,0.0499999999999998,0.0070000000000001,-0.0499999999999999,0.0060000499999999
1,-0.1100000000000003,-0.0310000000000001,-0.04,-0.03499985
0,0.0500000000000007,-0.012,-0.01,-0.0300002099999999
1,0.0299999999999993,0.0300000000000002,-0.0099999999999999,0.02699995
1,-0.0299999999999993,-0.0300000000000002,-0.02,-0.032999994
1,-0.1300000000000007,-0.0189999999999996,0.0499999999999999,-0.008999826
0,0.0100000000000006,-0.008,-0.01,0.0139996999999999
1,-0.0300000000000002,-0.0210000000000003,0.0,-0.0079996599999999
1,0.0300000000000002,-0.0219999999999997,0.06,-0.020999905
0,0.0,0.0489999999999999,0.0,0.028999805
0,0.08,0.0270000000000001,0.01,0.0029997799999999
0,0.08,0.0,-0.0499999999999999,0.00699997
0,-0.0700000000000002,0.0819999999999998,0.0399999999999999,-0.00599956
1,0.0199999999999995,-0.052,-0.0299999999999999,-0.022000315
0,-0.04,0.0700000000000002,0.07,-0.003999949
0,0.0200000000000004,-0.0020000000000002,-0.04,0.0060000439999999
1,-0.0200000000000004,-0.0099999999999997,0.0,-0.0060000439999999
1,0.04,-0.0170000000000003,0.0,-0.014999866
0,0.04,0.0140000000000002,0.0,-0.0030000199999999
0,0.0200000000000004,0.0409999999999999,-0.0299999999999999,0.0130000099999999
1,0.0499999999999998,-0.004,0.0,-0.0260002599999999
0,0.0300000000000002,0.0030000000000001,-0.0499999999999999,0.008000134
0,0.0299999999999993,0.04,0.1099999999999999,0.0280001159999999
0,-0.0499999999999998,-0.0540000000000002,0.0,0.02399993
0,0.0300000000000002,0.0,0.0799999999999999,0.01100016
1,0.0099999999999997,0.0150000000000001,0.0,0.0269997099999999
0,0.0499999999999998,-0.0070000000000001,0.0,-0.0169997199999999
0,-0.04,0.2239999999999997,0.16,0.09699988
1,-0.0299999999999993,-0.0269999999999992,0.0199999999999999,-0.0019998499999999
0,0.0499999999999998,-0.0660000000000007,0.01,-0.01600028
1,-0.1299999999999999,-0.0179999999999997,0.0099999999999999,-0.0030000199999999
1,-0.0099999999999997,-0.044,-0.0699999999999999,-0.03299975
0,0.0899999999999998,-0.0209999999999999,0.03,-0.0200002199999999
0,-0.0200000000000004,0.0249999999999999,-0.05,0.04300022
1,0.0700000000000002,0.016,0.01,0.0059998099999999
1,0.1399999999999996,0.0180000000000002,-0.0199999999999999,0.0150000999999999
0,0.0200000000000004,0.0399999999999995,0.06,0.0229999999999999
0,-0.0200000000000004,0.0390000000000005,0.09,0.03599978
0,-0.08,-0.0369999999999999,0.03,0.0020003299999999
1,-0.04,0.0219999999999993,-0.03,0.0250000899999999
0,0.0200000000000004,-0.0510000000000001,-0.05,-0.0540003699999999
0,0.0700000000000002,0.0340000000000006,0.05,-0.02199984
1,-0.0900000000000007,0.0659999999999998,0.0,0.0450000699999999
1,-0.0499999999999998,-0.0309999999999996,0.03,-0.0809998399999999
0,0.0300000000000002,0.016,0.01,0.01599931
1,0.0300000000000002,-0.0040000000000004,-0.03,0.0170001999999999
1,-0.1400000000000005,-0.0140000000000002,0.03,-0.02299976
1,0.0200000000000004,-0.0919999999999996,-0.12,-0.02799988
1,-0.1600000000000001,-0.0300000000000002,0.06,-0.0329999899999999
0,0.0999999999999996,-0.072,0.0,0.0229999999999999
0,-0.08,0.0100000000000002,-0.0099999999999999,-0.0110003999999999
1,0.0100000000000006,-0.0190000000000001,-0.1,-0.01399994
0,0.1199999999999992,-0.0209999999999999,0.01,-0.0559997499999999
0,0.0300000000000002,0.0150000000000001,-0.04,0.0090000599999999
1,0.0,0.0149999999999996,0.0199999999999999,0.0209999099999999
1,-0.2400000000000002,-0.0199999999999995,0.05,-0.0050001099999999
1,0.1200000000000001,-0.1129999999999999,-0.03,-0.05199981
0,-0.0899999999999998,-0.0430000000000001,0.0099999999999999,0.02699995
1,0.0499999999999998,-0.02,-0.06,0.0169999599999999
1,-0.0199999999999995,-0.0140000000000002,0.0,-0.0269999499999999
1,-0.0200000000000004,-0.0229999999999996,0.01,-0.0060000399999999
1,0.0200000000000004,0.0219999999999997,-0.01,0.0140001749999999
0,0.0,-0.0219999999999997,0.0,-0.0280003549999999
0,0.0499999999999998,0.0329999999999999,0.0,0.0340001599999999
1,-0.0700000000000002,0.012,-0.0099999999999999,-0.0239999299999999
0,-0.1099999999999994,-0.0409999999999999,0.06,0.0
1,-0.0899999999999998,-0.0940000000000003,0.0199999999999999,0.0090000599999999
0,0.08,0.0290000000000003,0.02,0.02899981
1,-0.1700000000000008,0.004,0.02,-0.00399995
0,0.0900000000000007,-0.056,-0.03,-0.0169999599999999
1,-0.0700000000000002,-0.0470000000000001,-0.03,0.0
0,0.0,-0.0209999999999999,-0.06,-0.0250000999999999
1,-0.0200000000000004,0.048,0.0399999999999999,-0.00499987
1,0.1400000000000005,-0.0500000000000002,-0.0499999999999999,0.007999894
1,-0.0300000000000002,0.0190000000000001,0.03,0.0130000119999999
0,0.0,-0.0339999999999998,-0.03,-0.0050001159999999
1,-0.2400000000000002,0.0189999999999996,0.0799999999999999,-0.0209996699999999
1,-0.0899999999999998,-0.2069999999999998,-0.03,0.01399994
1,0.04,0.0230000000000001,-0.0499999999999999,0.0030000199999999
1,0.0200000000000004,-0.004,0.0199999999999999,-0.0180001249999999
1,0.0,0.0189999999999996,-0.0199999999999999,-0.02699995
0,-0.0900000000000007,-0.0639999999999996,0.0199999999999999,0.0159997949999999
0,0.0,0.004,0.03,0.01300001
1,-0.0199999999999995,-0.0020000000000002,0.03,0.0060002799999999
1,0.0099999999999997,-0.0129999999999999,-0.0199999999999999,-0.0170001979999999
1,-0.0799999999999996,-0.0009999999999998,-0.0199999999999999,-0.009999992
1,0.0499999999999993,-0.0660000000000002,0.0,-0.010999916
0,0.0700000000000002,0.0860000000000003,0.0399999999999999,0.0369999409999999
0,-0.0199999999999995,0.0379999999999998,-0.0199999999999999,-0.0060000419999999
0,0.0699999999999994,-0.0510000000000001,0.01,0.001000167
0,0.0300000000000002,0.056,0.03,0.0
0,-0.0599999999999996,0.0140000000000002,0.0199999999999999,-0.01399994
0,-0.0200000000000004,-0.0420000000000002,0.03,0.02099967
0,0.0099999999999997,0.0140000000000002,0.01,0.0090000599999999
0,-0.08,-0.0420000000000002,0.0199999999999999,0.00300002
1,-0.0999999999999996,-0.0229999999999996,0.08,0.0220000799999999
0,0.0,-0.0130000000000003,0.0,0.0
0,0.0999999999999996,0.044,0.01,-0.0149998699999999
1,0.1000000000000005,0.0420000000000002,-0.07,0.0049998799999999
1,0.0099999999999997,0.008,0.03,0.00300002
0,0.0499999999999998,0.0219999999999997,-0.04,0.01999998
1,-0.04,-0.0289999999999999,0.0,-0.0210001499999999
0,0.0200000000000004,0.008,0.0099999999999999,-0.007999894
1,0.0300000000000002,0.0139999999999997,0.01,0.014000174
1,-0.0700000000000002,0.0130000000000003,0.03,0.0059998099999999
1,0.0300000000000002,-0.0500000000000002,-0.02,0.01699996
0,-0.0500000000000007,0.0409999999999999,-0.02,0.0090003
0,0.04,-0.036,-0.06,-0.05000019
1,-0.0899999999999998,-0.0069999999999996,0.02,0.0020000899999999
1,-0.0899999999999998,0.0059999999999997,-0.03,-0.0120000799999999
0,0.1799999999999997,-0.0189999999999996,-0.02,-0.032999996
0,0.1299999999999999,0.0639999999999996,0.0099999999999999,0.023000002
1,-0.1299999999999999,-0.02,0.05,0.027999878
1,0.0200000000000004,-0.0059999999999997,-0.02,0.0020000959999999
1,0.0599999999999996,0.0190000000000001,0.0,0.00300002
0,0.2200000000000006,0.048,-0.06,0.00500011
0,-0.0600000000000005,0.0719999999999996,0.02,-0.023
1,-0.0199999999999995,-0.02,-0.0099999999999999,-0.0050001099999999
1,0.0699999999999994,0.0,-0.01,0.0050001099999999
0,0.0,-0.008,0.0,-0.0070002099999999
0,-0.0499999999999998,0.008,0.02,0.01400018
1,0.0499999999999998,-0.0029999999999996,0.0,-0.0120000799999999
1,0.0600000000000005,-0.06,-0.05,0.00999999
0,-0.04,0.032,-0.03,0.0119998399999999
0,0.0300000000000002,-0.0340000000000002,-0.01,-0.031999824
1,0.0199999999999995,0.024,0.01,0.0039999489999999
0,-0.0599999999999996,-0.0049999999999998,0.0199999999999999,0.01699996
1,-0.0100000000000006,0.0259999999999998,-0.0099999999999999,0.0069999689999999
0,-0.04,-0.0249999999999999,0.0099999999999999,-0.0159997939999999
0,-0.0699999999999994,-0.0109999999999996,-0.0199999999999999,-0.014000177
1,0.0,-0.024,-0.0199999999999999,-0.003999949
1,-0.04,-0.004,0.0199999999999999,0.021999836
0,-0.0300000000000002,-0.0500000000000002,0.03,-0.01499963
1,0.0099999999999997,0.004,0.0,0.0039997099999999
1,0.0700000000000002,-0.0019999999999997,-0.01,-0.0049998739999999
1,0.04,-0.0220000000000002,-0.0099999999999999,0.018000124
0,0.0899999999999998,0.0220000000000002,0.0099999999999999,0.0009999299999999
1,0.0499999999999998,0.0349999999999997,-0.03,0.0209999099999999
0,0.0099999999999997,0.04,0.02,-0.0150001099999999
1,-0.0499999999999998,0.0350000000000001,0.0099999999999999,0.0020001
1,-0.0599999999999996,-0.012,0.03,-0.0090000699999999
0,0.0099999999999997,-0.0649999999999999,-0.0099999999999999,0.0250000999999999
0,-0.0599999999999996,-0.0220000000000002,0.0099999999999999,-0.0269999499999999
1,0.0299999999999993,0.0060000000000002,0.0,0.0019998499999999
0,-0.0099999999999997,0.0110000000000001,0.0,0.0160000359999999
0,-0.0199999999999995,-0.0130000000000003,-0.0199999999999999,-0.0110001559999999
1,0.04,0.0050000000000003,-0.04,-0.0009996899999999
1,0.0,0.0289999999999999,0.0,0.0069999699999999
1,0.1099999999999994,-0.0310000000000001,0.02,-0.0009999299999999
0,0.0,0.0420000000000002,0.03,0.0019998599999999
1,-0.0299999999999993,0.008,0.03,0.01899981
0,-0.0200000000000004,-0.0030000000000001,-0.03,0.00800014
1,0.08,-0.0089999999999998,0.0,-0.0149998699999999
0,0.0599999999999996,0.0539999999999998,-0.03,0.0009999299999999
1,-0.08,0.008,0.0199999999999999,0.0069999699999999
0,0.25,0.0750000000000001,-0.0499999999999999,0.00699997
0,-0.0699999999999994,-0.0630000000000001,0.0099999999999999,0.0160000299999999
0,0.08,0.0369999999999999,0.05,-0.0139999399999999
0,0.0499999999999998,0.0289999999999999,-0.01,0.02799988
1,-0.0600000000000005,0.0060000000000002,-0.0199999999999999,0.0080001299999999
0,0.0600000000000005,-0.048,-0.01,-0.02200007
1,-0.0200000000000004,0.0409999999999999,0.0,-0.0199999799999999
0,0.0,0.044,0.0,0.023
1,-0.0499999999999998,-0.0230000000000001,0.04,-0.00200009
0,0.0200000000000004,0.02,0.0199999999999999,0.0
1,0.0699999999999994,0.0340000000000002,-0.0199999999999999,0.0280001099999999
1,-0.0099999999999997,-0.012,-0.02,-0.0009999299999999
1,-0.04,0.0209999999999999,0.0,-0.01100015
0,0.0700000000000002,-0.0230000000000001,-0.0099999999999999,-0.02500009
0,-0.1600000000000001,-0.02,0.0499999999999999,0.00200009
1,-0.08,-0.0089999999999998,0.0,-0.0149998699999999
1,-0.0300000000000002,-0.052,0.0,-0.02600002
0,0.0300000000000002,-0.0089999999999998,-0.0199999999999999,0.0030000199999999
1,-0.0300000000000002,0.0139999999999997,0.0,0.011999846
0,0.0500000000000007,-0.0129999999999999,0.0,-0.004999876
1,0.0099999999999997,0.012,-0.03,0.0039999499999999
1,-0.04,0.0020000000000002,0.0099999999999999,-0.00999999
0,-0.04,-0.0790000000000001,-0.03,-0.0090000649999999
1,0.0199999999999995,0.004,0.02,-0.007999895
0,0.0200000000000004,0.0329999999999999,0.0,0.00999999
0,-0.0099999999999997,-0.0009999999999998,-0.02,-0.0050001199999999
0,0.0299999999999993,-0.0020000000000002,-0.0099999999999999,-0.010999914
0,0.0700000000000002,-0.0069999999999996,-0.03,0.0009999239999999
1,0.0,0.0209999999999999,-0.01,0.0220000799999999
0,0.0,-0.0100000000000002,0.0,-0.0070002099999999
0,0.04,-0.0189999999999996,0.04,0.0020000899999999
0,0.04,0.0309999999999996,0.03,0.02400017
1,-0.0499999999999998,0.0150000000000001,-0.01,0.012999774
1,-0.0499999999999998,0.012,0.01,0.0020003359999999
0,-0.0700000000000002,-0.0179999999999997,-0.03,-0.0280001199999999
1,-0.0700000000000002,-0.044,-0.01,-0.01800013
1,-0.0499999999999998,-0.0449999999999999,0.01,0.0050001199999999
0,0.1500000000000003,-0.0370000000000003,-0.01,-0.00800014
1,-0.0300000000000002,0.0450000000000003,0.07,0.00300026
1,-0.0499999999999998,-0.012,-0.03,0.00399971
1,-0.0899999999999998,-0.0340000000000002,0.0099999999999999,-0.00899982
1,-0.0600000000000005,-0.0299999999999998,-0.0099999999999999,-0.0069999699999999
0,-0.0099999999999997,-0.0250000000000003,-0.03,-0.018000128
1,0.0899999999999998,-0.0399999999999995,-0.01,0.0210001479999999
1,-0.0700000000000002,0.0019999999999997,0.01,-0.0060000399999999
1,0.0,-0.052,0.0,0.003999946
0,0.0200000000000004,0.0340000000000002,0.0099999999999999,0.003999948
0,0.0,-0.02,0.0,0.0060000419999999
1,0.0099999999999997,0.0179999999999997,-0.0099999999999999,-0.009000066
1,-0.0099999999999997,0.0070000000000001,-0.01,0.0
0,0.08,0.0139999999999997,0.01,-0.0069997299999999
1,-0.04,0.0050000000000003,0.0099999999999999,0.0169997199999999
1,0.0299999999999993,-0.0380000000000002,0.04,0.00400019
0,0.0600000000000005,0.028,0.06,0.0179998899999999
1,-0.04,-0.0409999999999999,-0.0099999999999999,0.018000124
1,-0.0599999999999996,-0.0089999999999998,-0.0099999999999999,-0.0060002839999999
1,0.0,-0.032,0.0,-0.00799989
0,-0.0900000000000007,-0.0129999999999999,0.0099999999999999,0.0060000399999999
1,0.0100000000000006,0.004,-0.0099999999999999,-0.0190000549999999
1,-0.0300000000000002,-0.0050000000000003,0.0499999999999999,-0.016000035
1,0.0099999999999997,0.0060000000000002,-0.03,0.00100017
0,-0.1200000000000001,0.0429999999999997,0.04,-0.00700021
1,-0.04,-0.0619999999999998,0.0199999999999999,0.0050001149999999
1,0.0100000000000006,-0.0249999999999999,0.04,0.025000095
0,-0.0200000000000004,-0.0409999999999999,-0.04,0.0009999299999999
0,-0.0199999999999995,0.0149999999999996,0.01,-0.0130000099999999
0,0.0499999999999998,0.008,-0.01,-0.0090000699999999
0,0.04,0.016,0.01,0.0020001
1,0.0099999999999997,-0.0029999999999996,0.0,-0.00800014
0,-0.0300000000000002,0.0129999999999999,0.0199999999999999,0.0130000099999999
0,-0.0199999999999995,-0.0380000000000002,0.05,-0.0019998499999999
1,0.0199999999999995,-0.0219999999999997,-0.03,0.01900005
1,-0.0599999999999996,0.0,-0.01,-0.01999998
0,-0.0099999999999997,-0.0459999999999998,-0.02,-0.01600003
1,-0.0300000000000002,0.016,0.01,-0.009999992
1,-0.0600000000000005,0.0099999999999997,0.0,0.001999855
0,-0.1399999999999996,-0.028,0.04,-0.0260000229999999
0,-0.2599999999999998,-0.0369999999999999,0.07,0.0030002599999999
1,0.0099999999999997,-0.133,-0.03,0.03499985
1,0.0499999999999998,0.129,0.07,-0.013999942
0,0.0500000000000002,-0.0060000000000002,0.0099999999999999,0.013999942
1,0.0499999999999998,-0.0179999999999997,-0.0199999999999999,0.0139999359999999
1,0.0,0.0299999999999998,-0.05,-0.014999866
1,-0.04,0.0050000000000003,0.0,-0.0170001999999999
1,-0.0699999999999998,-0.028,0.02,0.0020000939999999
1,0.0099999999999997,-0.0300000000000002,-0.03,0.000999926
0,0.1100000000000003,0.04,-0.05,-0.011999844
1,-0.0100000000000002,-0.0009999999999998,-0.02,0.0129997739999999
1,-0.06,0.0169999999999999,0.02,-0.0029997829999999
1,-0.0599999999999996,-0.004,0.03,0.001999853
0,0.0799999999999996,-0.0329999999999999,-0.01,0.016000034
0,-0.0899999999999998,0.0129999999999999,0.04,0.0120000859999999
0,0.0100000000000002,-0.0299999999999998,0.0,-0.0010001699999999
1,-0.02,0.0499999999999998,0.03,0.04900003
0,0.0,-0.0209999999999999,0.0099999999999999,0.0020000899999999
1,0.0399999999999995,0.02,-0.0099999999999999,0.00100017
1,0.0300000000000002,0.0139999999999997,0.0099999999999999,-0.00100017
0,0.0,0.036,0.0,-0.0030000199999999
0,-0.06,-0.008,-0.0099999999999999,0.0069999699999999
0,-0.1,-0.0499999999999998,0.03,-0.0179998899999999
0,-0.02,-0.0260000000000002,-0.02,0.00399995
0,-0.0699999999999998,-0.024,0.06,-0.01600003
0,0.0,0.016,-0.0199999999999999,0.0260000199999999
0,-0.1200000000000001,-0.02,0.07,-0.0020000899999999
1,0.0300000000000002,-0.0569999999999999,-0.03,-0.0099997549999999
1,0.02,0.0460000000000002,0.0099999999999999,-0.019000055
1,-0.0500000000000002,-0.044,0.03,0.0019998599999999
1,0.0500000000000002,0.0209999999999999,0.02,0.03000021
1,-0.0100000000000002,-0.0049999999999998,0.01,0.01499986
1,0.0100000000000002,0.0259999999999998,0.01,0.0069999699999999
0,-0.0300000000000002,-0.0099999999999997,0.0199999999999999,0.0139999399999999
1,0.0500000000000002,-0.0420000000000002,0.0,0.01300001
0,0.0499999999999998,-0.0049999999999998,-0.0499999999999999,0.00900006
0,-0.0499999999999998,0.0190000000000001,0.01,-0.01999998
0,0.0899999999999998,-0.0150000000000001,-0.03,0.0069999799999999
1,-0.04,-0.0310000000000001,0.0199999999999999,-0.02900005
1,0.2999999999999998,0.044,-0.1099999999999999,0.02000022
0,0.0500000000000002,0.1360000000000001,0.0,-0.03100014
1,-0.0300000000000002,-0.028,0.0399999999999999,0.00399995
0,0.02,0.0300000000000002,0.03,-0.01899981
1,-0.0299999999999998,-0.0150000000000001,0.02,0.01199984
1,0.0,-0.0089999999999998,0.0,0.0109999199999999
0,0.0099999999999997,-0.032,-0.06,-0.00499988
0,-0.02,-0.0260000000000002,0.0099999999999999,-0.0160002699999999
0,0.0500000000000002,0.0169999999999999,0.02,0.00300026
1,-0.0300000000000002,0.0110000000000001,0.0199999999999999,0.0329999899999999
0,0.0900000000000003,-0.0059999999999997,0.0199999999999999,-0.0120000799999999
1,0.0299999999999998,0.0409999999999999,-0.0199999999999999,0.03500009
0,0.0500000000000002,-0.0070000000000001,-0.01,0.0049998699999999
1,-0.0100000000000006,-0.0449999999999999,-0.0199999999999999,-0.00900006
1,0.0300000000000002,-0.0089999999999998,0.01,-0.0109999199999999
1,0.04,0.0499999999999998,-0.01,0.0130002499999999
0,-0.0099999999999997,0.004,0.01,-0.0030002599999999
0,0.0599999999999996,0.0009999999999998,-0.05,-0.01399994
0,-0.0199999999999995,-0.0009999999999998,0.01,-0.0040001799999999
1,0.0599999999999996,0.0030000000000001,0.03,-0.0129997799999999
0,-0.08,-0.004,0.0199999999999999,0.0099999899999999
0,0.0100000000000006,-0.0169999999999999,-0.06,-0.00600004
1,0.0899999999999998,0.0419999999999998,0.07,0.01900005
0,-0.0700000000000002,-0.0379999999999998,-0.04,0.0020001
0,0.0499999999999998,-0.0330000000000003,-0.06,-0.01600003
0,0.0,0.012,0.0,-0.02300001
0,0.1100000000000003,-0.0009999999999998,0.02,-0.0230002399999999
1,-0.04,0.0390000000000001,0.0499999999999999,0.0140001799999999
0,0.0499999999999998,-0.0100000000000002,-0.06,0.01699996
1,-0.0300000000000002,0.012,0.03,-0.0019998499999999
1,-0.0199999999999995,-0.0259999999999998,0.01,0.0049998699999999
1,-0.0099999999999997,-0.0260000000000002,-0.02,-0.0009999299999999
0,0.0199999999999995,-0.0159999999999995,0.0,-0.00300002
1,0.04,-0.044,-0.0199999999999999,0.00499988
1,0.0200000000000004,-0.0130000000000003,-0.04,0.01100016
0,-0.1100000000000003,-0.0429999999999997,-0.03,-0.01300002
0,0.0,0.0,0.03,-0.01699996
1,-0.04,-0.032,-0.0099999999999999,0.0090000699999999
0,0.0,-0.1030000000000002,0.0,0.0109999199999999
0,-0.0700000000000002,-0.0309999999999996,0.0,-0.0060002899999999
1,0.0100000000000006,-0.04,0.0,-0.0139997
0,0.0199999999999995,0.0179999999999997,0.02,-0.00200009
0,-0.04,0.0409999999999999,0.0,0.01100016
0,0.0099999999999997,-0.0229999999999996,-0.03,-0.00400019
0,-0.0499999999999998,0.0169999999999999,0.03,-0.0109999199999999
1,0.04,-0.0409999999999999,0.0099999999999999,-0.02600002
1,-0.0099999999999997,-0.0550000000000001,0.03,0.0229999999999999
1,0.0099999999999997,0.012,0.03,0.03499985
1,0.0499999999999998,0.0129999999999999,0.0099999999999999,-0.0049998799999999
0,0.0700000000000002,-0.008,0.01,-0.01599979
0,0.0099999999999997,0.012,-0.0199999999999999,0.0329997499999999
1,0.0,0.068,0.0099999999999999,0.00099993
0,0.1299999999999999,-0.0849999999999999,-0.03,0.03299999
0,0.0,0.0670000000000001,0.07,0.0090000699999999
1,-0.0299999999999993,0.0259999999999998,-0.0199999999999999,0.0329999899999999
0,0.04,-0.0129999999999999,0.03,-0.0159997999999999
0,0.0,0.0099999999999997,0.0,0.0219998399999999
0,-0.0100000000000006,0.0220000000000002,0.0,0.0060000399999999
0,0.0100000000000006,-0.0140000000000002,0.03,-0.0140001799999999
0,-0.0700000000000002,-0.0369999999999999,0.0,0.0160002799999999
1,0.0,-0.0899999999999998,0.02,-0.0160000399999999
1,0.0300000000000002,-0.0249999999999999,0.0,0.0299997399999999
1,-0.0200000000000004,0.0419999999999998,0.0399999999999999,0.02100014
1,0.0300000000000002,-0.016,0.02,-0.00699998
1,-0.0200000000000004,-0.0030000000000001,0.0199999999999999,0.0049999
0,0.0,-0.0049999999999998,0.01,-0.0129997799999999
0,0.1500000000000003,0.0609999999999999,-0.06,-0.00200034
1,0.0300000000000002,0.1030000000000002,-0.01,-0.0689997599999999
0,-0.0300000000000002,-0.0180000000000002,0.02,-0.01199985
1,-0.1200000000000001,0.0289999999999999,0.0,-0.0100002299999999
0,-0.0499999999999998,-0.0489999999999999,0.0,-0.0089998199999999
0,0.04,-0.0379999999999998,-0.0399999999999999,0.0489997799999999
0,0.0,0.0350000000000001,0.0,0.0200002199999999
1,0.0,-0.044,-0.04,-0.0060000399999999
0,0.0099999999999997,-0.0020000000000002,0.02,0.0109999199999999
1,0.0099999999999997,0.0009999999999998,0.0399999999999999,0.0089998199999999
0,-0.0199999999999995,-0.008,0.0,0.03000021
0,-0.0600000000000005,0.0030000000000001,0.01,-0.00300003
1,0.0100000000000006,-0.0009999999999998,-0.0499999999999999,-0.0229999999999999
1,-0.0300000000000002,0.012,0.01,-0.003
1,-0.0599999999999996,-0.0060000000000002,-0.03,-0.0199999899999999
0,0.04,0.004,-0.0199999999999999,-0.02600002
0,0.0799999999999991,0.0529999999999999,-0.04,-0.01300001
1,-0.0099999999999997,0.0030000000000001,0.03,-0.0090000699999999
1,-0.0199999999999995,-0.0049999999999998,0.05,0.02400017
1,0.0899999999999998,0.0179999999999997,-0.01,0.0119998499999999
1,-0.0600000000000005,-0.02,-0.04,0.01300001
1,-0.0499999999999998,-0.0199999999999995,0.0,-0.0060000399999999
1,0.0,0.012,0.0,0.0110001499999999
1,0.0700000000000002,0.0179999999999997,0.01,-0.00900006
0,-0.0300000000000002,-0.0110000000000001,0.01,0.0059998
1,-0.0300000000000002,-0.0019999999999997,0.0,0.01700021
0,-0.0799999999999991,-0.0100000000000002,0.0,-0.02200008
0,-0.0200000000000004,-0.008,0.0,-0.02299977
1,-0.0899999999999998,-0.0139999999999997,-0.01,-0.01400017
0,-0.04,-0.0049999999999998,-0.01,-0.0399999699999999
0,0.0099999999999997,0.0009999999999998,0.03,0.00099993
0,-0.0599999999999996,-0.0260000000000002,0.01,-0.02199984
1,-0.0500000000000002,-0.0249999999999999,0.03,0.02200008
1,0.0699999999999998,0.024,-0.01,0.04599976
0,-0.0299999999999998,0.0289999999999999,0.0399999999999999,0.0039999599999999
1,0.0299999999999998,-0.0289999999999999,0.0,-0.0039999599999999
0,-0.0999999999999996,0.0310000000000001,0.0,-0.00299978
1,0.0099999999999997,-0.036,0.0499999999999999,-0.0050001099999999
0,0.06,-0.0100000000000002,-0.0199999999999999,0.0130000099999999
0,-0.0499999999999998,0.02,0.0,-0.0130000099999999
1,0.0699999999999998,0.0260000000000002,-0.03,0.0169999599999999
1,0.0300000000000002,0.0049999999999998,-0.0299999999999999,-0.01300001
1,-0.0200000000000004,-0.0030000000000001,0.0,-0.0139999399999999
1,-0.0599999999999996,0.0230000000000001,0.0199999999999999,0.0
1,-0.02,-0.0230000000000001,0.01,0.00399994
0,-0.0100000000000002,-0.0009999999999998,0.02,0.01400018
0,0.0899999999999998,0.0070000000000001,0.0,0.0039997199999999
1,-0.0299999999999998,0.008,0.0,-0.00299979
0,0.0299999999999998,0.0059999999999997,0.01,0.01199985
0,-0.0099999999999997,0.004,0.0399999999999999,-0.0049998799999999
0,-0.0899999999999998,0.0070000000000001,-0.02,-0.00300002
1,-0.02,-0.06,-0.0199999999999999,-0.0110001599999999
0,-0.04,0.012,-0.02,0.00399995
0,0.04,0.0030000000000001,-0.01,-0.023
0,-0.2099999999999999,-0.0550000000000001,0.07,0.02600002
0,-0.02,-0.068,-0.03,0.02200008
1,0.06,-0.056,0.08,0.0120000799999999
0,-0.0100000000000002,0.008,0.12,0.02999997
1,0.2000000000000001,0.0210000000000003,-0.12,0.0250000999999999
0,-0.06,0.0029999999999996,0.12,-0.0330002299999999
1,0.1299999999999999,-0.0259999999999998,-0.05,0.0200002299999999
1,-0.1099999999999998,-0.0030000000000001,0.01,-0.0020001
0,-0.02,-0.0089999999999998,-0.01,-0.0179998999999999
1,-0.08,-0.048,0.02,0.0129997799999999
1,0.0499999999999998,0.0339999999999998,0.0,-0.0179998799999999
1,0.0,-0.0229999999999996,0.0,-0.0020001
0,-0.0499999999999998,-0.0310000000000001,0.13,0.013
1,0.0499999999999998,-0.0009999999999998,-0.06,0.02000023
0,0.0500000000000002,0.0070000000000001,-0.0599999999999999,-0.02999997
1,-0.0700000000000002,0.004,-0.01,0.02099967
1,-0.04,-0.036,0.01,-0.0109999299999999
1,-0.0899999999999998,0.0109999999999996,0.03,0.0010001699999999
0,-0.02,-0.0059999999999997,-0.02,0.02099991
1,-0.0699999999999998,-0.0430000000000001,0.0499999999999999,0.0030000199999999
1,0.2399999999999997,0.0150000000000001,-0.0799999999999999,0.01499987
1,-0.0999999999999996,-0.0289999999999999,0.03,0.0390000299999999
0,0.1299999999999999,0.028,-0.02,-0.0089998199999999
1,0.0,0.0499999999999998,0.0,-0.0020000799999999
1,0.1200000000000001,-0.0009999999999998,-0.04,0.01600002
1,0.0299999999999998,0.04,0.01,-0.00300002
0,0.0499999999999998,-0.0190000000000001,-0.01,0.01499986
1,-0.0999999999999996,0.0110000000000001,0.02,-0.00199986
0,0.0,-0.0430000000000001,-0.02,-0.0079999
0,0.0,0.0470000000000001,0.03,0.0239999399999999
1,0.0,-0.036,0.02,0.0020001
0,0.0499999999999998,0.0150000000000001,0.0499999999999999,0.03199982
0,-0.0099999999999997,-0.0090000000000003,-0.0299999999999999,0.00400019
1,-0.0300000000000002,0.0020000000000002,0.0,0.0089998199999999
0,0.0,0.0099999999999997,0.0,-0.00999999
1,-0.0299999999999998,-0.008,-0.05,-0.0489997799999999
1,0.02,-0.0259999999999998,0.02,0.023
0,-0.04,0.0270000000000001,0.0,0.0269996999999999
1,-0.04,0.0059999999999997,0.02,0.02000023
1,0.04,-0.0070000000000001,0.01,0.0139999399999999
1,-0.0700000000000002,0.0740000000000002,-0.02,0.02699995
1,0.06,-0.0020000000000002,-0.03,-0.00099992
1,0.0900000000000003,-0.0070000000000001,0.0,-0.0169999699999999
1,-0.04,-0.02,0.02,-0.01600003
1,-0.06,0.0340000000000002,0.0,-0.02800012
0,-0.04,0.0099999999999997,-0.01,-0.0199999799999999
1,0.0499999999999998,0.0330000000000003,0.0,-0.0409999
1,0.0300000000000002,0.0209999999999999,0.02,0.0239999399999999
1,-0.0300000000000002,-0.0350000000000001,-0.04,0.03900004
1,-0.0099999999999997,0.024,0.0,-0.0160000399999999
1,0.0,0.0030000000000001,0.0,-0.00499987
0,-0.0300000000000002,-0.012,0.03,0.00499987
1,-0.06,0.0350000000000001,0.02,-0.02900004
1,-0.0499999999999998,-0.0370000000000003,0.01,-0.013
0,-0.0099999999999997,-0.0009999999999998,0.0,-0.0020001
0,-0.06,-0.0059999999999997,0.0299999999999999,-0.0259997999999999
1,0.04,-0.0010000000000003,-0.01,-0.00200008
1,-0.04,-0.0009999999999998,-0.0099999999999998,0.02100014
0,0.0699999999999998,0.0020000000000002,-0.05,-0.02300024
1,0.02,0.0289999999999999,0.02,0.0190000599999999
0,0.0699999999999998,-0.0340000000000002,-0.02,0.01600002
1,0.0,0.0180000000000002,0.0,-0.0039999399999999
1,0.0100000000000002,0.0150000000000001,0.04,-0.00300026
1,0.0099999999999997,-0.0050000000000003,0.01,0.0120001
1,-0.06,0.0010000000000003,-0.02,0.00600027
0,0.02,-0.0450000000000003,-0.01,0.0049996299999999
1,0.04,0.0150000000000001,0.0399999999999999,-0.0059998
1,0.0,0.0260000000000002,0.0,0.03699994
0,0.0700000000000002,-0.0110000000000001,0.0,0.00200009
1,-0.0700000000000002,-0.004,0.03,0.0039999499999999
0,0.0300000000000002,0.02,-0.02,0.0079999
1,-0.0500000000000002,-0.0049999999999998,0.02,-0.0269999499999999
0,-0.0299999999999998,-0.0180000000000002,-0.03,0.0
1,-0.04,0.0070000000000001,0.01,-0.023
1,0.0699999999999998,-0.0049999999999998,-0.0199999999999999,-0.0039999499999999
1,0.0300000000000002,0.0089999999999998,0.0,0.00999999
1,-0.0100000000000002,0.0179999999999997,-0.02,-0.01199985
1,0.0100000000000002,-0.0209999999999999,0.01,-0.0050001199999999
1,-0.0500000000000002,-0.004,-0.03,-0.00200008
0,0.0700000000000002,-0.0059999999999997,-0.03,-0.0199999799999999
0,0.0,0.0059999999999997,-0.01,-0.01799989
1,-0.2200000000000002,0.0180000000000002,0.08,0.02900005
1,-0.0099999999999997,-0.0570000000000003,0.0,0.003
1,-0.0300000000000002,0.004,0.0299999999999999,-0.01600002
1,0.0,0.0050000000000003,0.0,0.0079999
0,0.0300000000000002,-0.0220000000000002,-0.02,0.0150001
0,0.04,0.0009999999999998,0.0,0.0030000199999999
0,0.0099999999999997,0.0110000000000001,-0.0099999999999998,-0.0060002799999999
1,-0.02,0.0110000000000001,0.0399999999999999,0.0090002999999999
1,-0.0499999999999998,-0.0140000000000002,0.0,0.0219998399999999
0,0.06,-0.0129999999999999,-0.01,-0.0090000599999999
0,0.0299999999999998,0.0220000000000002,0.02,0.0279998699999999
0,-0.0299999999999998,0.0179999999999997,-0.01,0.00300026
1,-0.0100000000000002,-0.0030000000000001,0.0,-0.00200009
1,0.06,-0.0029999999999996,-0.02,-0.00499988
1,-0.1099999999999998,0.0179999999999997,0.04,-0.0030002599999999
0,0.04,-0.0219999999999997,-0.02,0.0140001799999999
1,-0.0500000000000002,-0.012,0.03,0.01999998
1,-0.04,-0.02,0.02,-0.01499986
0,0.0100000000000002,0.0139999999999997,-0.03,-0.02399993
0,-0.02,0.0100000000000002,0.03,-0.0100002299999999
1,0.0,0.0089999999999998,0.0,0.023
1,0.0499999999999998,0.0150000000000001,0.0,0.0079999
1,-0.0499999999999998,0.0249999999999999,-0.01,0.0180003599999999
1,-0.0300000000000002,-0.0030000000000001,-0.02,-0.0270002
1,-0.0699999999999998,-0.012,0.0,-0.01600002
1,-0.0099999999999997,-0.012,-0.04,0.00500012
1,0.0099999999999997,-0.0230000000000001,0.02,-0.00699997
1,-0.0099999999999997,0.0050000000000003,-0.03,0.0099997499999999
1,0.0,-0.0100000000000002,-0.0299999999999999,-0.0099999799999999
1,0.0499999999999998,0.0110000000000001,0.0,-0.0109999299999999
1,-0.02,0.012,0.01,-0.00399995
0,-0.0299999999999998,-0.0260000000000002,0.0199999999999999,0.0089998299999999
1,0.0399999999999995,0.0010000000000003,-0.0199999999999999,-0.0179998899999999
0,0.04,-0.0150000000000001,0.01,-0.01600003
1,0.0100000000000002,0.0379999999999998,0.0199999999999999,0.02100014
1,0.0299999999999998,0.0180000000000002,-0.0199999999999999,-2.4000000004020805e-07
0,-0.02,0.0009999999999998,-0.01,-0.0209998999999999
0,0.0300000000000002,0.0289999999999999,0.01,0.0060000399999999
0,0.06,0.0390000000000001,-0.04,-0.0020001
1,0.0,0.0339999999999998,0.02,0.0240001699999999
0,-0.0300000000000002,0.0010000000000003,-0.02,-0.00500011
1,-0.02,0.0189999999999996,0.03,-0.0069999699999999
1,-0.0499999999999998,0.0140000000000002,0.01,-0.00499988
1,0.0,-0.0150000000000001,-0.02,0.0139999399999999
0,-0.04,0.0100000000000002,-0.01,-0.0050001199999999
0,0.0,-0.0370000000000003,0.0,-0.0229997599999999
1,-0.0499999999999998,-0.0209999999999999,0.03,-0.01200008
1,0.0399999999999995,-0.0129999999999999,-0.02,-0.00200009
1,-0.0899999999999998,0.0489999999999999,0.0299999999999999,0.00300003
1,0.0500000000000002,-0.0139999999999997,-0.0199999999999999,-0.00900008
1,0.0,0.0139999999999997,-0.02,-0.00699997
1,-0.0100000000000002,0.0310000000000001,-0.01,-0.01899981
0,-0.02,-0.028,0.01,-0.0070002099999999
1,0.0500000000000002,0.0329999999999999,-0.01,0.0099999899999999
1,0.0,-0.0139999999999997,0.01,0.01500011
0,0.0099999999999997,0.0289999999999999,-0.02,0.0170002
1,0.0,0.0129999999999999,-0.02,-0.0370001799999999
1,0.1,0.044,-0.01,0.0049998699999999
1,0.0099999999999997,0.0550000000000001,0.02,0.0109999199999999
1,-0.0099999999999997,-0.016,0.01,0.02700019
0,0.0099999999999997,0.0249999999999999,0.01,0.0
0,-0.02,-0.012,-0.01,0.0079999
1,0.06,0.0379999999999998,0.01,0.00500011
0,-0.0699999999999998,0.0670000000000001,0.01,0.0109999199999999
1,-0.0100000000000002,0.06,0.01,-0.03699994
1,-0.0099999999999997,-0.0289999999999999,0.0299999999999999,0.0329999799999999
1,0.0,-0.0340000000000002,0.0,0.0049999
1,-0.0100000000000002,0.092,-0.0399999999999999,-0.0109999299999999
0,0.02,0.0089999999999998,0.01,-0.02399993
1,0.04,0.012,-0.01,0.0379998599999999
0,-0.0099999999999997,-0.0299999999999998,0.0,0.01400018
0,-0.02,-0.0420000000000002,0.01,0.0089998199999999
1,0.0099999999999997,-0.0029999999999996,0.0,0.0160000399999999
0,-0.0299999999999998,0.0389999999999997,0.0,0.0050001199999999
0,-0.06,-0.036,0.02,-0.01800013
1,-0.0099999999999997,0.032,-0.01,-0.0139999299999999
1,-0.0300000000000002,-0.0019999999999997,0.0,-0.023
1,0.0100000000000002,-0.0070000000000001,-0.02,-0.0060000499999999
0,0.0,0.1179999999999998,0.0,-0.01799989
0,0.02,-0.0219999999999997,0.0,0.0150001
1,0.0599999999999996,0.0539999999999998,0.01,-0.0110001599999999
1,-0.0099999999999997,-0.0230000000000001,0.01,-0.01800012
0,-0.04,0.0190000000000001,0.01,0.0030002599999999
1,0.0499999999999998,-0.016,0.0,0.02399969
1,0.04,-0.0309999999999996,-0.01,0.0130002499999999
0,0.0,0.0399999999999995,0.0299999999999999,0.0030000199999999
0,0.0300000000000002,0.0500000000000002,-0.0199999999999999,0.00199986
0,-0.06,0.0110000000000001,0.0099999999999998,-0.09299994
1,-0.0100000000000002,0.0059999999999997,0.02,0.0009999299999999
0,0.0300000000000002,-0.008,0.02,0.03900003
0,-0.02,-0.0929999999999999,0.01,0.0090000699999999
1,-0.04,-0.0009999999999998,0.01,-0.0110001499999999
0,0.0099999999999997,-0.0030000000000001,0.0,0.0139999299999999
1,-0.0299999999999998,-0.0289999999999999,-0.01,0.0170002
1,0.0299999999999998,0.0429999999999997,0.01,-0.01300001
1,0.0300000000000002,-0.0109999999999996,-0.02,0.0279998799999999
0,0.02,-0.036,-0.01,0.0559999999999999
1,-0.02,-0.024,-0.01,-0.0099997599999999
1,-0.02,0.0190000000000001,0.01,0.00999999
0,-0.0300000000000002,-0.0190000000000001,0.01,-0.00099993
1,-0.0099999999999997,0.0129999999999999,0.03,0.0179999
1,0.0499999999999998,-0.0169999999999999,0.0,0.01799988
1,-0.02,-0.0020000000000002,0.0,0.0119998399999999
1,0.0100000000000002,0.0150000000000001,0.0,-0.01299977
1,-0.0100000000000002,-0.0379999999999998,-0.02,-0.0060000499999999
1,0.0300000000000002,-0.008,0.01,-0.00499987
1,0.0299999999999998,0.04,-0.04,0.00499987
1,0.0,0.0379999999999998,0.01,-0.03200006
1,-0.02,0.0230000000000001,0.01,-0.0030000199999999
1,-0.0099999999999997,-0.0070000000000001,-0.02,0.01300001
1,0.06,0.0939999999999998,-0.0399999999999999,-0.01899981
1,0.0499999999999998,-0.0099999999999997,0.0199999999999999,0.0049998799999999
0,0.0,0.0499999999999998,0.0,0.02699994
1,0.0100000000000002,0.0609999999999999,0.05,0.02700019
1,-0.02,-0.0529999999999999,-0.02,0.00199987
1,0.02,-0.0289999999999999,-0.02,-0.01499988
0,-0.0100000000000002,0.028,-0.01,0.0039997099999999
1,-0.0099999999999997,-0.0409999999999999,-0.0099999999999998,-0.00499988
1,-0.0100000000000002,-0.0020000000000002,0.0299999999999999,-0.0120000799999999
1,0.0100000000000002,-0.0269999999999996,0.01,0.01500011
1,-0.0300000000000002,0.0389999999999997,0.01,0.0
0,-0.0299999999999998,0.032,0.05,0.0180001199999999
1,0.04,0.0140000000000002,-0.01,-0.0180001199999999
1,0.0,0.0369999999999999,-0.01,0.02100014
0,0.0,0.0230000000000001,0.01,0.0279998799999999
0,-0.0900000000000003,-0.008,0.01,-0.0169999599999999
1,0.02,0.0289999999999999,-0.01,-0.00600004
1,-0.0099999999999997,0.0339999999999998,0.01,0.01
1,-0.06,-0.0429999999999997,0.0,-0.0299999799999999
1,0.0499999999999998,-0.024,-0.03,-0.01800012
0,-0.0599999999999996,-0.0460000000000002,-0.03,0.0250001
1,-0.06,-0.012,0.01,-0.03499986
1,0.0699999999999998,0.036,-0.03,-0.0190000399999999
1,0.0,-0.0350000000000001,0.0,-0.0130000299999999
1,-0.0499999999999998,0.0110000000000001,0.0,0.0269999499999999
1,0.02,0.004,-0.01,0.0109999199999999
1,0.02,-0.0339999999999998,-0.0099999999999998,-0.0030000199999999
0,-0.0300000000000002,-0.0620000000000002,0.0,-0.02399992
0,-0.0699999999999998,-0.0209999999999999,0.0199999999999999,-0.0029997999999999
0,0.1099999999999998,0.1390000000000002,-0.0199999999999999,0.00899983
1,0.0499999999999998,0.0429999999999997,-0.02,-0.00500011
1,0.04,-0.0339999999999998,0.0,-0.0089998199999999
0,0.0,0.0379999999999998,0.02,-0.01100016
1,-0.0099999999999997,0.193,-0.02,-0.0699999399999999
1,0.0,-0.137,0.0299999999999999,0.0269999599999999
0,0.06,-0.0299999999999998,0.0,0.00900006
0,0.1099999999999998,0.0179999999999997,-0.0499999999999999,0.0229999999999999
1,-0.0099999999999997,0.0670000000000001,0.02,-0.0150001
1,-0.0500000000000002,-0.0380000000000002,0.0,0.01700018
1,-0.0099999999999997,0.024,-0.02,-0.01200007
0,0.0799999999999996,-0.0629999999999997,-0.02,-0.0229999999999999
1,0.0300000000000002,0.068,-0.0399999999999999,0.0190000499999999
0,0.1099999999999998,0.0809999999999999,0.0299999999999999,-0.0380000999999999
1,-0.0499999999999998,0.2069999999999998,0.0,-0.06400013
1,0.08,-0.0939999999999998,-0.0299999999999999,0.05000019
0,-0.0500000000000002,0.0349999999999997,-0.01,-0.0110001599999999
0,0.1200000000000001,-0.0059999999999997,-0.03,0.01200008
0,-0.06,0.0299999999999998,0.08,0.0199999799999999
0,-0.0899999999999998,-0.04,0.0,0.0160000399999999
1,-0.04,0.0100000000000002,-0.01,-0.0220000799999999
0,0.0299999999999998,-0.1819999999999999,0.0,-0.0079999
1,-0.02,0.1069999999999997,0.0,0.0079999
1,0.06,-0.0289999999999999,-0.02,-0.02799988
1,0.0,-0.016,-0.0099999999999999,-0.0060000399999999
1,-0.06,0.0190000000000001,0.0499999999999999,0.00999999
0,-0.04,-0.1360000000000001,0.0,0.00999999
1,-0.0099999999999997,0.0230000000000001,0.01,0.0090000699999999
0,0.0299999999999998,0.0219999999999997,-0.01,0.00400017
1,-0.0099999999999997,0.0220000000000002,0.0,0.0069997399999999
1,-0.0300000000000002,-0.0430000000000001,-0.01,-0.0139999399999999
1,0.0300000000000002,-0.0110000000000001,0.0,0.0079999
0,0.0099999999999997,0.012,0.02,0.0080001399999999
1,-0.0799999999999996,0.0310000000000001,0.02,0.0109999199999999
1,0.0099999999999997,-0.0230000000000001,-0.01,-0.0060000599999999
1,0.0699999999999998,-0.0179999999999997,-0.03,-0.01499985
1,0.0100000000000002,0.0350000000000001,-0.01,0.00699997
0,0.0299999999999998,0.0929999999999999,0.01,0.0009999199999999
1,-0.04,0.0379999999999998,0.01,-0.0120000799999999
1,0.0300000000000002,-0.004,0.01,0.0069999699999999
1,0.0299999999999998,0.0369999999999999,-0.02,0.00400019
0,0.08,-0.004,-0.02,-0.01400018
1,-0.0299999999999998,0.0700000000000002,0.01,0.0100002299999999
1,0.0699999999999998,0.02,-0.02,-0.0110001699999999
1,-0.0899999999999998,-0.02,0.0,0.02
1,0.0499999999999998,-0.0490000000000003,0.0,0.0050001
1,-0.02,0.0230000000000001,-0.0099999999999999,-0.0020001
0,0.04,0.0289999999999999,0.0,0.0120000999999999
1,0.0499999999999998,0.076,-0.01,0.0300002
1,-0.0099999999999997,-0.0390000000000001,0.01,0.0269999599999999
